recipe_id,name,ingredients,cooking_steps,tags,cuisine_type,diet_type
4QdLNQeFi5io996Kyxu2PcDZ,불고기비빔밥,쇠고기(불고기용) 200g | 당근 1/3개 | 애호박 1/2개 | 양파 1/2개 | 표고버섯 4개 | 달걀 2개 | 밥 2공기 | 어린잎채소 한줌 | 참기름 약간 | 통깨 약간 | 간장 1+1/2큰술 | 맛술 1큰술 | 설탕 1/2큰술 | 다진마늘 1/2큰술 | 참기름 1/2큰술 | 후추 약간 | 고추장 2큰술 | 올리고당 1큰술 | 간장 1큰술 | 올리고당 1/2큰술,"Step 1 쇠고기는 먹기 좋게 썬 후 키친타월에 올려 핏물을 빼고, 고기양념 재료에 10분 정도 재워주세요. Step 2 당근, 애호박, 양파, 표고버섯은 채를 썰고 어린잎 채소는 물에 담가 씻은 후 물기를 제거해주세요. Step 3 달군 팬에 기름을 두르고 양파애호박당근표고버섯 순으로 약간의 소금으로 밑간해서 각각 볶고 양념한 쇠고기를 볶아주세요. Step 4 팬에 기름을 두르고 달걀을 넣어 반숙으로 달걀프라이를 만들어주세요. Step 5 볼에 밥과 볶은야채를 돌려 담고, 가운데 불고기와 새싹을 담은 후 달걀프라이를 올려주세요. Step 6 마지막에 약간의 참기름과 통깨를 뿌리고, 비빔고추장과 비빔간장재료를 곁들여주세요.","['고단백', '저칼로리', '고지방', '고염']",한식,일반
7stay6Jq3Lqs8AyuRbqELSSi,ABC주스,사과 1개  비트 13개100g  당근 1개,"Step 1 깨끗이 씻은 사과는 씨를 제거해주고, 껍질을 벗긴 비트와, 당근은 23등분으로 썰어주세요. Step 2 휴롬 착즙기에 사과, 당근, 비트를 넣고 착즙해 주세요. Step 3 완성된 주스는 유리병이나 컵에 담아 맛있게 즐겨주세요. tip. 냉장 보관시 3일내로 드시는것이 좋아요",['일반'],다이어트,다이어트
hmfJKReVtx31f3YMBoHfsQVS,꼬막전,자숙 꼬막살 1컵 (150g) | 부추 반 줌 | 청양고추 2개 | 홍고추 ½개 | 양파 ⅙개 | 맛술 ½큰술 | 참기름 ½작은술 | 후춧가루 약간 | 식용류 적당량 | 부침가루 2큰술 | 달걀 2개 | 간장 1큰술 | 식초 1작은술 | 송송 썬 청양고추 (생략 가능) 약간,"Step 1 자숙 꼬막살은 약간의 소금을 넣은 물에 흔들어 씻은 후 체에 받쳐 물기를 빼고 맛술과 참기름, 후춧가루를 뿌려 10분정도 재워주세요. Step 2 부추는 먹기좋게 자르고 양파는 2센치 길이로 곱게 채를 썰어주세요. 홍고추와 청양고추 1개는 잘게 썰어주세요. 청양고추 1개는 송송 썰어 전간장에 넣어주세요. Step 3 볼에 꼬막살과 손질한 야채, 반죽재료를 넣고 잘 섞어주세요. tip 노릇한 전을 만드시려면 노른자 한개를 추가로 넣어 만드셔도 돼요. Step 4 달군 팬에 약간의 기름을 두르고 반죽을 수저로 떠서 동그랗게 모양을 잡고 앞 뒤로 노릇하게 익혀주세요. Step 5 꼬막전에 전간장을 곁들여주세요.","['저칼로리', '고지방', '고염']",한식,일반
4GQHBmyRPbDTaRFn1ATvDoBe,닭고기 마늘쫑 볶음밥,밥 2공기  달걀 2개  대파 대  당근 개50g  식용유 3큰술  치킨파우더 작은술  소금 작은술  후춧가루 약간  참기름 작은술  다진 닭고기 100g  마늘쫑 5줄기80g  식용유 1큰술  물 2작은술  굴소스 2작은술  설탕 2작은술  노두유 2작은술,"Step 1 달걀은 흰자와 노른자를 잘 섞고 대파, 당근, 닭고기는 다지고 마늘쫑은 잘게 썰어 준비해 주세요. Step 2 분량의 재료를 골고루 섞어서 소스를 만들어 주세요. Step 3 달궈 놓은 팬에 식용유를 넣고 달걀물을 부어 스크램블을 만들어 주세요. Step 4 순서 3에 흰 밥과 다진 대파, 당근을 넣고 볶다가 치킨파우더, 소금, 후춧가루를 넣어 간을 하여 잘 볶아 볶음밥을 완성해 주세요. Step 5 팬에 식용유를 두르고 다진 닭고기를 볶아 익힌 후 마늘쫑을 함께 넣고 볶아 주세요. Step 6 완성 순서 5에 순서 2의 소스를 넣어 소스가 스며들 때 까지 잘 볶아주고, 순서 4의 볶음밥 위에 얹어 내면 완성이예요. Tip. 중식 기본 볶음밥카테고리 내 레시피 참조 위에 취향에 맞게 재료를 넣고 볶으면 새로운 볶음밥이 탄생한답니다. 돼지고기, 소고기, 해물 등을 더하면 더욱 고급스러운 요리가 될거예요 돼지고기","['고단백', '고염']",중식,일반
bMDWVWLP6xdWHvt8MwvnmifJ,회과육춘장삼겹살볶음,돼지고기 통삼겹살 200g  생강 약간  대파 1대  월계수잎 1장  통후추 5알  홍고추 1개  청양고추 3개  죽순 15g  양파 개  양상추 통  마늘 2개  마른 고추 2개  고추기름 1큰술  간장 1작은술  청주 1큰술  춘장 2큰술  설탕 1큰술  굴소스 1작은술  해선장 1작은술  백후춧가루 약간  닭 육수 컵,"Step 1 삼겹살은 편 썰고, 홍고추와 청양고추는 씨를 제거해서 어슷 썬 뒤, 죽순, 양파, 마늘, 대파는 편 썰어 준비해 주세요. 양상추는 먹기 좋은 크기로 잘라주세요. Step 2 물에 삼겹살, 생강, 대파, 월계수잎, 통후추를 넣고 10분간 삶아주세요. Step 3 분량의 재료를 골고루 섞어서 소스를 만들어 주세요. Step 4 팬에 고추기름, 마른 고추, 대파, 마늘, 간장, 청주를 넣고 향을 낸 후 홍고추, 청양고추, 죽순, 양파를 넣고 볶아주세요. Step 5 완성 순서 4에 삼겹살과 순서 3의 소스를 넣고 볶아주세요. 충분히 볶은 후 마지막에 양상추를 넣고 볶아내면 완성이랍니다. Tip. 소스를 넣고 볶을 때 춘장이 잘 풀어지도록 약불에서 서서히 볶아주는게 좋아요","['고지방', '고염']",중식,일반
W5qR2FNGXJgVrNUU46S43BH5,샥슈카에그인헬,소시지 2개  베이컨 3줄  양파 12개  파프리카빨강 13개  달걀 3개  다진마늘 1큰술  모차렐라치즈 12컵  올리브유 약간  소금 약간  후춧가루 약간  파슬리 약간  아라비아타 토마토 소스 2컵  물 12컵,"Step 1 양파와 파프리카는 사방 22센치 크기로 썰어주세요. Step 2 소시지는 한 입 크기로 어슷하게 썰고, 베이컨도 먹기 좋은 크기로 썰어주세요. Step 3 달군 팬에 오일을 두르고 다진마늘을 볶다가 양파, 파프리카, 소시지, 베이컨을 넣어 볶아주세요. Step 4 토마토소스 재료를 넣고 34분 끓여주세요. 소금, 후춧가루를 넣어 간을 맞춰주세요. Step 5 모차렐라 치즈를 뿌린 후, 소스에 작은 틈을 내어 달걀을 깨서 넣어주세요. 약불에서 10분 정도 달걀이 반숙상태가 되도록 익혀주세요. 달걀을 완숙으로 드시고 싶으신 분은 뚜껑을 덮어 익혀주세요. Step 6 마지막에 파슬리를 뿌려 즐겨주세요. 바게트를 곁들여 함께 드셔도 좋아요.","['고단백', '고지방', '고염']",양식,일반
2DxAHTjFZG566TLK29QrFmbL,묵은지닭볶음탕,닭다리살 500g | 청주 3큰술 | 감자 3개(작은크기) | 양파 1/2개 | 대파 1대 | 홍고추 1개 | 쪽파 1대 | 묵은지 또는 잘 익은 김치 1/4포기 | 다시마육수 2컵 | 통깨 약간 | 고춧가루 2큰술 | 간장 2큰술 | 맛술 2큰술 | 설탕 1큰술 | 다진 마늘 1/2큰술 | 후추 약간,"Step 1 끓는 물에 청주와 닭다리살을 넣고 살짝 데친 후 흐르는 물에 씻고 군데군데 칼집을 넣어주세요. 양념 재료를 섞어 닭다리살에 버무려 10분간 재우세요. Step 2 감자는 껍질을 제거하고 양파는 굵게 채썰어주세요. 대파, 홍고추는 어슷하게 썰고 쪽파는 4cm 길이로 썰어주세요. Step 3 묵은지는 양념소를 털어내주세요. 냄비에 감자, 양파, 묵은지, 닭다리살, 다시마육수를 넣고 센불에서 끓여주세요. Step 4 감자가 익으면 불을 약불로 줄이고 대파, 홍고추를 넣고 5분간 끓여주세요. Step 5 완성된 요리를 그릇에 담고 쪽파와 통깨를 뿌려주세요.",['일반'],한식,일반
tBoesNfyjXFN6fmCqkcaXb4t,얼갈이배추 된장국,얼갈이배추 5포기 | 해감 모시조개 200g | 대파 ½대 | 청양고추 1개 | 홍고추 1개 | 소금 약간 | 멸치 다시마 육수 5컵 | 된장 3큰술 | 다진 마늘 1큰술 | 고춧가루 ½큰술,"Step 1 냄비에 멸치 다시마육수를 붓고 해감한 모시조개를 넣어 끓이다가 조개가 익어 입을 벌리면 건져내고, 육수는 가라앉힌 후 위 육수만 따라내어 준비해 주세요. tip 건져 낸 모시조개는 육수에 흔들어 남아 있는 모래를 제거해 주세요. Step 2 얼갈이배추는 밑둥을 자른 후 물에 씻고 끓는 물에 약간의 소금을 넣고 얼갈이배추의 흰부분부터 넣어 12분간 데친 후 찬물에 헹궈 물기를 살짝 제거해주세요. Step 3 얼갈이는 먹기 좋은 크기로 잘라 얼갈이 양념재료에 조물조물 버무려 밑간하고 고추는 어슷하게 썰고 대파는 길이로 반 가른 후 6cm 길이로 썰어주세요. tip 된장의 염도에 따라 된장 양을 가감해서 양념을 조절해 주세요. Step 4 냄비에 육수를 붓고 끓어오르면 양념한 얼갈이배추를 넣고 중간불에서 3분 정도 끓여주세요. Step 5 . 마지막에 모시조개와 대파, 고추를 넣어 한소끔 더 끓여 맛있게 즐겨주세요.tip 부족한 간은 소금을 가감해 조절해 주세요.",['고염'],한식,일반
8QQ5ZmWeSMj31KxZ1P5ynoK9,통마늘 장아찌,통마늘 30개  양조식초 1L  물 1L  1차 식초물 1.9L  설탕 2컵  천일염 12컵,Step 1 마늘의 뿌리와 줄기 부분을 제거한 후 껍질을 한 겹 정도 남기고 벗겨주세요. 깨끗이 씻어 뿌리 쪽이 위를 향하도록 뒤집어 물기를 빼 주세요. Step 2 열탕소독한 유리 병에 마늘을 켜켜이 넣은 후 식초물을 부어주세요. 실온에서 7일14일 정도 보관해 주세요. tip. 햇빛이 통하지 않는 곳에서 보관하거나 어두운 천으로 감싸야 푸른색이 나지 않아요 tip. 용기에 따라 식초물의 양을 조절해 주세요. 식초와 물은 11 비율로 넣어주세요 tip. 마늘의 아린맛을 제거하기 위한 과정이에요 Step 3 식초물을 따라낸 후 1컵 정도 덜어내고 냄비에 2차 재료와 함께 넣어 팔팔 끓여주세요. 마늘이 담긴 유리병에 부어 실온에서 숙성시켜 주세요. tip. 장아찌의 아삭한 식감을 선호하지 않는다면 식초물을 완전히 식힌 후 넣어주세요 tip. 햇빛이 통하지 않는 서늘한 곳에서 최소 3주 이상 보관해 주세요,['고염'],채식,채식
UasAyakY1sXVT9QzESDSPz8W,황태갈비,황태 1마리 | 밀가루 4큰술 | 전분 2큰술 | 식용유 약간 | 간장 2큰술 | 올리고당 1큰술 | 갈색 설탕 1큰술 | 맛술 2큰술 | 다진 마늘 1큰술 | 다진 파 2큰술 | 참기름 1큰술 | 통깨 약간,Step 1 뼈를 발라 펼쳐진 황태를 6cm 길이로 잘라주세요. 물에 담가 말랑한 상태로 만든 후 물을 꽉 짜주세요. Step 2 볼에 양념 재료를 넣어 잘 섞어주세요. 손질한 황태를 양념에 재워주세요. Step 3 밀가루와 전분을 섞은 후 양념한 황태에 묻혀주세요. Step 4 구이 전용 팬에 기름을 바르고 황태를 올린 후 기름을 바르고 4단에 넣은 후 광파오븐 자동 요리 구이에서 황태 양념구이 1마리 분량을 선택하여 구워주세요. 조리가 시작되면 조절 기능으로 시간을 2분 추가해주세요. 도중에 멜로디가 울리면 황태를 뒤집고 계속 조리해 주세요. tip. 오븐에 전송 버튼을 누르면 시간을 조절할 필요 없이 간단하게 설정할 수 있어요 Step 5 완성된 황태갈비를 접시에 담아 맛있게 즐겨주세요.,['고지방'],한식,일반
uaUTLMxEAqXGYEj9obXJVkoR,닭가슴살 곡물 샐러드,닭가슴살 소시지 100g  율무 80g  방울토마토 5개  루꼴라 한 줌  올리브오일 3큰술  간장 2큰술  식초 2큰술  다진 양파 2큰술  설탕 1큰술  참기름 큰술  다진 마늘 1작은술  소금 약간  후춧가루 약간,"Step 1 율무는 3시간 이상 정도 불린 후 15분 정도 삶아주세요. Step 2 닭가슴살과 방울토마토는 먹기 좋게 썰어주세요. 잎채소는 깨끗이 씻어 물기를 제거해 주세요. Step 3 달군 팬에 올리브오일을 살짝 두르고 닭가슴살을 노릇하게 구워주세요. Step 4 드레싱 재료를 모두 넣고 섞어주세요. Step 5 볼에 잎채소, 닭가슴살, 율무, 방울토마토를 넣고 드레싱을 뿌려 섞어주세요. Step 6 도시락에 담아 맛있게 즐겨주세요.","['고단백', '저칼로리', '고지방']",다이어트,다이어트
ryHe66tzawENkeA7CQJoNDvA,감자북엇국,북어채 40g | 양파 50g | 대파 20g | 감자 1개 | 달걀 1개 | 물 800ml | 참기름 1큰술 | 다진 마늘 ½큰술 | 국간장 2큰술 | 소금 1작은술 | 후추 ½작은술,"Step 1 북어채는 20분 정도 물에 담가 염분을 빼고 양손으로 짜서 물기를 제거해주세요. Step 2 양파, 대파는 채 썰고 감자는 1cm 크기로 깍둑 썰어 주세요. Step 3 달군 냄비에 참기름을 두르고 적당한 크기로 자른 북어채를 넣어 23분 정도 볶아주세요. Step 4 감자, 물을 넣고 센불에서 4분 정도 끓여주세요. 거품이 생기면 걷어내주세요. Step 5 젓가락으로 감자를 찔러보고 감자가 익었으면 국간장, 소금, 후추를 넣고 한소끔 더 끓여주세요. Step 6 달걀을 잘 풀어서 넣고 양파, 대파, 마늘을 넣고 2분 정도 더 끓여주세요. Tip. 달걀물을 넣고 바로 저으면 달걀 특유의 비린내가 날 수 있으므로 30초 정도 뒤에 저어주세요 Step 7 완성 그릇에 덜어 따뜻할 때 맛있게 드세요","['고단백', '고지방', '고염']",한식,일반
cCWsUufqwRzCwUxnFn9Stnfg,해독주스,양배추 2장  토마토 2개  당근 개  사과 1개  물 200mL,"Step 1 토마토는 꼭지를 뗀 후 적당한 크기로 자르고 사과는 씨 부분을 제거한 후 적당한 크기로 잘라주세요. 당근과 양배추도 적당한 크기로 잘라주세요. Step 2 블렌더에 모든 재료를 넣어 곱게 갈아주세요. Step 3 유리잔에 담아 건강하게 즐겨주세요. 기호에 따라 바나나, 케일 등의 재료를 추가하여 더욱 맛있게 드실 수 있답니다 만든 후 최대한 빨리 드시는 것을 추천해드리며, 냉장 보관 1주일 정도 가능해요",['일반'],채식,채식
D6FrCfibJjr1keu6eqKTtU4U,차돌박이덮밥,밥 2공기  쇠고기 차돌박이 200g  양파 12개  실파 1대  김 약간  달걀 2개  식초. 소금 약간씩  물 2컵  다시마 1장  가쓰오부시 10g  간장 2큰술  맛술 2큰술  설탕 12큰술  소금 한 꼬집  후추 약간,"Step 1 냄비에 물 2컵과 다시마를 넣고 중간불에 올려주세요. 끓어오르면 다시마는 건져내고 불을 끈 다음 가쓰오부시를 넣고 5분간 우린 후에 체로 걸러주세요. Step 2 쇠고기는 먹기 좋은 크기로 잘라주세요. Step 3 양파는 얇게 채 썰고 실파는 송송 썰어주세요. 김은 2cm 길이로 얇게 자르거나 잘게 부숴주세요. Step 4 달걀은 노른자가 터지지 않게 조심해서 볼에 깨 놓아요. 끓는 물에 약간의 식초와 소금, 달걀을 넣어 23분 익혀 수란을 만들어주세요. Step 5 냄비에 가쓰오부시 국물 23컵과 국물 양념 재료를 넣고 끓여주세요. 바르르 끓어오르면 양파, 쇠고기를 넣고 쇠고기가 살짝 익을 정도로만 끓인 후 불을 꺼주세요. Step 6 밥 위에 STEP5의 쇠고기와 국물, 양파, 수란을 올린 후실파와 김을 뿌려주세요.","['고단백', '고염']",일식,일반
p7tbwekBzoEV1sSVRSKUNwYU,돈가스덮밥,시판 돈가스 1개  달걀 1개  양파 13개  실파 2대  팽이버섯 14봉  밥 1공기  가다랑어포 육수 1컵  간장 212큰술  맛술 2큰술  설탕 1작은술  후추 약간,"Step 1 양파는 채를 썰고 팽이버섯은 밑동을 자른 후 실파와 먹기 좋은 길이로 썰어주세요. 가니쉬용 실파는 송송 썰고, 달걀은 볼에 넣고 살짝 섞듯이 풀어주세요. Step 2 도 기름에 돈가스를 넣고 바삭하게 튀긴 후 기름을 빼고 먹기 좋게 잘라주세요. Step 3 냄비에 가다랑어포 육수와 양념재료를 넣은 후 끓어오르면 양파를 넣어 주세요. Step 4 양파가 익으면 팽이버섯과 실파, 돈가스를 올리고 달걀물을 돌려가며 올린 후 달걀이 반숙으로 익으면 불을 꺼주세요. Step 5 그릇에 밥을 담고 끓인 돈가스와 국물을 함께 올리고 송송 썬 실파를 올려주세요. Step 6 따뜻할 때 맛있게 즐겨주세요.","['고단백', '저칼로리']",일식,일반
KwhuaibduNQHGhCuNbnpJvPn,오버나이트 오트밀,오트밀 5큰술  두유 100ml  아몬드 적당량  치아씨드 2큰술  시나몬 파우더 1작은술  꿀 1큰술  블루베리  산딸기  개인 기호에 따른 과일,"Step 1 유리병에 압착 귀리오트밀 5큰술과 두유 100ml를 담아 뚜껑을 닫은 후 냉장고에 넣어주세요. Step 2 아침 식사로 먹기 전 아몬드, 블루베리, 산딸기 등 기호에 맞는 견과류와 과일을 넣어주세요. Step 3 치아씨드, 시나몬 가루, 꿀을 곁들여 완성해 주세요.",['고당'],채식,채식
9SQ6bWCYeiUU2zXz2fLGHTnw,대파 달걀 볶음,대파 ½대 | 마늘 2톨 | 달걀 3개 | 식용유 약간 | 소금 약간 | 간장 1작은술 | 굴소스 ½큰술 | 설탕 ½큰술 | 후춧가루 약간,"Step 1 대파는 5cm 길이로 등분한 뒤 반으로 갈라주세요. 마늘은 편으로 얇게 썰어주세요. Step 2 달걀에 소금을 넣고 저어 풀어주세요. Step 3 기름을 두른 팬에 마늘과 대파를 넣고 빠르게 볶은 후 간장을 둘러 주세요. 굴소스와 설탕, 후춧가루를 넣어 잠시 볶아주세요. Step 4 팬에 기름을 두르고 달걀 물을 넣어 스크램블을 만들어 주세요. 볶아둔 대파에 넣어 30초 정도 볶아 완성해 주세요. Step 5 완성된 대파 달걀 볶음을 접시에 담아 맛있게 즐겨주세요.","['고단백', '고지방', '고염', '고당']",한식,일반
TAGyEf4uC9HRAbcEi4xDHphQ,무나물볶음,무 1/3개(600g) | 식용유 2큰술 | 참기름 1큰술 | 통깨 1/2큰술 | 소금 약간 | 멸치 다시마 육수 1/3컵 | 다진 파 1큰술 | 다진 마늘 1/2큰술 | 생강즙(또는 생강가루) 1작은술(한꼬집) | 구운소금 1작은술,Step 1 무는 깨끗이 씻은 후 껍질을 벗기고 7센치 길이로 토막내고 일정한 두께로 채를 썰어주세요. 무는 무청이 달린 부분이 단맛이 강해서 푸른빛이 나는 부분을 사용하는 것이 좋고 결방향으로 썰어 볶으면 부서지지 않는답니다. Step 2 냄비에 식용유를 두르고 무채를 살짝 볶다가 가장자리에 멸치다시마육수을 넣고 뚜껑을 덮은 후 중약불에서 3분정도 익혀주세요. Step 3 무가 숨이 죽으면 양념재료를 넣은 후 물기없이 볶고 마지막에 참기름과 통깨를 넣고 불을 꺼주세요.부족한 간은 소금을 가감해서 맞춰주세요.,"['고지방', '고염', '고당']",한식,일반
J7FR6XS6bgNXjr1apPNevBbM,가지 고추장 구이,가지 2개 | 쪽파 2줄기 | 통깨 약간 | 고추장 1큰술 | 고춧가루 1/2큰술 | 간장 1큰술 | 올리고당 1큰술 | 설탕 1작은술 | 다진마늘 1큰술 | 참기름 1큰술 | 소금 약간 | 후춧가루 약간,Step 1 가지는 꼭지를 따지 않고 길이로 반을 가른 후 격자무늬로 칼집을 넣어주세요. Step 2 쪽파는 송송 썰어 준비해주세요. 볼에 양념장 재료를 넣고 섞어주세요. Step 3 달군 팬에 가지를 넣고 노릇하게 구워 가지의 수분을 날려주세요. Step 4 가지가 노릇하게 익으면 칼집을 넣은 면에 양념장을 골고루 발라 200도로 예열한 오븐에 넣어 810분정도 구워주세요. tip 가지를 구워 수분을 날린 후 양념을 바르면 가지 속까지 양념이 잘 스며들게 만들 수 있어요. Step 5 가지 고추장 구이를 접시에 담고 송송 썬 쪽파와 통깨를 뿌려 맛있게 즐겨주세요.,['고염'],한식,일반
9yUj6myosrkqeN5AFRdoce7q,쇠고기깻잎말이찜,쇠고기(불고기용 또는 차돌박이) 300g | 깻잎 12장 | 팽이버섯 1/2봉 | 쪽파 5대 | 숙주 200g | 연근 1/2개 | 가지 1/2개 | 참기름 약간 | 소금 약간 | 후춧가루 약간 | 간장 1큰술 | 물 1큰술 | 식초 1큰술 | 설탕 1/2큰술 | 연겨자 1작은술 | 다진마늘 1작은술 | 땅콩버터 2큰술 | 물 2큰술 | 식초 1/2큰술,"Step 1 쇠고기는 키친타월로 핏물을 제거 후 약간의 참기름과 소금, 후춧가루로 밑간을 해주세요. Step 2 깻잎은 흐르는 물에 깨끗이 씻어 꼭지 부분을 잘라주세요. 팽이버섯은 밑동을 자른 후 5cm 길이로 자르고, 쪽파도 같은 길이로 잘라주세요. Step 3 숙주는 깨끗이 씻고, 연근은 껍질을 벗긴 후 가지와 함께 먹기 좋은 크기로 잘라주세요. 소스 재료는 각각 섞어 소스를 만들어주세요. Step 4 밑간 한 쇠고기에 깻잎을 깔고 팽이버섯과 쪽파를 올려 돌돌 말아주세요. Tip. 쇠고기 양쪽 끝에 전분가루를 살짝 묻히면 말았을 때 풀리지 않아요. Step 5 찜기에 쇠고기말이와 숙주, 가지, 연근을 올려 소금, 후춧가루를 살짝 뿌린 후 10분 정도 쪄주세요. Step 6 접시에 쇠고기 깻잎 말이 찜과 찐 야채를 담고 소스를 곁들여 주세요.","['저칼로리', '고지방', '고염']",한식,일반
BiQ6DYbhPBDvfZKgWcTAMJys,문어 꾸스꾸스,"돌문어 마리  꾸스꾸스 80g  양파 개  마늘 1개  병아리콩 200g  생크림 100ml  우유 50ml  채소 스톡 5ml  적양파 10g  차이브 10g  버터 1티스푼  타임 5줄기  아보카도 무스 1티스푼  마요네즈 1티스푼  캐비어 티스푼  엑스트라 버진 2티스푼  소금, 후추 약간  올리브유 약간","Step 1 문어는 봉지로 감싼 뒤 방망이나 홍두깨로 쳐서 부드럽게 만든 후 끓는 물에 20분간 삶아주세요. Step 2 꾸스꾸스는 5분간 삶아주세요. Step 3 양파, 차이브는 곱게 다지고 삶아낸 꾸스꾸스와 엑스트라 버진, 소금, 후추와 함께 섞어주세요. 양파, 마늘은 얇게 썰어 팬에 볶고 색이 나기 시작하면 병아리콩을 넣고 볶아주세요. Step 4 순서 4의 볶은 콩에 생크림, 채소 스톡, 우유를 넣고 끓인 후 갈아서 퓨레를 만들어 주세요. Step 5 삶은 문어를 먹기 좋게 썰어 팬에 앞뒤로 구운 후 버터와 타임을 곁들여 주세요. Step 6 완성 접시에 순서 5의 퓨레를 담고 순서 2의 꾸스꾸스와 구워낸 문어를 올려주세요. 짤 주머니나 튜브에 마요네즈와 아보카도 무스를 넣어 문어 위에 짜고 캐비어를 곁들여 마무리하면 완성이예요.","['저칼로리', '고지방', '고염']",양식,일반
FDPiDhXesyAcjDzmakACx4Xy,카레우동,쇠고기 200g  우동면 200g 2팩  양파 12개  대파 12대  카레가루 80g  다진 마늘 1작은술  버터 1큰술  소금.후추 약간씩  물 1리터  다시마 1장  멸치 10마리,"Step 1 쇠고기는 키친타올에 올려 핏물을 제거한 후 먹기 좋은 크기로 썰고, 양파는 채를 썰고, 대파는 4센치 길이로 가늘게 채를 썰어주세요. 달군 냄비에 버터를 넣고 녹인 후 양파를 넣어 2분간 볶다가 쇠고기, 다진마늘을 넣고 약간의 소금과 후추를 뿌려 2분간 익혀주세요. Step 2 볶은 쇠고기에 다시마물 5컵을 넣고 국물이 끓어오르면 불을 줄여 카레가루를 두세번에 나눠 넣으며 잘 풀어주고, 10분 정도 더 끓인 후 약간의 소금과 후추로 간을 해주세요. 냄비에 물이 끓으면 우동면을 넣고 23분 삶아 건져낸 후 찬물에 헹궈 물기를 제거해 주세요. Step 3 그릇에 우동면을 담고 카레국물을 넣은 후 채를 썬 파를 올려주세요.","['고지방', '고염']",일식,일반
gaFG1o6fBRUDqhhUBsHb1yx7,불고기베이크,"쇠고기불고기용 150g  토르티야 4장  체더치즈 슬라이스 4장  피자치즈 2컵  양파 13  파프리카 12개  달걀 1개  다진양파생략가능 약간  피클, 케첩, 머스터드생략가능 약간씩  간장 1큰술  설탕 1큰술  맛술 1큰술  다진마늘 1작은술  후추 약간","Step 1 쇠고기는 키친타올로 핏물을 제거하고, 먹기 좋은 크기로 썰어 불고기양념에 10분 정도 재워주세요. 양파와 파프리카는 채를 썰어주세요. Step 2 달군 팬에 올리브유를 두르고 양파와 파프리카에 약간의 소금, 후추를 뿌려 밑간한 후 살짝 볶아주세요. 새로 달군 팬에 쇠고기를 넣고 물기가 없어질 때까지 볶아주세요. Step 3 김 오른 찜통에 토르티야를 30초 정도 찐 후, 달걀물을 바르고 가운데에 체더치즈슬라이스 불고기양파,파프리카피자치즈 순으로 올린 후 양옆을 접어 돌돌 말아 주세요. Step 4 마른팬에서 토르티야를 굴리면서 치즈가 녹을때까지 구워주세요.팬 뚜껑을 닫고 약한불에서 1분 정도 익혀 치즈 속까지 익혀주세요. Step 5 구운 베이크를 먹기좋은 크기로 잘라주세요. 다진양파, 피클, 케찹,머스터드를 곁들여 드셔도 맛있답니다.","['고단백', '저칼로리', '고지방', '고염']",양식,일반
KZdDybJGkcFTy9VjLeYX7AxF,가지갈비,가지 2개  새송이버섯 2개  쪽파 2줄기  통깨 약간  간장 3큰술  설탕 1큰술  물엿 1큰술  맛술 1큰술  다진 마늘 1큰술  식용유 1큰술  참기름 1큰술  후춧가루 약간,Step 1 가지는 도톰하게 슬라이스한 후 한쪽 면에 격자로 칼집을 넣어주세요. 새송이버섯은 세로로 4등분 해주세요. Step 2 가지를 구이 전용 팬에 올린 후 양념 재료를 섞어 바르고 4단에 넣은 후 광파오븐 수동 요리 구이에서 10분간 구워주세요. Step 3 새송이를 구이 전용 팬에 올리고 남은 양념을 바른 후 4단에 넣고 광파오븐 수동 요리 구이에서 5분간 구워주세요. Step 4 가지에 새송이 버섯을 넣고 돌돌 말아주세요. Step 5 완성된 가지 갈비와 남은 소스를 그릇에 담고 쪽파와 통깨를 뿌린 후 밥과 함께 맛있게 즐겨주세요.,['저칼로리'],채식,채식
qNrs3A6Nk5o12Z7et9mUu1k2,불고기샌드위치,잉글리시머핀 4개  쇠고기 불고기용 160g  토마토 12개  양파 12개  양상추 4장  깻잎 2장  슬라이스치즈 4장  식용유 약간  소금. 후추 약간씩  간장 1 큰술  설탕 1큰술  참기름 1큰술  다진 마늘 12큰술  후추. 깨소금 약간씩  마요네즈 4큰술  머스터드 1큰술  꿀 1큰술  홀그레인머스터드 12큰술,"Step 1 잉글리시머핀은 반을 가르고 달군 팬에 살짝 구워 주세요. Step 2 쇠고기는 핏물을 제거하고 불고기 양념에 재워주세요. 토마토는 0.7cm 두께로 둥글게 썰고 양파는 채 썹니다. 양상추, 깻잎은 찬물에 담갔다 물기를 제거하고 적당한 크기로 잘라주세요. Step 3 달군 팬에 식용유를 약간 두른 후 양파를 넣고 소금, 후추로 간을 해 색이 나도록 볶아주세요. 양파를 덜어두고 팬에 쇠고기를 올려 중간불에서 익혀주세요. Step 4 스프레드 재료를 섞어서 빵에 얇게 바르고 양상추깻잎슬라이스치즈양파쇠고기토마토 순으로 올린 후 빵을덮고 가볍게 눌러주세요. Step 5 완성된 요리를 그릇에 담아 마무리해주세요.","['고지방', '고염']",양식,일반
nrWBNqHzsfxNziQ67KdoyhJH,카레 두부 덮밥,두부 1모 300g  카레 가루 4큰술  고운 고춧가루 1큰술  소금 약간  간장 1큰술  양파 1개  마늘 4톨  채수 3컵  빨간 파프리카 개  초록 파프리카 개  고수 또는 쪽파 생략 가능 약간  현미밥 2공기  식용유 약간,Step 1 두부는 직경 2cm 크기로 썰고 키친타월에 올려 물기를 제거해 주세요. 두부에 카레 가루 1큰술과 고운 고춧가루 1큰술을 넣어 버무려 주세요. Step 2 파프리카와 양파는 먹기 좋게 썰어주세요. 마늘은 편 썰어주세요. Step 3 달군 팬에 기름을 넉넉히 두르고 두부를 넣어 구워주세요. Step 4 팬에 마늘과 양파를 넣어 볶다가 양파가 투명해지면 카레 가루와 채수를 넣고 끓여주세요. Step 5 파프리카와 두부를 넣고 한소끔 끓여 완성해 주세요. Step 6 그릇에 현미밥과 두부 카레를 담고 기호에 따라 고수를 얹어 맛있게 즐겨주세요.,"['고단백', '저칼로리', '고지방']",채식,채식
vfjg4888ZCoTRPzGnnrz8Ltn,토마토달걀볶음,토마토 2개  양파 14개  대파 14대  마늘 2톨  달걀 3개  식용유 약간  소금 약간  물전분물전분 1작은술  간장 1작은술  굴소스 12큰술  설탕 12큰술  후춧가루 약간,"Step 1 토마토는 꼭지를 떼고 칼집을 낸 후, 끓는 물에 소금을 넣고 12분 정도 데쳐 차가운 물에 담가 껍질을 벗겨주세요. 껍질을 벗긴 토마토는 웨지모양으로 8등분 해주세요. Step 2 양파는 잘게 다지고, 대파는 얇게 송송썰며, 마늘은 편으로 얇게 썰어주세요. 달걀에 소금과 물전분을 넣고 풀어주세요. tip. 전분을 넣으면 달걀이 금방 익어버리는 것을 방지하고, 훨씬 부드러운 달걀을 만들 수 있어요. Step 3 오일을 두른 팬에 달걀을 볶아 스크램블을 만든 후 그릇에 덜어두세요. 다른 달군 팬에 오일을 두르고 마늘과 파, 양파를 넣어 23분 정도 볶다가 토마토와 양념재료를 넣어 12분 정도 더 볶아주세요. tip. 뜨거운 기름에 달걀을 볶으면 딱딱해지니 살짝만 달궈 볶아주세요. Step 4 볶아둔 달걀스크램블을 넣어 가볍게 섞어주세요. Step 5 부족한 간은 소금으로 조절하고, 접시에 담아 밥과 함께 맛있게 즐겨주세요.","['고단백', '고지방', '고염']",중식,일반
ThgqtV7rnb9qnWSZdKYFznVn,대패삼겹살된장찌개,대패삼겹살 130g | 무우 40g | 애호박 45g | 청양고추 1개 | 홍고추 1개 | 대파 15g | 두부 45g | 양파 60g | 표고버섯 1개 | 쌀뜨물 500ml | 국간장 1큰술 | 다진 마늘 1큰술 | 고추장 1큰술 | 된장 2큰술 | 고춧가루 1큰술,"Step 1 무와 애호박은 1cm 두께로 슬라이스한 뒤 무는 4등분하고 애호박은 2등분 해주세요. Step 2 청양고추와 홍고추, 대파는 어슷하게 썰어주세요. Step 3 두부는 5cm 정도 크기로 네모나게 자르고 양파, 표고버섯은 1cm 크기로 채썰어주세요. Tip. 표고버섯을 넣으면 국물 맛이 더 진하고 감칠맛이 난답니다 Step 4 냄비에 대패삼겹살을 넣고 약중불에서 2분 정도 볶아주세요. Step 5 무를 넣어 볶다가 무가 투명해지면 쌀뜨물을 넣고 센불에서 3분 정도 끓여주세요. Tip. 멸치, 다시마를 넣어 국물을 내도 좋지만 쌀뜨물을 사용하면 더 구수하면서 담백해요. Step 6 팔팔 끓으면 국간장, 마늘, 고추장, 된장, 고춧가루를 넣고 한소끔 끓여주세요. 거품이 생기면 걷어내주세요. Step 7 애호박, 청양고추, 홍고추, 대파, 두부, 양파, 표고버섯을 넣고 2분 정도 더 끓여주세요. Step 8 완성 그릇에 덜어 맛있게 즐겨보세요","['고단백', '저칼로리', '고지방', '고염']",한식,일반
yBFvv8okqPns8bN4dFTM2scr,수박페타치즈샐러드,수박 14통  오이 12개  적양파 14개  허브페타치즈 1개80g  루꼴라 한줌  다진피스타치오 약간  발사믹식초 2큰술  올리브오일 1큰술  레몬즙 12큰술  레몬제스트생략가능 약간  소금 약간  후춧가루 약간,"Step 1 수박은 한 입 크기로 자르고, 오이는 0.5cm두께의 링으로 잘라주세요. 적양파는 얇게 채썰어주세요. Step 2 루꼴라는 깨끗이 씻어 4cm길이로 자르고, 레몬은 제스트를 낸 후 즙을 내주세요. Step 3 볼에 드레싱 재료를 모두 섞어주세요. Step 4 샐러드볼에 수박, 오이, 적양파, 페타치즈, 루꼴라를 섞어 담아주세요. Step 5 다진 피스타치오를 뿌리고, 드레싱을 곁들여 맛있게 즐겨주세요.","['저칼로리', '고지방']",다이어트,다이어트
BWRoZwHZGrJiCmQBNx9utMcy,양념게장,꽃게 (냉동) 1kg | 양파 ¼개 | 청양고추 3개 | 홍고추 2개 | 쪽파 6대 | 청주 ¼컵 | 고춧가루 7큰술 | 간장 4큰술 | 물엿 4큰술 | 매실청 1큰술 | 설탕 2큰술 | 참치액젓 1+½큰술 | 다진 마늘 2큰술 | 통깨 1큰술 | 생강가루 약간 | 후춧가루 약간,"Step 1 볼에 양념장 재료를 넣어 섞고 냉장고에 넣어 30분 정도 숙성시켜주세요. Step 2 홍고추와 청양고추는 어슷하게 썰고 양파는 채를 썰어주세요. 쪽파는 4센치 길이로 썰어주세요. Step 3 꽃게는 조리용 솔로 비벼 깨끗이 씻고 등딱지를 벗긴 후 배 쪽에 붙어 있는 아가미와 눈, 집게의 발 끝부분을 제거해주세요. 꽃게는 먹기 좋게 4등분으로 잘라 손질한 후 청주를 뿌려 섞고 채반에 밭쳐 물기를 빼서 준비해주세요. tip. 살아 있는 게를 사용하실 때는 냉동실에 게를 하루 정도 꽁꽁 얼려 손질해서 사용하시면 게살이 탱탱하고 흘러내리지 않게 만들 수 있어요. Step 4 볼에 꽃게와 양념장을 넣어 먼저 버무리고 양파와 홍고추, 청양고추, 쪽파를 넣어 골고루 섞어주세요. Step 5 맛있게 즐겨주세요.",['일반'],한식,일반
HzXzG2V8sZUc2tLLcYFf6Vmw,낫토마메밀국수,메밀국수 100g  낫토 1팩  마 100g  달걀노른자 1개  오이지 4조각  마른 김 약간  간장.겨자 1큰술  쯔유 약간,"Step 1 낫토는 간장과 겨자를 넣어 고루 섞어주세요. Step 2 끓는 물에 메밀국수를 넣고 45분가량 끓여주세요. Step 3 면이 익으면 체에 밭쳐 찬물에 깨끗하게 헹구고 물기를 뺀 후 그릇에 담아주세요. Step 4 마는 깨끗하게 씻어서 껍질을 벗긴 후 강판에 갈아주세요. 마의 끈적한 성분이 피부에 닿았을 때 알레르기 반응을 보이는 사람도 있으므로 마를 손질할 때는 장갑을 끼는 것이 좋아요. 면 위에 마, 낫토, 다진 쪽파, 오이지, 김, 노른자를 얹은 후 취향에 따라 쯔유로 간을 하여 비벼주세요.","['저칼로리', '고염']",일식,일반
v9VKWovBe1DfSvjqMePk5xF1,가지냉국,가지 2개 | 청양고추 1개 | 홍고추 1/2개 | 양파 1/4개 | 얼음 약간 | 통깨 약간 | 국간장 1/2큰술 | 참기름 1작은술 | 식초 1큰술 | 다진마늘 1/2작은술 | 소금 약간 | 다시마육수 3컵 | 국간장 1+1/2큰술 | 매실청 2큰술 | 다진마늘 1/2큰술,"Step 1 깨끗하게 씻은 가지는 꼭지부분을 자르고 길이대로 4등분 한 후, 6cm길이로 먹기 좋게 썰어주세요. 청,홍고추는 얇게 송송 썰어 물에 살짝 담궈 씨를 빼주세요. 양파는 얇게 슬라이스해주세요. Step 2 찜통에 김이 오르면 가지를 56분정도 쪄주세요. Step 3 냉국물 재료는 모두 섞어 냉동실에 넣고 차갑게 식혀주세요. Step 4 찐가지는 한 김 식힌 후 가지양념 재료를 넣어 밑간 해주세요. Step 5 그릇에 밑간한 가지와 차게 식힌 냉국물, 얼음을 넣고 마지막에 통깨를 뿌려주세요. Step 6 취향에 따라 참기름을 약간 넣어 맛있게 즐겨주세요.","['저칼로리', '고지방']",한식,일반
xRApaP7dXQuzayjeKSVs6hVY,동파육,통삼겹살 600g  청경채 45개  마늘 4톨  생강 1톨  대파 12대  페퍼론치노또는 건고추 2개  팔각 2개  식용유 1큰술  진간장 3큰술  흑설탕 2큰술  맛술 2큰술  굴소스 1큰술  물 12컵,"Step 1 법랑 접시에 석쇠를 놓고 삼겹살을 올린 후 1단에 넣어주세요. 광파오븐 자동 요리 스팀에서 삼겹살 0.6kg 분량을 선택한 후 가열해 주세요.  물을 채운 물통을 제품에 설치해서 요리하세요. tip. 오븐으로 전송버튼을 누르면 간단하게 설정할 수 있어요 Step 2 마늘과 생강은 편 썰고, 대파는 손가락 길이로 썰어주세요. 페퍼론치노는 잘게 부숴주세요. Step 3 달군 팬에 식용유를 두르고 편으로 썬 마늘과 생강, 대파, 건고추, 팔각을 넣고 볶다가 조림 소스를 넣어주세요. Step 4 소스가 끓어오르면 익힌 삼겹살을 넣고 뒤집어가며 5분간 졸인 후 먹기 좋게 썰어주세요 Step 5 청경채는 깨끗이 씻어 4등분한 후 내열 용기에 담아주세요. 법랑 접시에 석쇠를 놓고 내열 용기를 올려 1단에 넣고 광파오븐 수동요리 스팀 레인지에서 3분간 익혀주세요. 물을 채운 물통을 제품에 설치해서 요리하세요. Step 6 그릇에 청경채와 동파육을 담아 맛있게 즐겨주세요.","['고지방', '고염']",중식,일반
fPkn4NQWTWeo1zLTqoJ6doaF,딸기 크림치즈 오픈 토스트,필라델피아 크림치즈 딸기 100g  생크림 14컵  딸기잼 4큰술  딸기 6개  로즈마리생략 가능 약간  메이플 시럽생략 가능 약간  다진 피스타치오생략 가능 약간  식빵 4장  우유 1컵  설탕 14컵  달걀 2개  버터 2큰술  소금 약간,"Step 1 딸기는 깨끗이 씻어 꼭지를 제거하고 1cm 두께의 동그란 모양으로 잘라주세요. Step 2 넓고 깊이가 있는 트레이에 우유, 설탕, 달걀, 소금을 넣어 잘 섞은 후, 빵을 담가 완전히 적셔주세요. Step 3 달군 팬에 버터를 두르고 빵을 올려 약불에서 35분간 익혀주세요. 빵 위에 설탕을 뿌리고, 뒤집어서 진한 갈색이 날 때까지 익혀주세요. Step 4 볼에 필라델피아 크림치즈 딸기와 생크림을 넣어 휘퍼로 섞어 부드러운 크림을 만들어주세요. Step 5 노릇하게 구운 빵 위에 딸기잼을 바르고 딸기 크림치즈 생크림을 올려주세요. 토핑용 딸기와 로즈마리를 얹은 후 다진 피스타치오와 메이플 시럽을 뿌려 맛있게 즐겨주세요.","['고단백', '고지방', '고염', '고당']",양식,일반
Df3rKyogeSmaSenpXZ2CWCNf,전자레인지 순두부 덮밥,"밥 2공기  순두부 1봉지  애호박 개  양파 개  청양고추 1개  파프리카 빨강, 노랑 생략 가능 개  쪽파 1대  통깨 약간  비건 마요네즈 약간  고추장 1큰술  고춧가루 1작은술  케첩 2큰술  설탕 큰술  올리고당 큰술  간장 2큰술  후춧가루 약간  참기름 1큰술","Step 1 애호박과 양파, 파프리카는 잘게 다져주세요. 쪽파와 청양고추는 송송 썰어주세요. Step 2 볼에 양념 재료를 넣고 섞어주세요. Step 3 그릇에 밥을 담고 잘게 썬 애호박과 양파, 청양고추, 파프리카를 올려주세요. Step 4 순두부를 으깨어 올린 후 양념을 부어주세요. 뚜껑을 덮어 전자레인지에 5분간 돌려주세요. 전자레인지 전용 뚜껑을 사용해 주세요 Step 5 완성된 밥에 마요네즈를 뿌리고 쪽파와 통깨로 장식해 주세요. Step 6 먹기 좋게 비벼서 맛있게 즐겨주세요.","['고단백', '저칼로리', '고지방']",채식,채식
bJRrsdbLC1m7j6iiHf2WEo14,오이 볶음,오이 2개 | 홍고추 1개 | 소금 2큰술 | 식용유 약간 | 들기름 1큰술 | 통깨 약간,Step 1 오이는 0.5cm 두께로 썰어주세요. 볼에 오이를 담고 소금 2큰술을 넣어 섞은 후 10분간 절여주세요. Step 2 홍고추는 송송 썰어주세요. 절인 오이는 면보에 감싸 물기를 짜주세요. 절인 오이를 먹어봤을 때 짜다면 물에 가볍게 헹궈 사용해주세요 Step 3 달군 팬에 들기름을 두른 후 오이를 넣고 볶아주세요. Step 4 홍고추를 넣고 한번 더 볶은 후 불을 끄고 통깨를 뿌려 완성해 주세요.,"['저칼로리', '고지방', '고염']",한식,일반
8b1MNDWwEqMPyLb7Lkvx4cka,레몬마요새우,새우 20마리  달걀 1개  감자전분 12컵  빵가루 1컵  파슬리 약간  레몬즙 1큰술  맛술 1큰술  소금 14작은술  후추 약간  마요네즈 5큰술  레몬즙 3큰술  연유 2큰술  꿀 1큰술,"Step 1 새우는 꼬리 껍질을 제외하고 머리와 몸통의 껍질을 모두 제거해주세요. 새우 등과 배의 내장을 꼬치로 제거한 후 꼬리에 있는 물총을 가위로 잘라주세요. 손질한 새우는 밑간을 하여 10분간 재워두었다 물기를 키친타월로 제거해주세요. Step 2 새우에 감자전분, 달걀물, 빵가루 순으로 튀김옷을 입혀 170도로 가열한 기름에 튀겨주세요. Step 3 바삭한 튀김을 즐기려면 먹기 직전에 한 번 더 튀긴 후 기름을 빼주세요. Step 4 볼에 소스 재료를 고루 섞어서 소스를 완성한 후 튀김과 함께 냅니다.","['고단백', '고지방']",양식,일반
MDjZmb6gi37Xxaq979LtxbKu,비건 참나물 페스토 파스타,참나물 페스토 3큰술  스파게티면 2줌 160g  마늘 3쪽  면수 컵  소금 약간  후춧가루 약간  올리브오일 엑스트라버진 4큰술  참나물 반줌 40g  구운 잣 15g,"Step 1 끓는 물에 약간의 소금을 넣고 참나물을 살짝 삶아 물기를 빼고 먹기 좋게 썰어주세요. 잣은 종이를 깔고 곱게 다지고 마늘은 편으로 썰어주세요. Step 2 끓는 물에 스파게티 면을 넣고 6분간 삶아낸 후 면은 채반에 건지고, 면수는 따로 덜어 주세요. tip 스파게티 면은 포장지에 적힌 조리시간 보다 1분정도 덜 삶아 삶아주세요. Step 3 달군 팬에 올리브유 3큰술을 두르고 마늘을 넣어 약한 불에서 노릇하게 볶아주세요. Step 4 볶은 마늘에 스파게티 면과 참나물, 면수를 넣어 볶은 후 불을 끄고 참나물 페스토와 잣가루 분량, 약간의 소금과 후춧가루를 넣어 간을 맞춰주세요. tip 기호에 따라 페스토 양을 가감하고 페스토에 열이 가해지면 색이 탁해지기 때문에 불 위에서 볶지 않고 불을 끄고 섞어주세요. Step 5 접시에 참나물 페스토 파스타를 담고 올리브유 1큰술을 두른 후 기호에 따라 잣가루와 후춧가루를 뿌려 맛있게 즐겨주세요.",['고염'],양식,일반
ozouQdk5sH6snUPziDiAM68E,소갈비 전골,소갈비 1.2kg | 유부 주머니 6개 | 가래떡 ½개 | 미나리 반 줌 | 배추속대 4잎 | 만가닥 버섯 한 줌 | 단호박 ⅙통 | 청경채 한 줌 | 대파 1대 | 숙주 한 줌 | 물 12컵 | 무 ⅙개 | 양파 1개 | 마늘 6쪽 | 통후추 10알 | 간장 1큰술 | 맛술 2큰술 | 다진 마늘 ½큰술 | 설탕 1작은술 | 참기름 1작은술 | 후춧가루 약간 | 국간장 ½큰술 | 소금 약간,"Step 1 갈비는 3시간 정도 찬물에 담가 핏물을 빼고 끓는 물에 데쳐주세요. 물에 헹궈 기름을 떼 내어 손질해주세요. Step 2 냄비에 갈비와 육수 재료, 물을 부어 1시간 이상 갈비가 푹 익도록 끓여주세요. 삶은 갈비는 건져내고 고기는 양념에 재워주세요. 국물은 체에 걸러 육수를 준비해주세요. tip 육수를 20분 정도 끓이다가 무는 건져내 먹기 좋은 크기로 잘라주세요. Step 3 만가닥 버섯과 청경채는 밑둥을 자르고 배추와 단호박은 먹기 좋은 크기로 썰어주세요. 숙주는 깨끗이 씻고 대파는 5cm 길이로 썰어주세요. Step 4 미나리는 끓는물에 살짝 데치고, 가래떡은 2cm 크기로 잘라 유부 안에 채운 후 데친 미나리로 가운데 부분을 돌려 묶어주세요. tip 가래떡이 딱딱하면 끓는물에 살짝 데쳐 사용해 주세요. Step 5 전골냄비에 소갈비를 가운데 담고 무와 유부주머니, 배추, 만가닥 버섯, 단호박을 돌려 담아주세요. 육수를 붓고 국물 양념 재료를 넣어 끓여주세요. tip 소금을 가감해서 간을 맞춰주세요. Step 6 육수가 끓으면 숙주와 청경채, 대파를 넣고 한소끔 끓인 후 맛있게 즐겨주세요. tip 기호에 따라 와사비간장을 곁들여 드셔도 맛있답니다.","['저칼로리', '고지방', '고염']",한식,일반
mNjyHZLbNDME7zsxZpuRmNDq,아삭 오이 덮밥,밥 1공기200g  오이 개  달걀 1개  알새우 10마리  사천고추 5개  마늘 2개  대파 대  소금 약간  굴소스 1큰술  치킨파우더 작은술  간장 1작은술  설탕 1작은술  고추기름 1작은술  참기름 1작은술  후춧가루 약간,"Step 1 오이는 씨를 제거한 후 편썰고, 대파와 마늘을 다져 준비해 주세요. Step 2 밥, 달걀, 다진 대파를 준비해 주세요. 다진 Step 3 달군 팬에 식용유를 두르고 달걀이 익기 시작하면 밥과 대파를 넣어 볶은 후 그릇에 담아 주세요. Step 4 분량의 재료를 골고루 섞어서 소스를 만들어 주세요. Step 5 팬에 기름을 두르고 다진 마늘과 대파, 사천고추를 볶아서 충분히 향을 내주세요. Step 6 완성 순서 5에 알새우와 수분을 제거한 오이를 넣어 볶다가 순서 4의 소스도 넣어 함께 볶은 후 밥에 올리면 완성이예요. Tip. 오이의 식감을 살리려면 두껍게 썰어 소금으로 절여 수분을 제거하고 볶으면 더 아삭한 식감을 살릴 수 있어요","['고단백', '저칼로리', '고지방', '고염']",중식,일반
MUEYiA6HdJhUjngTY5YuQVjh,선 드라이 토마토 부르스게타,바게트 개  선 드라이 토마토 페스토 2큰술  올리브오일 약간  파마산 치즈 약간  파슬리 약간,Step 1 바게트는 비스듬하게 썰어주세요. 달군 팬에 오일을 약간 두르고 바게트를 노릇하게 구워주세요. Step 2 구운 바게트에 선 드라이 토마토 페스토를 발라주세요. Step 3 파마산 치즈를 갈아서 뿌린 후 파슬리를 올려 완성해 주세요.,['고지방'],양식,일반
c5VEhCBbcE1KUbWXWwiRfc4E,돼지고기 무 수분 수육,삼겹살 (수육용) 500g | 대파 1대 | 사과 ½개 | 양파 1개 | 마늘 5쪽 | 생강 (마늘 1쪽 사이즈) 1쪽 | 통후추 8알 | 월계수잎 2장 | 청주 1큰술 | 된장 1큰술 | 맛술 1큰술 | 간장 1큰술 | 두반장 ½큰술 | 설탕 ½큰술 | 다진 마늘 ½큰술 | 식초 ½큰술 | 고추기름 1작은술,"Step 1 사과는 씨를 제거하고 대파, 양파와 함께 큼직하게 자르고, 마늘과 생강은 편으로 썰어주세요. 볼에 소스 재료를 넣어 고루 섞어주세요. Step 2 돼지고기는 3등분으로 자르고 고기 밑간 재료를 겉면에 발라 준비해 주세요. Step 3 바닥이 두툼한 냄비에 사과와 양파를 깔고 돼지고기와 대파, 마늘, 생강, 통후추, 월계수잎, 청주를 넣고 뚜껑을 닫아 2분 정도 익히다가 불을 중약불로 줄여 1시간 정도 익혀주세요. tip. 중간에 뚜껑을 열고 돼지고기를 뒤집어가며 고르게 익혀주세요. Step 4 불을 끄고 뚜껑을 닫은 채로 20분 정도 뜸을 들여주세요. Step 5 돼지고기를 먹기 좋게 한 입 크기로 썰고 소스를 곁들여 맛있게 즐겨주세요.",['고단백'],한식,일반
m4gEqseUTMTuy73bqwTXXjVv,불고기토르티야피자,쇠고기불고기용 150g  토르티야 2장  토마토 1개  양파 12개  어린잎채소 2줌  피자치즈 100g  모차렐라치즈 120g  토마토소스 2큰술  간장 2큰술  청주 1큰술  설탕 1큰술  다진 마늘 1큰술  참기름 1작은술  후추 약간,"Step 1 쇠고기는 키친타월로 핏물을 제거하고 2cm 길이로 잘라주세요. Step 2 양념재료를 잘 섞은 후 쇠고기에 버무리고 10분 이상 재워주세요. Step 3 양파는 채를 썰고 모차렐라치즈는 1cm 두께로 썰어주세요. 토마토는 웨지 모양으로 8등분 하세요. 어린잎채소는 깨끗이 씻어 물기를 제거해주세요. Step 4 달군 팬에 재운 불고기를 올려 물기가 없도록 볶아주세요. Step 5 종이포일을 깐 오븐팬에 토르티야를 올려놓고 토마토소스를 얇게 펴 발라주세요. Step 6 토르티야 위에 피자치즈를 고루 뿌려주세요. Step 7 피자치즈 위에 볶은 불고기, 양파, 토마토, 모차렐라치즈를 얹어주세요. Step 8 도로 예열한 오븐에서 810분간 익혀주세요. Step 9 완성되면 피자 위에 어린잎채소를 얹어 주세요.","['저칼로리', '고지방']",양식,일반
YHVPmBbA8hRC9WAvWehiSPMN,선 드라이 토마토 부르스게타,"바게트 개  통마늘 2개  바질 잎 10g  선 드라이 토마토 100g  선 드라이 토마토 페이스트 2큰술  올리브오일 2큰술  리코타 치즈 컵  부라타 치즈 1개 50g,  소금 약간  후춧가루 약간","Step 1 바게트는 적당한 두께로 썰어 그랠팬에 그릴 자국이 나도록 구워주세요. Step 2 볼에 부라타 치즈를 담고 으깬 후 리코타 치즈, 소금 약간을 넣고 섞어주세요. Step 3 구운 빵에 마늘을 비벼 향을 더하고 선드 라이 토마토 페이스트를 발라주세요. 페이스트가 없다면 선 드라이 토마토와 올리브오일을 믹서에 갈아 만들어 주세요 Step 4 페이스트 위에 섞어둔 치즈를 올리고 선 드라이 토마토와 바질 잎을 올려주세요. Step 5 올리브오일과 후춧가루를 뿌려 완성해주세요.","['고지방', '고염']",양식,일반
FymRUe9jrSEyciNvefk8SZdA,매운바지락볶음,바지락 800g  양파 12개  당근 14개  페페론치노또는 마른 고추 6개2개  대파 14대  청양고추 2개  마늘 3톨  맛술 14컵  참기름 1큰술  고추기름 2큰술  고수 약간생략가능  두반장 1큰술  굴소스 12큰술  맛술 2큰술  다진마늘 1작은술  생강가루 한꼬집  후춧가루 약간,"Step 1 해감한 바지락은 흐르는 물에 비벼 깨끗이 씻어주세요. 바지락은 약간의 소금을 넣은 물에 담가 검은 봉지나 호일로 감싸서 빛을 차단해 12시간 정도 해감해주세요. Step 2 양파와 당근은 한 입 크기로 먹기 좋게 썰고, 대파는 채를 썰어주세요. 페페론치노는 이등분으로 자르고 마늘은 편으로 썰고, 청양고추는 어슷하게 썰어주세요. 양념장 재료는 볼에 넣어 섞어주세요. 취향에 따라 페페론치노와 청양고추를 가감해서 매운맛을 조절해주세요. Step 3 냄비에 바지락과 맛술을 넣고 뚜껑을 덮은 후 끓이고, 바지락 입이 벌어지면 불을 끈 후 바지락을 건지고 국물은 따로 준비해주세요. Step 4 팬에 고추기름을 두른 후 마늘편과 대파채, 페페론치노를 볶아 주고 향이 올라오면 양파와 당근을 볶다가 바지락과 양념장을 넣고 센 불에서 볶아주세요. 볶으면서 바지락 삶은 국물을 기호에 따라 가미해주세요. Step 5 마지막에 청양고추와 참기름을 넣고 불을 꺼주세요. Step 6 고수생략가능를 올려 마무리한 후 맛있게 즐겨주세요.","['고지방', '고염']",중식,일반
hhR3EHeGerM8HDNM4pfsPzpu,두부가츠샌드위치,식빵 4장  양배추 250g  두부 300g  소금 약간  후추 약간  식초 1.5티스푼  설탕 2티스푼  토마토 1cm 두께 슬라이스 34장  홀그레인머스터드 약간  발사믹글레이즈 약간  어린잎채소 약간  밀가루 4티스푼  물 100cc  소금 한 꼬집  빵가루 약간,"Step 1 양배추는 곱게 채를 썰어주세요. Step 2 식초 1.5티스푼, 설탕 2티스푼, 소금 0.5티스푼을 양배추에 넣어 손으로 조물조물 주물러서 15분정도 두어요. Step 3 두부는 물기를 빼고 소금, 후춧가루 약간을 뿌려주세요. 빵가루와 튀김옷을 준비해주세요. 두부에 튀김옷을 적신 뒤 빵가루를 입혀주세요. Step 4 도 기름에서 노릇노릇하게 두부를 튀겨 두부가츠를 만들어주세요. Step 5 식빵에 홀그레인머스터드를 발라주세요. Step 6 의 절인 양배추의 물기를 짠 후 빵에 듬뿍 올려주세요. Step 7 어린잎을 올리고 토마토, 두부가츠의 순서대로 올려주세요. Step 8 발사믹글레이즈를 뿌리고 나머지 식빵으로 덮어주세요. Step 9 유산지로 샌드위치를 단단하게 싸서 먹기 좋게 나누어 썰고 마무리해주세요.","['고단백', '저칼로리', '고지방', '고염', '고당']",일식,일반
aMapoYgKMGG47d7L8QK3Ax56,에어프라이어 간장 두부 구이,두부 1모  깻잎 10장  쪽파 2대  홍고추 1개  소금 약간  후춧가루 약간  통깨 약간  간장 2큰술  식초 큰술  설탕 1큰술  참기름 1큰술,"Step 1 깻잎은 얇게 채 썰어 주세요. 쪽파와 홍고추는 송송 썰어 준비해 주세요. Step 2 두부는 면포로 물기를 제거한 후 격자무늬로 칼집을 넣고 소금, 후춧가루를 뿌려주세요. tip. 두부의 물기를 최대한 제거하는 것이 중요해요. 체에 밭쳐 충분히 물기를 제거한 후 면포로 꾹 눌러주세요. 두부는 익으면서 점점 벌어지기 때문에 반 정도의 깊이로 칼집을 넣어주세요 Step 3 볼에 양념 재료를 잘 섞어주세요. Step 4 종이호일 위에 두부를 올리고 양념 재료를 두부 위에 얹어주세요. 에어프라이어에서 200도로 20분간 구워주세요. tip. 에어프라이어 마다 성능에 차이가 있을 수 있으니 시간을 잘 체크해 주세요 Step 5 접시에 구워진 두부를 담고 홍고추, 쪽파, 깻잎, 통깨를 뿌려 맛있게 즐겨주세요.","['고단백', '저칼로리', '고염']",채식,채식
GGP7PiXVKz8CJihhZ3msnZ2s,아보카도연어오븐구이,아보카도 2개  훈제연어 슬라이스 4장  달걀 4개  바질페스토 2큰술  딜 약간  소금 약간  후춧가루 약간  크러쉬드 레드페퍼 약간,"Step 1 아보카도는 씨앗에 칼날이 닿도록 칼집을 넣은 후, 양쪽을 잡고 서로 반대 방향으로 비틀어 잘라 씨앗과 과육을 분리해준 후 아보카도 과육을 수저로 한 스푼만 파내주세요. Step 2 아보카도 속에 바질 페스토 12큰술씩 바른 후 연어를 깔고 달걀노른자와 흰자 약간을 넣어주세요. 페스토 Step 3 소금, 후춧가루를 뿌린 후 180도로 예열한 오븐에서 15분 정도 구워주세요. 에어프라이어를 사용할 때는 180도에서 6분 구워주세요. Step 4 딜과 크러쉬드 레드페퍼를 뿌린 후 스푼으로 떠서 맛있게 즐겨주세요.","['고단백', '고염']",양식,일반
o68rWb7ZFEp2soHhybgehPuM,영귤 소바,영귤 6개  메밀면 200g  무 생략 가능 약간  고추냉이 약간  쯔유 8큰술  물 4큰술  영귤즙 2큰술  영귤청 1큰술,"Step 1 깨끗이 씻은 영귤을 얇게 썰어주세요. 무는 강판에 갈아 물기를 짜서 한 덩이로 뭉쳐주세요. Step 2 볼에 소스 재료를 섞어주세요. Step 3 끓는 물에 메밀면을 눌어붙지 않도록 저어주며 45분가량 삶아주세요. 물이 넘치기 전에 찬물을 23번 반복해서 부어주세요. Step 4 삶은 면은 찬물에 헹궈 물기를 뺀 후 얼음물이 담긴 그릇에 담아주세요. Step 5 썰어 둔 영귤을 위에 올린 후 남은 자투리 부분의 영귤은 즙을 짜서 넣어주세요. Step 6 차가운 메밀면을 간장 소스에 찍고 고추냉이와 간 무를 기호에 맞게 곁들여 영귤과 함께 맛있게 즐겨주세요. 기호에 따라 김, 가쓰오부시, 송송 썬 쪽파 등을 곁들여 드셔도 좋답니다",['고염'],일식,일반
ibxYBsg8wRA397ULcBwn6QW8,비건 라따뚜이,가지 12개  주키니 1개  토마토 6개  노란색 파프리카 2개  올리브오일 컵  다진 파슬리 약간  소금 약간  후춧가루 약간  마늘 3톨  양파 개  로즈마리 1큰술  코코넛 크림 150mL,"Step 1 토마토와 가지, 주키니, 파프리카는 2mm 두께로 얇게 썰어주세요. tip. 단면이 너무 작은 채소 자투리는 모아두세요. 파프리카가 크다면 반으로 잘라 사용해 주세요 Step 2 마늘과 양파는 잘게 썰고, 자투리 채소는 깍둑 썰어 주세요. Step 3 팬에 올리브오일 2 큰술을 두르고 마늘과 양파를 볶다가 다진 채소와 로즈마리 를 넣어 채소가 뭉근하게 익을때 까지 볶아주세요. Step 4 볶은 재료를 블렌더에 갈고, 코코넛 크림과 함께 끓여 주세요. 소금 1작은술과 후춧가루를 넣어 약불에서 저어가며 5분 정도 끓여주세요. Step 5 얇게 썰어둔 가지와 주키니, 토마토, 피망을 겹쳐 준비해 주세요. Step 6 오븐 팬에 완성된 소스를 담고, 겹쳐둔 채소를 올린 후 소금, 후춧가루를 뿌려주세요. 잘게썬 파슬리와 올리브오일을 섞어 채소위에 발라주세요. Step 7 도로 예열한 오븐에서 약 2030분간 구워주세요. Step 8 그릇에 담아 맛있게 즐겨주세요.","['저칼로리', '고지방', '고염']",채식,채식
Hx7Wk3qJVqtQ9R4VevXiJ4X3,강레오 고등어구이,고등어 필렛 130g | 오일 적당량 | 소금 적당량 | 후춧가루 적당량,"Step 1 충분히 해동된 고등어를 깨끗하게 씻어 주세요. 고등어에 묻은 물기를 닦아내 수분을 완전히 제거해 주세요. tip. 수분을 제거해야 구울 때 기름이 튀지 않고 냄새가 안 나요 Step 2 고등어 양면에 소금과 후춧가루를 적당량 뿌려 밑간을 해 주세요. tip. 소금은 굵은 것보다 고운 입자를 사용하는 게 좋아요. 굵은소금이 있다면 곱게 갈아주세요 Step 3 팬에 오일을 두르고 중간불로 달궈 주세요. 고등어의 껍질이 아래로 향하도록 올린 후, 중약불로 낮춰 10초 정도 꾹 눌러 구워주세요. 고등어가 80 정도 익었을 때 뒤집어 10초 정도 더 익혀 주세요. Step 4 겉은 바삭, 속은 촉촉하게 익은 고등어구이를 맛있게 즐겨 주세요.","['고지방', '고염']",한식,일반
kbBuuZArvzYvyo9TdwwZGfBX,연어 빠삐요뜨,연어 350400g  아스파라거스 6대  양파 개  브로콜리 송이  감자 개  케이퍼 약간  레몬 개  버터 2큰술  화이트와인 컵  딜 약간  올리브유 2큰술  소금 약간  후춧가루 약간  허브 가루생략 가능 약간,"Step 1 트레이에 연어와 밑간 재료를 넣어 10분 정도 밑간을 해주세요. Step 2 아스파라거스는 밑동을 잘라내고 필러로 껍질을 벗겨주세요. 양파는 채썰고, 브로콜리는 먹기 좋은 크기로 잘라주세요. Step 3 감자는 깨끗이 씻어 적당한 크기로 자르고, 레몬은 껍질 째 깨끗이 씻어 얇게 슬라이스해주세요. Step 4 종이호일 위에 감자와 양파, 아스파라거스를 깔고 연어를 올려주세요. Step 5 레몬과 딜, 브로콜리, 케이퍼를 올린 후 버터, 소금, 후춧가루를 뿌리고 종이호일로 밀봉하다가 마지막에 화이트와인을 붓고 완전히 밀봉해주세요. Step 6 도로 예열된 오븐에서 20분간 구워주세요. tip.전자레인지에 돌릴경우 5분, 에어프라이어 사용 시 180도 15분 정도 돌려주세요. Step 7 연어와 야채를 함께 곁들여 맛있게 즐겨주세요.","['고단백', '저칼로리', '고지방', '고염']",양식,일반
V3gD7waTHNbtrTFhFFMZMLmz,타르티플레트,감자 4개 500g  까망베르 치즈 1개  양파 개  두꺼운 베이컨 줄 120g  버터 1큰술  소금 약간  후춧가루 약간  파슬리 약간,Step 1 깨끗이 씻은 감자를 냄비에 넣고 감자가 잠길 정도의 물과 소금 1작은술을 넣어 끓여주세요. 감자가 푹 익을 때까지 15분 정도 끓인 후 찬물에 헹궈 껍질을 벗겨주세요. Step 2 삶은 감자는 1cm 두께로 잘라주세요. 양파는 채를 썰어주세요. 베이컨은 도톰하게 썰어주세요. Step 3 달군 팬에 버터와 양파를 넣고 후추를 뿌려 볶다가 베이컨삶은 감자 순으로 넣어 볶아주세요. Step 4 오븐 용기에 볶은 베이컨과 양파를 담고 삶은 감자를 올린 후 까망베르 치즈를 반으로 갈라 올려주세요. 190도로 예열한 오븐에서 20분간 구워주세요. 오븐 Step 5 치즈가 녹으면 가볍게 섞어준 후 200도의 오븐에서 20분간 한 번 더 구워주세요. tip. 오븐마다 성능의 차이가 있으니 시간을 조절해 만들어주세요 Step 6 완성된 타르티플레트에 파슬리를 뿌려 맛있게 즐겨주세요.,"['고지방', '고염']",양식,일반
EYZXxvgPLWioEzHbBGmk4Gkj,치즈버거,햄버거빵 2개  다진 쇠고기 300g  슬라이스 치즈 4장  가염 버터 1큰술  소금 약간  후춧가루 약간  바베큐 소스 1큰술  마요네즈 1큰술,"Step 1 쇠고기의 핏물을 키친타월로 닦아내고 소금, 후춧가루로 밑간해 주세요. Step 2 밑간한 쇠고기를 둥글고 납작한 패티 모양으로 빚은 후 구이 전용 팬에 올려주세요. 구이 전용 팬을 4단에 넣고 광파오븐 수동 요리 구이에서 15분간 구워주세요. 조리가 끝나면 패티 위에 치즈를 올린 후 오븐 안에서 5분간 두세요. tip. 오븐으로 전송버튼을 누르면 간단하게 설정할 수 있어요 Step 3 햄버거빵에 버터를 바른 후 구이 전용 팬에 올려 광파오븐 수동 요리 구이에서 5분간 구워주세요. Step 4 빵에 소스를 바르고 패티를 2장 올린 후 빵으로 덮어주세요. Step 5 완성된 치즈버거를 맛있게 즐겨주세요. tip. 기호에 따라 토마토나 양상추, 베이컨 등을 곁들여도 좋아요","['고지방', '고염']",양식,일반
ACxZbqBF1Vb3snHtZdTMwPDe,한치 초무침,손질된 한치 2마리 (400g) | 미나리 한 줌 (50g) | 오이 ½개 | 양파 ⅓개 | 청고추 1개 | 홍고추 1개 | 통깨 약간 | 고춧가루 3큰술 | 고추장 2큰술 | 매실청 1큰술 | 식초 2큰술 | 물엿 2큰술 | 설탕 1큰술 | 다진 마늘 1큰술 | 후춧가루 약간,"Step 1 양파는 채를 썰고 오이와 미나리도 비슷한 크기로 잘라주세요. 청홍고추는 어슷하게 썰어주세요. Step 2 볼에 양념 재료를 넣고 섞어주세요. Step 3 한치는 흐르는 물에 씻어주세요. 내장이 붙어있던 쪽에 칼집을 넣은 후 먹기 좋은 크기로 잘라주세요. Step 4 끓는 물에 소금을 넣고 한치를 살짝 데친 후 체에 밭쳐 식혀주세요. tip. 얼음물에 담가 빠르게 식히면 한치의 쫀득한 식감이 유지돼요 Step 5 데친 한치와 썰어둔 야채, 양념장을 넣어 골고루 버무린 후 통깨를 뿌려 마무리해 주세요.","['저칼로리', '고염']",한식,일반
3nsa7GXPBusZCfvb4PUVieiw,꽁치김치찌개,꽁치통조림 1캔(400g) | 배추김치 2컵(400g) | 대파 1/3대 | 청고추 1/2개 | 홍고추 1/2개 | 멸치다시마육수 2컵 | 식용유 약간 | 고춧가루 1/2큰술 | 다진 마늘 1작은술,"Step 1 꽁치는 체에 밭쳐 국물을 빼서 준비하고 배추김치는 한입 크기로 썰고 대파와 청고추, 홍고추는 어슷하게 썰어주세요. tip 기호에 따라 꽁치통조림 국물을 12컵 정도를 꽁치와 함께 넣어 주면 감칠맛을 더 할 수 있어요. Step 2 달군 냄비에 기름을 두르고 배추김치를 넣어 중간불에서 3분 정도 볶아주세요. Step 3 멸치다시마육수를 넣어 10분 정도 강불에서 끓여주세요.김치가 너무 익어 신맛이 강할때는 설탕 12큰술을 넣어주세요. Step 4 꽁치와 꽁치통조림 국물 12컵, 양념재료를 넣어 중약불에서 7분 정도 끓여주세요.김치의 염도에 따라 약간의 김칫국물을 가감해서 간을 조절해주세요. Step 5 마지막에 대파와 청고추, 홍고추를 넣고 한소끔 끓이고 불을 꺼주세요. tip. 기호에 따라 마지막에 참기름 약간 두른 후 먹어도 좋아요.","['고지방', '고염', '고당']",한식,일반
dNzftYrU3KQDqLgY5wXv3Jv5,조염새우,중새우 15마리  마늘 20개  대파 1대  사천고추 5개  감자 전분 2컵  식용유 5컵1L  간장 1작은술  파기름 1큰술  소금 약간  산초가루 작은술  치킨파우더 1큰술  백후춧가루 1작은술  설탕 1작은술,"Step 1 새우는 내장을 제거한 후 날카로운 부분을 가위로 제거하고, 마늘은 곱게 다진 뒤, 대파는 어슷 썰기해 주세요. 다진 Step 2 봉지에 새우와 감자 전분을 넣고 흔들어 주세요. Step 3 볼에 분량의 소스 재료를 섞어서 준비해 주세요. Step 4 팬에 식용유 5컵1L을 붓고 아지랑이가 피어오르면 마늘을 먼저 튀겨 체에 받쳐 기름을 뺀 후 그릇에 담고 새우를 바삭하게 튀겨 준비해 주세요. Step 5 완성 팬에 파기름을 두르고 간장으로 향을 낸 후 새우, 마늘, 대파, 사천고추, 순서 3의 소스를 넣고 마르게 볶아 주세요. Tip. 마늘을 튀길 때 물에 10분간 담근 후 흐르는 물에 씻고 체에 받쳐, 수분을 제거해서 튀겨 주세요.","['고단백', '고지방', '고염']",중식,일반
8rzCBURnq4LdQes7CbVCPUE6,감자샐러드,감자 3개(700g) | 오이 1/2개 | 당근 1/4개 | 달걀 2개 | 버터 1큰술 | 소금 약간 | 후춧가루 약간 | 마요네즈 150g | 허니머스터드 1큰술 | 올리고당 1큰술 | 설탕 1큰술,"Step 1 감자는 껍질째 씻어 4등분하고, 김이 오른 찜통에 포슬거리도록 20분 정도 쪄주세요 Step 2 찐감자는 껍질을 벗겨 뜨거울 때 볼에 넣어 으깨고, 버터와 소금,후추를 넣어 섞어주세요. Step 3 오이는 둥근 모양대로 얇게 썰고, 당근은 잘게 다진 후 소금을 뿌려 5분 정도 절였다가 물기를 꽉 짜주세요. Step 4 달걀은 소금물에 담고 완숙이 되도록 약 15분 정도 삶아 찬물에 넣어 껍질을 까주세요. 흰자와 노른자를 분리해서 흰자는 다지고, 노른자는 체에 내려 가루로 만들어주세요. Step 5 볼에 감자와 오이, 당근, 달걀 흰자, 소스재료를 넣어 섞어주세요. Step 6 그릇에 먹기 좋게 담은 후 달걀 노른자를 뿌려 마무리 해주세요.","['고단백', '저칼로리', '고지방', '고염']",한식,일반
Jt5EHvHTcgAYU6xkdQvpb5uR,중국식 잡채 덮밥,밥 1공기  중국 당면 반 줌100g  돼지고기 등심 50g  표고버섯 3개  양파 개  당근 개  죽순 20g  불린 목이버섯 3개  대파 대  마늘 2개  전분 1컵  식용유 3큰술  노두유 약간  굴소스 1큰술  백후춧가루 약간  설탕 작은술  참기름 1작은술  간장 1작은술  청주 1큰술  닭 육수 컵,"Step 1 중국 당면은 미리 찬물에 30분간 담궈서 불려놔 주세요. Step 2 모든 채소와 버섯은 채 썰고, 마늘, 대파는 다져서 준비해 주세요. Step 3 고기는 채 썰어 마리네이드 한 후 기름에 볶아서 준비합니다. Step 4 분량의 재료를 골고루 섞어서 소스를 만들어 주세요. Step 5 완성 팬에 기름을 두르고 대파, 마늘을 넣어 향을 내주세요. 모든 채소와 고기를 넣고 볶은 뒤 순서 4의 소스를 넣어 볶고 마지막에 당면을 넣고 마무리하면 완성이랍니다. Tip. 중국 당면은 전분을 원료로 만들어 말린 면으로, 한국의 당면과 달리 두껍고 탱탱한 게 특징이예요","['저칼로리', '고지방']",중식,일반
et2QFVj4eT3qXBifbbmAWivi,들깨 연두부 샐러드,연두부 1팩  금귤 3개  베이비싹 10g  양상추 개  치커리 2줄기  들깨가루 컵  식초 60g  소금 큰술  설탕 2큰술  마늘장아찌 국물 컵  깨소금 큰술,"Step 1 연두부, 금귤, 베이비싹, 양상추, 치커리를 깨끗하 게 손질해 주세요. Step 2 양상추는 먹기 좋게 자르고 5분 정도 물에 담가놔 주세요. 오랜 시간 담가두면 영양소가 많이 파괴될 수 있으므로 5분을 넘기지 않는게 좋답니다. Step 3 금귤은 절반을 자른 후 안에 씨를 제거해 주고, 분량의 재료를 믹서기에 갈아서 소스를 만들어 주세요. Step 4 완성 연두부를 자연스럽게 자르고 손질된 채소를 혼합하여 그릇에 담아 소스를 뿌려주면 완성이랍니다. Tip. 소스 재료 중 마늘 장아찌 국물이 없으면 식초 2큰술, 물 2큰술, 설탕 2큰술, 소금 약간을 넣 어 만들어 주세요","['고단백', '저칼로리', '고염', '고당']",채식,채식
Px5W7sZYtYi9iwHf4p9gXJRv,황태미역국,건미역 20g (불린 미역 2컵) | 황태 50g | 참기름 2큰술 | 물 6컵 | 국간장 2큰술 | 멸치 액젓 1큰술 | 다진 마늘 1/2큰술 | 소금 약간 | 후춧가루 약간,Step 1 불린 미역은 먹기 좋은 크기로 잘라주세요. 찬물에 건미역을 넣고 20분 정도 불리고 깨끗하게 헹군 후 사용해주세요. Step 2 황태는 먹기 좋은 크기로 자른 후 물에 1분 정도 불린 후 물기를 꽉 짜주세요. 황태채를 물에 담가 불리면 불순물과 냄새가 제거되고 부드러워져요. Step 3 달군 냄비에 참기름을 두른 후 미역과 황태를 중약불에서 3분 정도 볶다가 물 2컵을 넣어 3분 정도 더 끓여주세요. Step 4 나머지 물을 넣은 후 국물 양념 재료를 넣어 간을 맞춰 5분 정도 끓여주세요. 부족한 간은 소금으로 가감해서 만들어주세요. Step 5 맛있게 즐겨주세요.,"['고지방', '고염']",한식,일반
KPpNFcQamFdxi3KyYCGXD7jg,두릅 소고기 말이,두릅 10~15개 | 소고기 (불고기감) 200g | 식용유 약간 | 전분 1큰술 | 통깨 약간 | 소금 약간 | 후춧가루 약간 | 청주 1큰술 | 간장 1큰술 | 맛술 1큰술 | 올리고당 2큰술 | 물 4큰술 | 참기름 1작은술 | 실고추 (생략가능) 약간 | 쪽파 (생략 가능) 약간,Step 1 두릅은 밑동을 잘라내고 겉껍질을 제거해주세요. 줄기의 잔가시를 제거한 후 물에 씻어 주세요. Step 2 소고기는 키친타월에 올려 핏물을 제거한 후 밑간 재료를 골고루 발라주세요. 양념재료는 잘 섞어주세요. Step 3 끓는 물에 소금 1작은술을 넣고 두릅을 줄기 부터 넣어 30초 정도 데쳐주세요. 데친 두릅은 찬물에 헹궈 채반에서 물기를 빼주세요. Step 4 소고기에 전분을 약간 뿌린 후 데친 두릅을 넣어 돌돌 말아주세요. Step 5 달군 팬에 기름을 약간 두른 후 소고기의 이음새 부분이 아래로 가도록 올려 노릇하게 구워주세요. Step 6 두릅을 구운 팬에 양념 재료를 넣고 끓어오르면 구워둔 두릅 소고기 말이를 넣어 졸여주세요. Step 7 완성된 두릅 소고기 말이를 접시에 담고 고명을 올려 장식한 후 맛있게 즐겨주세요.,"['고단백', '고지방', '고염']",한식,일반
8TnuRTjwyppRTrrKyibGR3LV,해물 볶음 짬뽕,"생면 한 줌200g  청경채 2개  양파 개  애호박 개  죽순 30g  목이버섯 1개  대파 약간  오징어 마리  중새우 4마리  홍합 6개  식용유 1과 큰술  다진마늘 1작은술  다진생강 작은술  두반장 1작은술  고운 고춧가루 1큰술  물전분 1과 큰술  물 1컵  치킨파우더 작은술  설탕 작은술  굴소스 큰술  소금,후춧가루 약간씩  참기름 1작은술","Step 1 양파, 호박, 죽순, 대파는 채 썰고, 목이버섯은 뜨거운 물에 담가 불린 뒤 청경채와 함께 먹기 좋게 썰어놓습니다. Step 2 오징어는 안쪽에 칼집을 넣어 채 썰고, 새우는 등 부분의 내장을 제거하고 손질하여 홍합과 함께 준비해 주세요. Step 3 팬에 식용유를 두르고 다진 마늘, 다진 생강, 대파를 두반장과 함께 볶아 향을 내주세요. Step 4 순서 3에 1의 채소를 넣어 볶으면서 고춧가루를 넣고 채소에 잘 흡수되도록 계속 볶아주세요. Step 5 순서 4에 물을 붓고 2의 해물을 넣어 끓여주세요. 육수가 잘 끓어오르면 분량의 물, 치킨파우더, 굴소스, 설탕, 소금, 후춧가루 를 넣어 양념을 해주세요. Step 6 완성 순서 5에 잘 삶아서 찬물로 헹군 생면을 넣고 물전분으로 농도를 맞춘 후 참기름을 넣어 완성해 주세요. 기호에 맞게 부추를 함께 곁들이면 좋답니다. Tip. 생면은 소스에 한 번 더 볶기 때문에 살짝 덜 삶아 찬물에 씻어 물기를 빼놓는 게 좋아요","['고단백', '저칼로리', '고지방', '고염', '고당']",중식,일반
9maZeYYVnjj6HGwHFpZTvTfG,매생이전,매생이 150g | 새우살 1+½컵 (150g) | 홍고추 1개 | 부침가루 ½컵 | 식용유 적당량 | 부침가루 1컵 | 달걀 1개 | 소금 두 꼬집 | 물 1컵 | 간장 1큰술 | 맛술 ½큰술 | 식초 1작은술 | 송송 썰은 청양고추 (생략 가능) 약간,Step 1 매생이는 고운 체에 받쳐 물에 여러번 헹궈 깨끗이 씻고 가위로 먹기좋게 자른 후 물기를 빼주세요. Step 2 새우살은 반 갈라 포를 떠서 준비하고 홍고추는 얇게 송송 썰어주세요. Step 3 볼에 전 반죽 재료를 넣고 섞은 후 매생이를 넣어 섞어주세요. Step 4 새우 한 면에 부침가루를 묻혀 주세요 Step 5 달군 팬에 약간의 기름을 두르고 수저로 반죽을 올린 후 새우와 홍고추를 올려 구워 주세요. tip. 반죽이 익기 전에 새우를 반죽에 꾹 눌러 붙여야 떨어지지 않아요. Step 6 전 간장에 찍어 맛있게 즐겨주세요.,"['고단백', '고지방', '고염']",한식,일반
48HYGBeRXgJGy6BKhTSGAesV,된장소스 치즈 가지구이,가지 1개  스카모르짜 치즈 개  리코타 치즈 80g  차이브 5줄기  된장 2티스푼  설탕 2티스푼  간마늘 티스푼  맛술 3티스푼  깨 3티스푼  꿀 티스푼  올리브유 약간,"Step 1 가지는 2cm 크기로 썰어 팬에서 노릇하게 구워 주세요. Step 2 스카모르짜 치즈는 얇게 썰어 주세요. Step 3 된장, 설탕, 간 마늘, 깨, 맛술, 꿀을 함께 넣고 갈아준 뒤 구워진 가지에 만들어둔 된장 소스를 바르고 스카모르짜 치즈를 올려서 250도 오븐에서 3분간 구워 주세요. Step 4 완성 짤 주머니에 리코타 치즈를 넣고 오븐에서 빼낸 가지 위에 치즈를 올린 뒤 차이브를 곁들인 후 접시에 담아 주세요.","['고지방', '고염', '고당']",양식,일반
NZBaqTAVanLijzkG3QZbTBQF,망고샐러드,망고 1개  샐러드용 채소 1줌  방울토마토 34개  닭가슴살 2조각  소금.후추 약간씩  고수 약간  올리브오일 6큰술  레몬즙 3큰술  스위트 칠리소스 3큰술  피시소스 2큰술  다진 양파 50g  고추씨 약간,"Step 1 닭가슴살은 소금, 후추를 뿌려 밑간을 해주세요. 달군 팬에 기름을 살짝 두르고 밑간한 닭가슴살을 구운 후 2cm 두께로 잘라주세요. 망고는 가운데 씨가 있는 부분을 중심으로 3등분 하여 씨를 발라낸 후 바둑판 모양으로 칼집을 내어 도려내주세요. Step 2 채소는 깨끗하게 씻은 후 체에 밭쳐 물기를 제거하고 한입 크기로 준비해주세요. 그릇에 샐러드용 채소와 방울토마토, 망고, 닭가슴살, 고수를 담고 드레싱 재료를 골고루 섞어 뿌려주세요. Step 3 그릇에 담아 마무리해주세요.","['고단백', '저칼로리', '고지방', '고염']",양식,일반
fpJ28RMw9tXLu7KQqGYRvphp,케일 주스,즙용 케일 2장  사과 1개  파인애플 슬라이스 2개100g  아보카도 1개  코코넛워터 2컵,"Step 1 케일을 돌돌 말아 적당한 크기로 잘라주세요. 깨끗이 씻은 사과는 껍질 째 4등분 후 씨 부분만 제거해 주세요. 아보카도는 칼집을 넣어 반으로 가른 후 씨를 빼고 속살에 칼집을 넣어주세요. tip. 사과는 케일의 씁쓸함을 줄여주며 영양소의 궁합이 잘 맞아요 tip. 사과의 껍질에 영양소가 많이 있으므로 껍질째 먹는 것이 좋아요 Step 2 블렌더에 케일, 사과, 파인애플, 아보카도, 코코넛워터를 넣어 갈아주세요. Step 3 컵에 담아 맛있고 건강하게 즐겨주세요.",['일반'],다이어트,다이어트
pjxzMMJoYSdSjjaLScWo3BYF,닭가슴살 또띠아롤,통밀또띠아 1장  소분한 닭가슴살 장조림 100g  슬라이스 치즈 1장  빨간. 노란 파프리카 60g  청상추 5장  크러쉬드 레드페퍼생략가능 약간,"Step 1 청상추는 흐르는 물에 씻은 뒤 물기를 털어내주고, 빨강 노랑 파프리카는 채 썰어주세요. Step 2 달굴 팬에 통밀또띠아를 앞뒤로 5초씩 구워주세요. Step 3 랩을 깔고 구운 통밀또띠아를 올려요. 슬라이스 치즈, 닭가슴살 장조림, 파프리카, 청상추를 올려주세요. Step 4 끝에서부터 돌돌 말고, 랩으로 두 번 정도 감싼 뒤 반으로 어슷 썰어 밀폐용기에 담아주세요. Step 5 완성 기호에 따라 크러쉬드 레드페퍼홀을 뿌려 맛있게 즐겨주세요. Tip. 원하는 채소나 과일을 넣어도 좋아요.","['고단백', '저칼로리', '고지방', '고염']",다이어트,다이어트
eH8yJs2i1Ddj5pfQFLHSfAq2,채식 양배추 덮밥,양배추 3장 | 양파 ¼개 | 팽이버섯 한 줌(120g) | 마늘 3쪽 | 쪽파 2줄기 | 식용유 약간 | 밥 2공기 | 소금 약간 | 후춧가루 약간 | 통깨 약간 | 된장 1+½큰술 | 올리고당 1큰술 | 맛술 ½큰술 | 참기름 1큰술 | 다진대파 1큰술 | 다진 마늘 1작은술 | 깨소금 1작은술,Step 1 양배추와 양파는 채를 썰어주세요. 마늘은 편으로 썰고 쪽파는 송송 썰어주세요. 밑동 부분을 자른 팽이버섯은 먹기 좋게 손질해 주세요. Step 2 볼에 된장소스 재료를 넣고 섞어주세요. Step 3 달군 팬에 식용유를 두른 후 마늘을 넣어 볶다가 향이 나면 양파를 넣고 소금과 후추를 뿌려 볶아주세요. Step 4 양파가 반쯤 익으면 양배추를 넣고 볶다가 마지막에 팽이버섯을 넣고 소금과 후춧가루를 뿌려 볶아주세요. Step 5 밥 위에 양배추 볶음을 올리고 된장소스를 얹은 후 실파와 통깨를 뿌려 맛있게 즐겨주세요.,"['저칼로리', '고염']",한식,일반
6fSfze3CQQkUvdfcDNvYVVWK,명란두부찌개,명란젓 2덩이(80g) | 두부 1/2모 | 애호박 1/3개 | 양파 1/4개 | 대파 1/4대 | 청양고추 1/2개 | 홍고추 1/2개 | 다시마 멸치육수 3컵 | 새우젓 1/2큰술 | 다진 마늘 1/2큰술,"Step 1 명란젓은 소금물에 살살 씻은 후, 2cm 길이로 먹기 좋게 잘라주세요. Step 2 두부와 애호박, 양파는 한입 크기로 자르고, 대파와 청양고추, 홍고추는 어슷 썰어주세요. Step 3 냄비에 다시마 멸치 육수와 양념 재료를 넣어 3분 정도 끓여주세요. Step 4 끓어오르면 양파, 애호박을 넣고 한소끔 끓여주세요. Step 5 마지막에 대파와 청홍고추, 명란, 두부를 넣어 끓여주세요. Step 6 완성된 명란두부찌개를 맛있게 즐겨주세요. 부족한 간은 약간의 소금이나 새우젓으로 가감해서 간을 맞춰주세요.","['고단백', '저칼로리', '고염']",한식,일반
xE5VFz5rna4zPPqJAVun7Ssa,무쌈말이,"쌈무 1팩 | 오이 1개 | 당근 1/2개 | 양파 1/2개 | 크래미 맛살(또는 닭가슴살,훈제오리) 4개 | 파프리카(노랑, 주황) 1/2개씩 | 무순 약간 | 부추 약간 | 소금 약간 | 연겨자 1/2작은술 | 머스터드소스 2큰술 | 식초 1큰술 | 매실액 1큰술 | 통깨 약간","Step 1 오이와 당근은 6cm길이로 자른 후 얇게 채를 썰고, 양파와 파프리카도 얇게 채썰어주세요. 크래미는 길이대로 3등분 해주세요. Tip 채썬 양파는 찬물에 담가 두면 매운맛을 없앨 수 있어요. 취향에 따라 크래미 대신 닭가슴살이나 훈제오리를 넣어 드셔도 좋아요. Step 2 끓는 물에 소금을 넣고 부추를 데친 후, 찬물에 헹궈 물기를 제거해주세요. 데친 부추는 무쌈말이를 묶는 끈으로 사용할 거예요 Step 3 볼에 소스재료를 넣어 섞어주세요. Step 4 무쌈의 물기를 살짝 제거하고, 준비한 재료를 적당량 넣은 후 돌돌 말아 부추 끈으로 묶어 모양을 만들어주세요. 무쌈의 물기를 너무 많이 짜게 되면 새콤달콤한 간이 다 빠지게 되어 맛이 덜할 수 있으니 유의해주세요 Step 5 소스를 곁들여 즐겨주세요.","['고단백', '저칼로리', '고염']",한식,일반
QzEpZUQgqvrVD8raoiYVrATH,목살김치찜,목살 1kg | 신김치 1/2포기 | 양파 1/2개 | 대파 1대 | 홍고추 1개 | 청양고추 1개 | 멸치다시마육수(또는 쌀뜨물) 500ml | 된장(생략 가능) 1/2큰술 | 김치국물 1컵 | 국간장 1큰술 | 맛술 2큰술 | 고춧가루 1큰술 | 설탕 1큰술 | 다진 마늘 1큰술 | 후춧가루 약간,"Step 1 김치는 꼭지를 붙인 채 3등분하여 썰어주세요. 볼에 양념 재료를 넣고 섞어 양념장을 만들어주세요. tip 김치의 숙성 정도에 따라 설탕을 가감해주세요 Step 2 목살은 큼직하게 자르고, 양파는 굵게 채썰어주세요. 대파와 고추는 어슷하게 썰어주세요. Step 3 냄비에 김치를 담고 목살과 양파를 올린 후 양념장과 멸치다시마육수, 된장을 넣고 끓기 시작하면 불을 중간불로 줄여 1시간 20분 정도 끓여주세요. tip 끓이는 중간 뚜껑을 열어 김치가 바닥에 눌지 않도록 저어가며 끓여주세요 tip 부족한 간은 김치국물과 소금을 가감해서 조절해주세요 Step 4 마지막에 대파와 홍고추, 청양고추를 넣고 한소끔 끓인 후 목살을 먹기 좋은 크기로 잘라 김치와 함께 맛있게 즐겨주세요.","['고염', '고당']",한식,일반
E9KLkhjdNgCwFWQxHKvZnvXa,옥도미 맑은 국,옥도미 1마리  무 개  구운 대파 개  유자 껍질 조금  물 5컵900ml  정종 3큰술  다시마 1장  소금 조금,"Step 1 옥도미는 비늘과 내장을 제거하고 머리를 자른 후 세 장 뜨기 해주세요. 머리와 뼈는 손질해서 물에 담가 피를 빼줍니다. 옥도미는 30g1인분 정도로 자르고 소금을 뿌려 놓아 주세요. Step 2 머리와 뼈는 170도 오븐에서 15분간 구워주세요. Step 3 물에 다시마, 머리와 뼈, 토막낸 무를 넣고, 1시간 동안 끓여 육수를 만들어 주세요. 무가 다 익으면 2cm x 2cm로 잘라 주세요. Step 4 순서 1의 옥도미 살은 160도 오븐에서 5분간 구워 주고, 대파는 0.5cm로 어슷 썰어 프라이팬에 볶아 주세요. Step 5 완성 육수에 물, 옥도미, 대파를 넣고 끓인 후, 그릇에 담고 무, 유자 껍질을 첨가해 주시면 완성이예요. Tip. 1. 비리면 정종을 더 넣어 주세요. 2. 오븐이 없으면 머리와 뼈는 굽지 말고 그냥 육수를 만들어 주세요. 3. 옥도미 살은 프라이팬에 약간의 물을 넣고 구워주어도 좋아요.",['고염'],일식,일반
3RtqfunMR3h1TBWUAc1CLiUm,고추간장장아찌,풋고추 50개 | 청양고추 30개 | 통마늘 30개 | 식초 1½컵 | 간장 2컵 | 물 2컵 | 설탕 1½컵,Step 1 고추와 마늘은 깨끗이 씻어 체에 밭쳐 물기를 빼고 고추의 꼭지는 따지 않고 1센치 정도 남겨 자르고 고추 끝쪽에 이쑤시개로 한 두 군데 구멍을 내주세요. 마늘은 꼭지만 떼어 준비해주세요. 마늘의 크기가 클 때는 길이로 반을 잘라 만들어 주세요. Step 2 냄비에 절임장재료를 넣고 팔팔 끓인 후 마지막에 식초를 넣고 불을 꺼주세요. Step 3 소독한 유리용기에 고추와 마늘을 담고 식힌 절임장을 부어주세요. 고추가 절임장에서 뜨지 않도록 누름돌로 꼭 눌러 숙성해주세요. Step 4 실온에서 5일 정도 숙성 후 절임장을 따라내어 다시 끓여 식힌 후 고추와 마늘에 붓고 냉장 보관해주세요.,['일반'],한식,일반
qGNYgFpWiYsir53h8FAUzHPZ,도토리묵,도토리가루 1컵 | 물 6컵 | 소금 1/2큰술 | 들기름 1큰술 | 진간장 4큰술 | 다진 마늘 1작은술 | 고춧가루 1큰술 | 다진 청양고추 2큰술 | 참기름 1큰술 | 설탕 1/2큰술 | 통깨 약간 | 후춧가루 약간,Step 1 볼에 도토리가루와 물을 넣고 거품기로 잘 섞어주세요. Step 2 섞은 재료를 냄비에 담고 센불에서 한방향으로 빠르게 저어가며 끓여주세요. Step 3 재료가 응고되면서 기포가 끓어오르기 시작하면 불을 약불로 줄이고 15분간 천천히 저어주세요. Step 4 들기름과 소금을 넣고 다시 5분간 천천히 저어주세요. tip. 들기름을 넣으면 묵에서 윤기가 나고 더욱 고소해요. 들기름이 없다면 참기름이나 일반 식용유를 사용해도 좋아요 Step 5 완성된 도토리묵은 밀폐용기나 굳힐수있는 적당한 크기의 용기에 붓고 상온에서 식혀주세요. Step 6 굳힌 도토리묵을 먹기 좋게 썰어주세요. tip. 도토리묵은 밀폐하여 냉장 보관하면 34일간 보관이 가능해요 tip. 물을 넣어 함께 보관하면 수분이 증발하는것을 막아줘요. 또한 굳은 묵은 끓는물에 3분간 데쳐 사용하면 더욱 부드럽게 즐길 수 있어요 Step 7 볼에 양념장 재료를 넣고 섞어주세요. 양념장을 곁들여 맛있게 즐겨주세요.,"['고지방', '고염']",한식,일반
eYRDWBdXLyenF86k5abPdx38,보리새우 시금치 된장국,시금치 220g | 된장 2큰술 | 물 4컵 | 보리새우 2큰술 | 다진마늘 약간 | 국간장 약간,"Step 1 손질한 시금치, 보리새우, 다진마늘을 준비해 주세요. Step 2 냄비에 보리새우를 먼저 넣고 볶다가, 분량의 물과 된장, 국간장, 다진 마늘을 넣고 끓여주세요. 다진 Step 3 가 끓어오르면 불을 낮추어 은근하게 5분 정도 더 끓인 후, 손질한 시금치를 넣고 한소끔 더 끓여주세요. Step 4 완성 된장국 맛이 잘 우러날 때까지 끓여주세요. Tip. 보리새우는 마른 팬이나 냄비에 볶은 후 사용해야 잡내가 줄고, 비린 맛 없이 육수를 낼 수 있어요. 또한, 볶음요리에 활용하면 고소하고 바삭하게 즐길 수 있어요.","['고단백', '고염']",한식,일반
8dUWiS3p8yopZMrTHf7t59Hq,들기름 막국수,메밀면 200g  김밥 김 2장  들기름 4큰술  통깨 4큰술  쪽파 1줄기  간장 3큰술  설탕 1작은술  식초 1작은술  한식 채수 3큰술,Step 1 끓는물에 메밀면을 펼쳐 넣고 젓가락으로 저어 면끼리 달라붙지 않도록 저어주세요. 물이 끓어오르면 찬물 한 컵을 23회 반복해서 부어 국수를 삶아주세요. 흐르는 찬물에 면을 여러 번 씻어 전분기를 없애고 체에 받쳐 물기를 빼주세요. Step 2 볼에 소스 재료를 넣고 섞어주세요. 쪽파는 송성 썰어주세요. Step 3 믹서에 김과 통깨를 넣어 3초 정도 갈아주세요. tip. 믹서가 없다면 김을 비닐에 넣고 부숴서 사용해도 좋아요 Step 4 그릇에 면을 담고 소스와 김 가루와 쪽파를 올린 후 들기름을 취향껏 부어주세요. tip. 냉장고 속 재료를 스타일링에 활용해 보세요,['고지방'],채식,채식
N7R5tSuR84TxoGjdZ79S5n34,올리브오븐구이,그린 올리브 1컵  블랙 올리브 1컵  통마늘 컵  올리브 오일 컵  허브가루 1작은술  후춧가루 약간  크러쉬드 레드페퍼 약간  로즈마리 생략 가능 1줄기,"Step 1 통마늘은 모양대로 반으로 잘라주세요. Step 2 오븐 팬에 그린올리브와 블랙올리브, 마늘, 로즈마리를 넣은 후 올리브오일을 넣어주세요. 크러쉬드 레드페퍼와 후춧가루를 뿌려주세요. Step 3 도로 예열한 오븐에 넣어 1015분 정도 구워주세요. 기호에 따라 야채, 치즈 등을 추가로 넣어 만드셔도 맛있게 드실 수 있어요. Step 4 빵과 곁들여 맛있게 즐겨주세요.","['저칼로리', '고지방']",양식,일반
Nq9iBon6AvpDx6dEd7iqh2Qf,밀라노풍 까르보나라,"스파게티면 100g  양파 30g  마늘 1개  베이컨 70g  치킨스톡채소스톡으로 변경 가능 200ml  이태리 파슬리 5줄기  달걀 2개  꽃소금 약간  소금, 후추 약간  그라나 파다노 치즈 약간  올리브유 약간","Step 1 냄비에 꽃소금을 한 줌 넣고 물을 끓인 후 스파게티 면을 5분간 삶아주세요. 양파와 마늘은 곱게 다지고 베이컨을 1cm 크기로 썬 뒤 팬에 올리브유를 둘러 베이컨을 바삭하게 볶은 후 키친타올에 빼두세요. Step 2 베이컨 기름으로 양파와 마늘을 볶아주세요. Step 3 달걀은 흰자와 노른자를 분리하고 노른자는 풀어서 준비해 주세요. Step 4 완성 양파와 마늘을 볶은 팬에 치킨 스톡과 면을 넣고 스톡의 양이 반으로 줄어들 때까지 계속 비벼주세요. 불을 끄고 달걀을 넣어 면과 잘 비빈 후 그라나 파다노 치즈, 파슬리, 후추, 볶아 둔 베이컨을 올려 마무리합니다.","['고단백', '고지방', '고염']",양식,일반
MGWTAekmKsJGw9q2okCxDrcS,닭가슴살 볶음밥,닭가슴살 1쪽 100g  현미밥 1공기  시금치 한 줌100g  마늘 6톨  대파 대  당근 개  식용유 약간  통깨 약간  소금 약간  올리브오일 2큰술  맛술 1큰술  후춧가루 약간  파프리카 파우더 1작은술  간장 1큰술  굴소스 큰술,"Step 1 닭가슴살은 한입 크기로 자른 후 밑간 재료를 넣어 밑간해 주세요. Step 2 시금치는 3cm 길이로 자르고 마늘은 편으로 썰어주세요. 대파는 송송 썰고 당근은 작게 깍둑썰기해주세요. Step 3 달군 팬에 기름을 두른 후 시금치에 소금을 약간 뿌려 볶아주세요. 접시에 덜어주세요. Step 4 달군 팬에 기름을 두른 후 편 썬 마늘과 대파를 넣어 볶다가 노릇해지면 당근과 닭가슴살을 넣어 볶아주세요. 소금, 후춧가루를 뿌려 볶아주세요. Step 5 양념 재료와 현미밥을 넣어 볶아주세요. 볶아둔 시금치를 넣어 가볍게 볶아주세요. Step 6 통깨를 뿌려 맛있게 즐겨주세요. 기호에 따라 크러쉬드 레드페퍼, 달걀 후라이 등을 곁들여 드셔도 좋아요","['고단백', '저칼로리', '고지방', '고염']",다이어트,다이어트
ik8VdNeXGH6GNUSbgZtwtcrN,고등어 미소 조림,고등어 1마리300g  무 개  꽈리고추 3개  생강 1개  백된장 2큰술  물 2컵360ml  정종 3큰술  설탕 2큰술  연간장 1작은술,"Step 1 고등어는 머리와 내장을 제거한 후 네 토막을 낸 후 끓는 소금물에 담갔다가 얼음물에 식혀주세요. 무는 3cm x 3cm로 잘라주세요. Step 2 분량의 소스 재료는 모두 섞어 냄비에 넣어주고, 고등어와 무, 생강을 넣고 서서히 조려주세요. Step 3 마지막에 꽈리고추를 넣고 소스를 생선에 뿌리며 마무리하면 완성이예요. Tip. 1. 고등어를 한 번 데치는 이유는 고등어의 부드러운 살이 부서지지 않게 하기 위해서예요. 2. 일반적으로 백된장을 사용하지만, 백된장이 없다면 시중에서 판매되는 된장을 사용하고 대신 조리할 때 설탕을 두 배 이상 넣어주세요.","['고염', '고당']",일식,일반
FDGhdxMeaSqx2q4pjZseggWp,구운 브리 치즈 샐러드,브리치즈 개  어린 양배추 1개  애호박 개  비트 30g  아부르가 티스푼  파프리카 빨강 개  파프리카 노란색 개  아스파라거스 1줄기  프리세 2줄기  소렐 3장,"Step 1 파프리카는 토치로 구워 껍질과 씨를 벗긴 후 물기를 제거하고 얇게 썰어 주세요. Step 2 아스파라거스는 3cm로 썰고 양배추는 반으로 갈라 팬에 노릇하게 구워주세요. Step 3 애호박은 슬라이서로 얇게 밀어 뜨거운 물에 살짝 데친 후 돌돌 말아주고, 비트는 1cm 주사위 모양으로 썰어서 5분간 삶아주세요. Step 4 팬을 달구고 오일을 둘러 브리 치즈의 겉면을 노릇하게 구워주세요. Step 5 완성 접시에 구운 브리 치즈를 올리고 준비해놓은 채소들과 소렐, 프리세를 곁들여 완성해 주세요.","['저칼로리', '고지방']",양식,일반
kPW41Sk1utYTteW8jzzzigvp,꽈리고추찜무침,꽈리고추 1봉(140g) | 부침가루(또는 밀가루) 2큰술 | 홍고추 1/2개 | 참기름 1/2큰술 | 통깨 약간 | 고춧가루 1큰술 | 간장 2큰술 | 올리고당 1큰술 | 다진마늘 1/2큰술 | 다진파 1큰술,"Step 1 꽈리고추는 깨끗이 씻어 꼭지를 떼고, 포크로 구멍을 내주세요. 살짝 물기가 있는 상태에서 밀가루를 얇고, 고르게 묻혀주세요. tip. 비닐봉지에 밀가루를 넣은 후 꽈리고추를 담아 흔들어주면 고르게 묻힐 수 있어요 Step 2 찜기에 김이 오르면 꽈리고추를 넣고 뚜껑을 덮어 5분간 찐 후 트레이에 옮겨 한 김 식혀주세요. tip. 한 김 식힌 후 양념에 버무려야 밀가루 옷이 벗겨지지 않아요 Step 3 홍고추는 반으로 잘라 씨를 뺀 후 2cm길이로 얇게 채썰어주세요. 볼에 양념재료를 모두 넣어 섞어주세요. Step 4 찐 꽈리고추와 양념, 홍고추를 넣어 골고루 섞은 후 마지막에 참기름과 통깨를 뿌려 완성해주세요.","['저칼로리', '고지방']",한식,일반
S3DZD1k9v2JXhpr4iXRmHJpZ,양장피,양장피 1장70g  돼지고기 잡채용 150g  오징어몸통 1마리  새우 8마리  크래미 2줄  피망 1개  홍고추 1개  달걀 2개  오이 12개  양파 12개  표고버섯 2개  대파 14대  참기름 1큰술  굴소스 1큰술  고추기름 2큰술  통깨 약간  맛술 1큰술  간장 12큰술  생강 가루 한꼬집  소금 약간  후춧가루 약간  설탕 12작은술  다진 마늘 14작은술  연겨자 1큰술  설탕 2큰술  식초 3큰술  다진 마늘 12작은술  참기름 12작은술  소금 한꼬집,"Step 1 돼지고기에 고기 양념 재료를 넣어 10분간 밑간을 해주세요. Step 2 달걀은 약간의 소금을 넣고 잘 섞은 후 체에 내리고 지단을 부쳐 돌돌 말은 후 채를 썰어주세요. Step 3 오이는 길이로 4등분하고 씨부분을 포를 떠서 제거하고 어슷하게 얇게 썰어주세요. 피망과 홍고추, 양파, 표고버섯, 대파는 얇게 채를 썰고 크래미는 먹기 좋게 찢어주세요. Step 4 찬물에 30분 정도 불린 양장피를 끓는 물에 3분 정도 데친 후 찬물에 헹구고 먹기 좋게 채썰고, 양장피 양념 재료에 버무려 밑간해주세요. 양장피에 따라 데치는 시간은 가감해서 조절해주세요. Step 5 새우는 내장과 껍질을 벗긴 후 끓는 물에 약간의 소금을 넣고 데친 후 반으로 포를 떠주세요. 오징어는 껍질을 벗겨 몸통 안쪽에 칼집을 낸 후 끓는 물에 약간의 소금을 넣어 데쳐주세요. Step 6 접시에 달걀지단, 크래미, 오이, 오징어, 새우를 돌려 담고 가운데 양념한 양장피를 올려주세요. Step 7 달군 팬에 고추기름을 넣고 대파 채를 볶다가 밑간한 돼지고기와 양파를 넣어 볶아주세요. 돼지고기가 익으면 표고버섯, 피망, 홍고추를 넣어 볶고 굴소스와 약간의 소금과 후춧가루로 밑간하고 참기름을 넣어주세요. Step 8 양장피 위에 볶은 돼지고기와 채소를 올리고 통깨를 뿌리고 먹기직전에 겨자소스를 곁들여주세요.","['고단백', '저칼로리', '고지방', '고염']",중식,일반
XnrE9pL7gYdXzd3axJ6K7wC8,무떡,무 300g  불린 샤미 20g  표고버섯 3개  돼지고기 A 지방 100g  굴소스 15g  참기름 40g  소금 1g  다진마늘 20g  치킨파우더 30g  찹쌀가루 250g  감자전분 50g  물 250g  기름 100g,Step 1 무는 껍질을 제거하고 채 썰어 소금에 절여놔 주세요. Step 2 표고버섯은 채 썰고 절인 무채는 수분을 제거한 뒤 재료를 준비해 주세요. Step 3 분량의 피 반죽 재료를 골고루 섞어 반죽해 주세요. Step 4 볼에 순서 2와 순서 3을 넣고 섞어주세요. Step 5 틀에 넣고 찜기에 40분간 쪄주세요. Step 6 꺼내서 먹기 좋은 크기로 썰어주세요. Step 7 완성 팬에 기름을 두르고 지져 내면 완성이예요. Tip. 1. 취향에 따라 호박이나 다른 채소를 첨가하면 영양가를 높일 수 있어요. 단 샤미의 향이 강하기 때문에 해산물보다는 육류를 첨가하는 것이 좋답니다. 2. 지질 때 기름의 양을 넉넉히 사용하여야 고소함과 풍미가 좋아요.,"['저칼로리', '고지방', '고염']",중식,일반
b4WtxzuPh1kNG1QubP3NBGsG,비건 볼로네제 파스타,"쇠고기 다짐육대체육 250g  스파게티 면 180g  양파 개  당근 개60g  샐러리 대  화이트 와인 컵  홀 토마토 1캔400g  월계수 잎 2장  다진 마늘 1큰술  후춧가루 약간  올리브유 적당량  따뜻한 물 컵  허브 가루바질, 파슬리, 오레가노 등 약간  비정제 설탕원당 1큰술  진간장 1큰술  식초 1큰술  소금 약간","Step 1 양파와 당근, 샐러리는 잘게 다져주세요. Step 2 달군 팬에 올리브유를 두르고 양파가 갈색빛이 돌 때까지 볶아주세요. 당근, 샐러리, 마늘을 넣어 살짝 볶아주세요. Step 3 대체육을 넣고 물기가 날아갈 때까지 볶아주다가 후추를 넣고 마무리해 주세요. tip. 고슬고슬한 소보로 질감이 되도록 볶아주세요 Step 4 볶은 대체육에 와인을 넣고 알코올 향이 나지 않을 정도로 35분간 팔팔 끓여주세요. tip. 와인은 잡냄새를 제거해 줘요. Step 5 소스 재료, 홀 토마토, 따뜻한 물을 넣어 으깨가며 저어주세요. tip. 꼭 따뜻한 물을 넣어주세요. 찬물을 넣으면 다시 온도가 올라가는 데 시간도 걸리고 음식의 맛도 떨어져요. 월계수 잎과 허브가루를 넣고 중간 불에서 끓여주세요. 보글보글 끓기 시작하면 약한 불로 줄여 3040분 정도 저어가며 끓여주세요. tip. 살짝 꾸덕꾸덕해질 때까지 뭉근하게 끓여주시면 돼요 tip. 기호에 따라 소금으로 간을 조절해 주세요. 페퍼론치노를 넣어 만드시면 매콤하게 드실 수 있답니다 Step 6 끓는 물 1리터에 소금  큰 술을 넣고 스파게티 면을 삶아 체에 밭쳐 물기를 빼주세요. Step 7 접시에 스파게티 면을 담은 후 볼로네제 소스를 담아주세요. 올리브유와 후춧가루, 파슬리를 살짝 뿌려 완성해 주세요. tip. 가득 만들어 오래 드시고 싶다면, 밀폐용기에 소분해서 냉동 보관 후 꺼내 드셔도 좋아요",['고염'],양식,일반
7MXrE3S4dS5acRwK8D72H1Jh,비건 코코넛 아몬드 쿠키,"통밀가루 50g  아몬드 가루 50g  베이킹소다 1g  조청 아가베 시럽, 메이플시럽, 꿀 등으로 대체 가능 65g  비정제 코코넛 오일 포도씨유 등 액체 오일로 대체 가능 10g  코코넛 플레이크 20g",Step 1 가루류를 체 쳐서 볼에 담아주세요. Step 2 조청과 녹인 코코넛 오일을 넣고 섞어 반죽해 주세요. tip. 고체 상태의 코코넛 오일은 전자레인지에 1020초 정도 돌려 녹인 후 사용해 주세요 Step 3 완성된 반죽은 약 20g씩 8등분으로 나눠 동그랗게 빚어 주세요. Step 4 쿠키 모양으로 납작하게 빚어 오븐 팬에 올려주세요. tip. 반죽은 3cm 이상 최대한 얇을수록 식감이 좋아요 Step 5 쿠키 반죽에 코코넛 플레이크를 붙여주세요. tip. 두유나 물을 바른 뒤 코코넛 플레이크를 올리면 더 잘 붙어요 tip. 완성된 쿠키는 지름 5cm 정도의 크기로 나와요 Step 6 도로 예열한 오븐에 10분 정도 구워주세요.,"['고지방', '고당']",채식,채식
csiwgC5oEnx4JZAM5JS5dXUw,쪽파김치,쪽파(깐쪽파) 1단(600g) | 멸치액젓 1/2컵 | 고춧가루 7큰술 | 매실청 1큰술 | 설탕 1큰술 | 다진마늘 1큰술 | 찹쌀가루 1+1/2큰술 | 멸치 다시육수 1컵,Step 1 찹쌀풀재료를 잘 풀어준 후 냄비에 넣어 중불에서 저어가며 풀고 기포가 올라오면서 농도가 나면 불을 끄고 식혀주세요. Step 2 쪽파는 다듬어 깨끗이 씻고 멸치액젓을 뿌리쪽에 부어 20분정도 살짝 절여주세요. Step 3 절인 쪽파를 체에 밭쳐 건지고 남은 액젓물에 식힌 찹쌀풀과 양념재료를 넣고 고루 섞어 김치양념을 만들어주세요. Step 4 쪽파에 김치양념을 뿌리쪽부터 잎쪽으로 고루 펴 발라주세요. Step 5 김치통에 담고 한나절 실온에 두었다가 냉장보관 해주세요.,['일반'],한식,일반
U3GV216jHFmaW4YedMYFxezq,소고기 알배추찜,알배추 12통350g  소고기 목심 샤브샤브용 200g  생강가루 1작은술  소금 1작은술  청주 3큰술  후춧가루 약간  간장 2큰술  식초 112큰술  맛술 1큰술  매실청 1큰술  설탕 112큰술  다진 샬롯또는 다진 양파 2큰술  청양고추 1개,"Step 1 알배추는 뿌리 쪽에 칼집을 넣어 2등분 해주세요. 흐르는 물에 깨끗이 씻은 후 채반에 밭쳐 물기를 빼주세요. Step 2 소고기는 키친타월로 핏물을 제거한 후 청주와 생강가루, 소금, 후춧가루를 골고루 뿌려 밑간을 해주세요. 청양고추를 얇게 썰어주세요. Step 3 볼에 폰즈 소스 재료를 담아 잘 섞어주세요. Step 4 알배추 잎 사이사이에 소고기를 한 장씩 끼워 넣어주세요. Step 5 찜기에 김이 오르면 알배추를 넣고 10분 정도 쪄주세요. tip. 고기의 두께에 따라 8분12분 정도 조리시간을 조절해 주세요 Step 6 소고기 알배추찜을 그릇에 담은 후 폰즈 소스를 뿌려 맛있게 즐겨주세요.","['고단백', '저칼로리', '고염']",다이어트,다이어트
e98zGVGdsjndztvAcGfuHGPw,그린주스,샐러리 1단  오이 3개  파슬리 한 줌  시금치 어린잎 2 줌  라임 2개  코코넛워터 500ml 생략가능,"Step 1 시금치, 파슬리, 샐러리, 오이는 깨끗이 씻어주세요. 샐러리, 오이는 34센치로 썰어주세요. Step 2 라임은 껍질을 벗겨주세요. Step 3 휴롬 착즙기에 샐러리, 오이, 파슬리, 시금치잎 라임을 넣어 착즙해주세요. Step 4 착즙한 주스를 병에 담아주세요. 기호에 따라 코코넛워터를 넣어 섞어 맛있게 즐겨주세요.",['저칼로리'],채식,채식
VTpUW7GLbFHKJap6ceGWDwDi,비건 초코 마들렌,"통밀가루 85g  현미가루 30g  카카오가루 15g  베이킹파우더 4g  초코칩 40g  두유 160g  포도씨 오일 70g  식초 10g  황설탕 50g  토핑용 견과류 피스타치오, 아몬드, 캐슈넛, 피칸 약간","Step 1 두유와 포도씨 오일을 섞은 후 식초와 황설탕을 넣고 설탕이 녹을 때까지 섞어주세요. Step 2 통밀가루, 현미가루, 카카오가루, 베이킹파우더를 체에 내려 넣고 섞어주세요. 초코칩을 넣어 섞어주세요. Step 3 틀에 기름을 소량 바른 후 반죽을 90 정도 붓고 토핑용 견과류를 올려주세요. Step 4 도 예열한 오븐에서 5분, 160도에서 8분간 구워주세요. Step 5 식힘망에 올려 식혀주세요.","['고지방', '고당']",양식,일반
zwHSLaP7fdF2TxL92PFdyApE,나박김치,알배추 1통(400g) | 무 ⅓개 (400g) | 오이 1개 | 홍고추 2개 | 배 ½개 | 쪽파 반 줌 (50g) | 미나리 반 줌 (50g) | 굵은 소금 1큰술 | 고춧가루 1큰술 | 물 10컵 | 소금 2큰술 | 설탕 1큰술 | 양파 ½개 | 다진 마늘 2큰술 | 다진 생강 ½큰술,"Step 1 배추와 무, 오이, 배는 깨끗이 씻어 한 입 크기로 나박하게 썰고, 홍고추 2개는 반을 가르고 씨를 빼서 채 썰어주세요. 쪽파와 미나리는 다듬어 씻은 후 4센치 길이로 잘라주세요 Step 2 김치통에 알배추와 무를 넣고 굵은 소금을 뿌려 20분 정도 살짝 숨이 죽을 정도로 절여주세요. Step 3 김칫국물 재료는 큼직하게 썰어 다시백에 넣고 볼에 소금물 재료를 섞어 간을 맞춰 준비해주세요. tip 기호에 따라 설탕 대신에 감미료 작은술을 대체해서 사용하셔도 돼요. Step 4 면포에 고춧가루를 넣고 소금물 재료에 담근 후 주물러 색을 우려내 김칫국물을 만들어주세요. Step 5 김치통에 절인 배추와 무, 오이, 배, 홍고추, 미나리, 쪽파, 김칫국물 재료를 넣은 다시백을 넣은 후 김칫국물을 부어주세요. tip 기호에 따라 소금을 가감해서 간를 맞춰주세요. Step 6 실온에서 하루 정도 숙성 시킨 후 냉장고에 넣어주세요.","['저칼로리', '고염', '고당']",한식,일반
j4Wp487UnwNrNksfVm1NBnvU,바지락미나리전,미나리 1/2단(100g) | 바지락살 1/2컵 | 홍고추 1개 | 식용유 적당량 | 부침가루 1컵 | 달걀 1개 | 물 1/2컵 | 간장 1큰술 | 맛술 1/2큰술 | 식초 1작은술 | 통깨 약간 | 다진양파 약간,"Step 1 미나리는 깨끗이 씻어 4센치 길이로 자르고, 홍고추는 송송 썰어주세요 Step 2 바지락살은 약간의 소금을 넣은 물에 흔들어 씻은 후 체에 밭쳐 물기를 빼주세요. Step 3 볼에 반죽재료를 넣고 잘 섞어준 후 미나리와 바지락살을 넣어 섞어주세요. 노릇한 전을 만드시려면 노른자 한개를 추가로 넣어 만드셔도 돼요 Step 4 달군 팬에 약간의 기름을 두르고, 반죽을 수저로 떠서 동그랗게 모양을 잡은 후 홍고추를 올리고 바지락살이 익을 때까지 노릇하게 익혀주세요. Step 5 미나리바지락전에 전간장을 곁들여 즐겨주세요. 전간장에 잘게 썬 양파와 홍고추를 넣어 드셔도 맛있답니다","['고지방', '고염']",한식,일반
JDixtYd7SyHPvVSzmRgnD6Gd,중식 새우볶음밥,달걀 2개  대파 12대  새우 45마리80g  식은 밥 1공기200g  식용유 2큰술  맛소금 2꼬집  후춧가루 약간,Step 1 볼에 달걀을 풀어주세요. 대파는 반으로 썰어 잘게 잘라주세요. 새우는 등 부분에 칼집을 넣어주세요. Step 2 팬에 식용유를 두르고 대파를 넣어 6단에서 3분간 볶아주세요. Step 3 새우를 넣고 8단에서 1분간 볶아주세요. Step 4 밥을 넣고 8단에서 2분간 볶아주세요. Step 5 달걀물을 넣어 8단에서 1분간 빠르게 저어 익혀주세요. Step 6 단에서 1분간 맛소금과 후춧가루를 넣고 밥과 함께 볶아주세요. Step 7 접시에 담아 맛있게 즐겨주세요.,"['고단백', '고염']",중식,일반
kEL5yssBpiodjYGaZQGCmzZR,시금치페스토 파스타,파스타 면리가토니 160g  시금치 한 줌100g  방울토마토 5개  다진 마늘 1큰술  올리브오일 적당량  소금 약간  후춧가루 약간  시금치 두 줌240g  구운 캐슈넛과 호두 50g  구운 마늘 3쪽  올리브오일 200ml  비건 파마산 치즈가루 40g  소금 1작은술,"Step 1 믹서기에 시금치페스토 재료를 넣은 후 곱게 갈아 시금치페스토를 만들어주세요. Step 2 냄비에 물과 소금을 넣고 파스타면을 1012분 삶아주세요. Step 3 달군 팬에 올리브오일을 두른 후 다진 마늘을 볶다가 시금치와 방울토마토를 넣고 소금, 후춧가루로 간을 해 볶아주세요. Step 4 넓은 볼에 면과 시금치페스토를 넣어 골고루 섞어주세요. Step 5 완성 그릇에 담은 후 볶은 시금치와 방울토마토를 얹어주세요. 기호에 따라 파마산 치즈가루, 레몬 제스트 등을 뿌려 맛있게 즐겨주세요.","['고지방', '고염']",채식,채식
sFbGcFuLdKRdE8zUYpsxsn6y,미니 파프리카 크림치즈 카나페,미니 파프리카 5개  올리브오일 약간  소금 약간  후춧가루 약간  호두강정 5쪽  딜생략 가능 약간  발사믹 식초생략 가능 약간  필라델피아 크림치즈 플레인 100g  크랜베리 1큰술  꿀 1큰술  파슬리가루 약간,"Step 1 미니 파프리카는 깨끗이 씻고 길이로 반 갈라 씨를 제거하고 약간의 올리브오일과 소금, 후추로 밑간을 해주세요. Step 2 도로 예열된 오븐에 밑간한 미니 파프리카를 넣고 10분 정도 구워주세요. Step 3 크랜베리는 잘게 다진 후 크림치즈 소 재료와 섞어주세요. 구운 호두는 굵게 다져주세요. Step 4 미니 파프리카에 필라델피아 크림치즈 소를 적당량씩 채워주세요. Step 5 미니 파프리카 크림치즈 카나페 위에 굵게 다진 호두강정과 딜을 올려 장식하고, 약간의 올리브오일과 발사믹 식초를 뿌려주세요. 취향에 따라 파마산치즈를 뿌려 드셔도 좋아요.","['고지방', '고염']",양식,일반
LwyWuU2MxnUfM8eL9MpB46mF,깍두기볶음밥,연근 70g  깍두기 23컵  김 14장  쪽파 3대  현미밥 2공기  간장 약간  깨소금 약간  식물성유 약간,Step 1 연근은 얇은 은행잎 꼴로 썰어주세요. Step 2 깍두기는 물에 양념을 씻은 후 얇게 썰어주세요. Step 3 팬을 달군 후 식물성유를 두르고 연근을 먼저 노릇하게 볶아주세요. 볶은 연근에 썰어 놓은 깍두기를 넣고 간장을 뿌려 약하게 간을 하고 볶은 후 접시에 덜어 놓으세요. Step 4 팬에 식물성유를 두르고 현미밥을 볶으면서 간장을 뿌려 간을 맞춰주세요. 덜어 둔 연근과 깍두기 볶은 것을 넣어 함께 섞어주세요. Step 5 노릇하게 구운 김과 쪽파를 송송 썰어서 볶음밥 위에 올려 마무리하세요.,['고염'],채식,채식
dnZA6MV7VyU8E3QdbtYUse7o,새우두부찜,두부 1모550g  새우살 1컵150g  양송이버섯 4개  팽이버섯 봉  실파 3줄기  전분가루 1큰술  참기름 큰술  소금 약간  맛술 1작은술  다진 대파 작은술  소금 한꼬집  후춧가루 약간  다시마육수 2컵  굴소스 1큰술  간장 1큰술  맛술 1큰술  전분가루 2큰술  물 2큰술,"Step 1 두부는 한 입 크기로 먹기 좋게 썰고, 끓는 물에 1분 정도 살짝 데친 후 키친타올에 올려 물기를 빼주세요. Step 2 양송이는 6등분하고 팽이버섯은 밑둥을 자르고 2센치 길이로 잘라주세요. 실파는 송송 썰고, 녹말물 재료를 섞어 녹말물을 만들어주세요. Step 3 두부 윗부분에 작은 숟가락으로 속을 파내어 구멍을 내주세요. Step 4 새우살은 잘게 다지고, 파낸 두부 속은 물기를 짠 후 새우살과 밑간 재료를 넣어 고루 섞어주세요. Step 5 두부속에 전분가루를 묻힌 후 새우 속을 채워 김오른 찜통에서 8분 정도 쪄주세요. Step 6 냄비에 소스 재료를 넣고 소스가 끓으면 양송이버섯과 팽이버섯을 넣고 끓여주세요. Step 7 버섯이 부드럽게 익으면 녹말물을 넣고 걸쭉한 농도가 되면 소금을 가감해서 간을 맞추고 마지막에 실파와 참기름을 넣은 후 불을 꺼주세요. Step 8 접시에 새우두부찜을 담고 소스를 얹어주세요.","['고단백', '저칼로리', '고지방', '고염']",중식,일반
DKSGPBsmYzm6Kgr6gQgDPk4T,서울식 불고기 전골,쇠고기 (불고기용) 300g | 배추속대 6장 | 양파 ½개 | 대파 ½대 | 표고버섯 2개 | 느타리버섯 한 줌 | 팽이버섯 ½봉 | 부추 한 줌 | 당면 50g | 다시마 육수 3컵 | 간장 1+½큰술 | 맛술 1큰술 | 설탕 1큰술 | 다진 마늘 ½큰술 | 참기름 ½큰술 | 후춧가루 약간 | 참치액 1큰술 | 국간장 ½큰술 | 구운 소금 약간,"Step 1 쇠고기는 고기 양념 재료를 넣어 10분 정도 밑간해 주세요. 당면은 찬물에 담가 20분 정도 불려주세요. Step 2 배추는 한입 크기로 자르고 느타리버섯은 먹기 좋게 가닥가닥 찢어내어 준비해 주세요. 대파는 얇게 채를 썰고, 부추는 6cm 길이로 썰어주세요. 팽이버섯은 밑동을 제거하고 표고버섯과 양파는 채를 썰어 주세요. Step 3 전골냄비에 배추와 양파, 느타리버섯, 표고버섯을 돌려 담은 후 가운데 당면과 쇠고기를 얹어주세요. Step 4 다시마 육수와 국물 양념 재료를 넣어 끓여주세요. tip 쇠고기가 뭉치지 않게 풀고 끓이면서 생기는 거품을 걷어주세요. Step 5 쇠고기가 반쯤 익으면 대파 채와 부추와 팽이버섯을 올리고 한소끔 끓인 후 맛있게 즐겨주세요. tip 부족한 간은 구운 소금을 가감해서 간을 맞혀주세요.","['저칼로리', '고염']",한식,일반
u1KyQGq4EmcRz7RspnCrPchg,비건 호두 비스코티,통밀가루 100g  아몬드가루 100g  베이킹파우더 4g  소금 1g  두유 65g  포도씨 오일 65g  황설탕 50g  다진 호두 80g  다진 피스타치오 또는 호박씨 40g,"Step 1 볼에 두유, 포도씨 오일, 황설탕을 넣고 설탕이 녹을 때까지 골고루 섞어주세요. Step 2 통밀가루, 아몬드가루, 베이킹파우더, 소금을 체에 내려주세요. 다진 호두와 피스타치오를 넣어 한 덩어리가 되도록 섞어주세요. Step 3 오븐 팬에 반죽을 올리고 20cm 정도 길이로 길게 빚어주세요. Step 4 도로 예열한 오븐에서 20분간 구워주세요. Step 5 한 김 식힌 뒤 1.52cm 두께로 썰어주세요. tip. 잘 부스러질 수 있으니 칼을 앞뒤로 움직이며 썰어주세요 Step 6 오븐 팬에 올린 후 160도 오븐에서 1520분간 더 구워주세요. Step 7 식힘망에 올려 식혀주세요.","['고지방', '고염', '고당']",양식,일반
4fe7fbAXyXWU2A5VBwpBVpx3,참치 김치 볶음,참치캔 1캔 (150g) | 썬 김치 2컵 | 양파 ½개 | 대파 ½대 | 통깨 약간 | 참기름 1큰술 | 식용유 적당량 | 간장 1큰술 | 설탕 1큰술 | 소금 약간 | 후춧가루 약간,"Step 1 통조림 참치는 체에 밭쳐 기름을 빼주세요. Step 2 양파는 슬라이스하고 대파는 어슷하게 썰어주세요. Step 3 달군 팬에 기름을 두른 후 양파, 대파, 김치, 설탕을 넣어 3분 정도 볶다가 나머지 양념 재료를 넣어 볶아주세요. Step 4 참치를 넣어 가볍게 볶아주세요. Step 5 마지막에 참기름과 통깨를 뿌려 마무리해 주세요.","['고단백', '고지방', '고염', '고당']",한식,일반
JVaNAyXpgS3ZwSoC5F6dt53G,차돌비빔국수,중면 200g | 차돌박이 100g | 오이 ½개 | 대파 ½대 | 청상추 3장 | 홍고추 ½개 | 통깨 약간 | 소금 약간 | 고추장 2큰술 | 간장 1큰술 | 설탕 2큰술 | 다진 마늘 ½큰술 | 식초 1큰술 | 참기름 1큰술,"Step 1 오이와 대파는 5cm길이로 채를 썬 후 대파는 찬물에 담가주세요. 청상추는 한 입 크기로 자르고 홍고추는 어슷하게 썰어주세요. Step 2 차돌박이는 키친타올에 올려 핏물을 제거해주세요. 볼에 양념 재료를 넣어 섞어주세요. Step 3 끓는 물에 중면을 펼쳐 넣고, 면끼리 달라붙지 않도록 젓가락으로 저어주세요. 물이 끓어오르면 찬물 반 컵을 34회 반복해서 국수를 삶아주세요. Step 4 흐르는 찬물에 중면을 여러 번 씻어 전분기를 없애고, 채반에 받쳐 물기를 빼주세요. Step 5 달군 팬에 차돌박이를 소금간을 하여 노릇하게 구워주세요. Step 6 섞어둔 양념장에 중면을 넣고 고루 버무려주세요. 청상추를 넣어 가볍게 버무려주세요. Step 7 완성 그릇에 비빔국수를 담고 차돌박이와 오이채, 대파채, 홍고추, 깨를 뿌려 완성해주세요. 기호에 따라 깻잎, 치커리 등의 야채등을 넣어 드셔도 좋아요.","['저칼로리', '고염']",한식,일반
Lz1Nvi7pH6hDKfFWjH6dSRfq,톳 솥밥,쌀 2컵 | 톳 장아찌 1팩 (150g) | 연근 ¼개 (50g) | 표고버섯 2개 | 쪽파 3줄기 | 다시마 육수 2컵 | 참기름 1큰술 | 당근 1/5개 | 간장 3큰술 | 맛술 1큰술 | 고춧가루 1작은술 | 다진 마늘 ½작은술 | 통깨 약간,"Step 1 쌀은 씻어 30분 정도 불린 후 체에 밭쳐 물기를 빼고 톳 장아찌는 체에 밭쳐 준비해 주세요. Step 2 연근은 조리용 수세미로 문질러 깨끗이 씻고 얇게 썬 후 약간의 식초를 넣은 물에 10분 정도 담갔다가 물에 씻어 준비해 주세요. 당근, 표고버섯은 한입 크기로 자르고 쪽파는 송송 썰어주세요. 볼에 양념간장 재료를 넣고 섞어주세요. Step 3 달군 냄비에 참기름을 두르고 불린 쌀을 넣어 볶다가 다시마 육수를 부은 후 톳 장아찌와 연근, 당근, 표고를 얹고 뚜껑을 닫고 센 불에서 끓여주세요. tip. 야채에서 수분이 나 올 수 있어 다시마 육수의 양을 기호에 맞게 조금 줄여서 만드셔도 돼요 Step 4 밥물이 끓기 시작하면 불을 약한 불로 줄여 15분 정도 익혀주세요. Step 5 밥이 다 지어지면 5분 정도 뜸을 들인 후 송송 썬 쪽파를 올려 주걱으로 위아래 가볍게 섞고 양념간장을 곁들여 맛있게 즐겨주세요.","['저칼로리', '고지방', '고염']",한식,일반
k7KZTZ6trFRwphpK1bs2MWm7,시금치 샐러드,시금치 어린잎 100g  파마산 치즈 블럭 50g  견과류 약간  올리브 약간  올리브오일 4큰술  화이트발사믹 2큰술  레몬즙 2큰술  소금 12작은술  후춧가루 약간,"Step 1 시금치 잎은 찬물에 가볍게 씻어 채반에서 물기를 빼주세요. Step 2 볼에 시금치를 넣고 드레싱 재료를 넣은 후 가볍게 섞어주세요. Step 3 샐러드를 접시에 담고 견과류, 올리브, 파마산 치즈를 그레이터로 얇게 슬라이스해 뿌려주세요.","['저칼로리', '고지방']",채식,채식
NjtDEKkn7BEVF4Zven7jzign,그린스무디볼,케일 2장  아보카도 1개  바나나 1개  우유 12컵  얼음 1컵  메이플시럽 1큰술  키위 1개  블루베리 10개  오트밀 1큰술  코코넛가루 1큰술  메이플시럽 약간,"Step 1 아보카도는 반으로 가른 후, 씨를 빼고 껍질을 벗겨 큼직하게 썰고, 바나나도 껍질을 벗겨 큼직하게 썰어주세요. 토핑용 바나나는 껍질을 벗겨 얇게 썰고, 키위는 모양을 내어 자른 후 껍질을 벗겨주세요. 케일과 블루베리는 깨끗이 씻어주세요. Step 2 블렌더에 손질한 아보카도와 바나나, 케일, 우유, 얼음, 메이플 시럽을 넣어 갈아주세요. Step 3 알맞은 그릇에 담고, 토핑 재료를 보기 좋게 올린 후 메이플 시럽을 뿌려 즐겨주세요. 토핑 재료는 다양하게 추가해 즐기셔도 좋답니다",['고당'],다이어트,다이어트
AZKDax22Eu28mKCk7ZXZAitt,양파수프,양파 3개  레드와인 2큰술  치킨육수 치킨스톡 큐브  물 3컵 1조각  3컵  그뤼에르치즈 또는 에멘탈치즈 20g  바게트빵 개  후춧가루 약간  소금 약간  월계수잎 1장  파슬리 가루 약간  버터 2큰술,Step 1 양파는 껍질을 벗기고 깨끗이 씻은 후 얇게 채를 썰어주세요. Step 2 달군 냄비에 버터를 넣고 채썬 양파를 넣은 후 저어가며 중불에서 40분 정도 볶다가 불을 약한불로 줄여 10분 정도 갈색이 날 때까지 볶아주세요. Step 3 볶아진 양파에 레드와인을 넣고 약한불에서 저어가며 5분 정도 진한 갈색이 될 때까지 볶아주세요. Step 4 치킨육수와 월계수잎을 넣고 걸쭉한 농도가 날 때까지 중간불에서 20분 정도 끓이다가 약간의 소금과 후춧가루를 넣어 간을 맞춘 후 월계수잎은 건져주세요. Step 5 바게트빵은 1센치 두께로 슬라이스하고 팬에서 앞 뒤로 노릇하게 토스트해주세요. Step 6 오븐용 그릇에 양파수프를 담고 토스트한 바게트빵을 올려 준 후 그뤼에르치즈를 얇게 슬라이스해서 올려주세요. Step 7 도로 예열한 오븐에 넣고 치즈가 녹을 때까지 8분 정도 굽고 완성된 양파수프에 파슬리 가루를 뿌려주세요.,"['고지방', '고염']",양식,일반
jMpPQqyL8tF5wbKwo6WHHR9T,멸치고추장볶음,멸치(중간크기 80g) 2컵 | 마늘 6쪽 | 꽈리고추 20개 | 올리브유 2큰술 | 참기름 1/2큰술 | 통깨 약간 | 고추장 2큰술 | 물엿 2큰술 | 맛술 2큰술 | 간장 1큰술 | 설탕 1큰술 | 후추 약간,"Step 1 멸치는 체에 흔들어 부스러기를 털어내주세요. 마늘은 편으로 썰고, 꽈리고추는 물에 씻어 꼭지를 떼어내고 4등분으로 잘라주세요. Step 2 팬에 올리브유를 넣고 마늘편을 볶다가, 멸치를 넣고 노릇하게 볶은 후 꽈리고추를 넣어 함께 볶아주세요. Step 3 약하게 달군 다른 팬에 양념재료를 넣어 바글바글 끓이다가 볶아놓은 멸치와 마늘편, 꽈리고추를 넣어 중간불에서 재빨리 섞은 후 참기름을 넣고 불을 꺼주세요. Step 4 접시에 멸치고추장볶음을 담고 통깨를 뿌려주세요.","['고지방', '고염']",한식,일반
tg2DqpEVwGzQMS66bSehzAxQ,채식구절판,표고 2개  오이 12개  당근 12개  숙주 한 줌  애호박 14개  우엉 1토막  목이버섯 약간  소금 약간  식용유 약간  밀가루 1컵  물 1컵  소금 3꼬집  참기름 2방울  간장 1큰술  맛술 1큰술  설탕 12큰술  다진 마늘 1작은술  참기름 1큰술  후춧가루 약간  연겨자 12큰술  식초 5큰술  설탕 1큰술,"Step 1 목이버섯은 찬물에 담가 불린 후 물기를 짜고 곱게 채를 썰어주세요. Step 2 오이는 굵은 소금으로 닦은 후 4등분 하여 껍질을 얇게 돌려 깎고 채를 썰어주세요. Step 3 표고는 기둥을 떼고 가로로 편을 썬 다음 얇게 채를 썰어주세요. tip. 표고 기둥도 손으로 찢어 함께 사용해도 좋아요 Step 4 우엉, 애호박, 당근을 얇게 편을 썰고 곱게 채를 썰어주세요. Step 5 볼에 간장소스를 넣고 섞어 준비해주세요. Step 6 달군 팬에 기름을 약간 두른 후 표고오이애호박당근 순으로 볶아주세요. tip. 채소를 볶을 때 고운 소금을 한 꼬집씩 넣어 간을 해주세요 Step 7 달군 팬에 숙주 한 줌과 물 1컵을 넣고 숙주를 데친 후 접시에 덜고, 물이 자작한 상태에서 채를 썬 우엉과 간장소스  분량을 넣고 졸인 후 접시에 덜어주세요. Step 8 우엉을 볶은 팬에 목이버섯을 넣고 나머지 간장소스를 넣은 후 볶아주세요. Step 9 볼에 밀전병 재료를 넣고 섞은 후 잘 섞어주세요. tip. 전병 반죽에 치자가루나 식용 색소를 조금 섞어주면 다양한 색을 낼 수 있어요 Step 10 약한 불에서 팬에 기름을 두른 후 닦아내고 숟가락으로 밀전병 반죽을 한술 떠 팬에 붓고 둥글고 얇게 펼쳐 부쳐주세요. Step 11 접시에 준비한 재료를 둥글게 돌려 담고 가운데 전병을 올려 완성해주세요. tip. 밀전병 위에 허브나 잣 대추 등을 올려 꾸며주면 더욱 예뻐요","['저칼로리', '고지방', '고염']",채식,채식
57EvpGWJaJjDcJDFME3nFiVw,깐풍기,닭다리살 정육 350g  식용유 4컵  고추기름 2큰술  대파 흰 부분 1대  마늘 5알  홍고추 2개  청양고추 3개  양파 12개  청주 2큰술  소금 1작은술  후춧가루 약간  전분 70g  물 40g  달걀 흰자 1개 분량  간장 1큰술  맛술 3큰술  물 2큰술  식초 2큰술  설탕 1큰술  올리고당 1큰술  굴소스 1큰술  생강가루 2꼬집,"Step 1 닭다리살은 한입 크기로 썰어 청주, 소금, 후춧가루를 뿌려 10분간 재워주세요. Step 2 대파와 마늘, 양파는 굵게 다지고 홍고추, 청고추 는 씨를 빼고 송송 썰어주세요. 볼에 소스 재료를 넣고 섞어주세요. Step 3 재워둔 닭다리살의 물기를 키친타월로 닦아 볼에 담고 반죽재료를 넣어 섞어주세요. Step 4 냄비에 식용유를 넣고 9단에서 5분 30초 가열해 주세요. Step 5 단으로 줄인 후 튀김옷을 입힌 닭고기를 넣어 5분간 튀겨주세요.튀겨낸 닭고기는 채반에서 기름을 빼고 한 김 식혀주세요. tip. 닭고기를 한번에 많이 넣을 경우 기름의 온도가 급격히 떨어지니 23번에 나눠 넣어 튀기는것이 좋아요 Step 6 팬에 고추기름을 두르고 5단에서 대파와 마늘을 넣고 2분간 볶아주세요. Step 7 양파와 고추를 넣고 5단에서 1분간 볶아주세요. Step 8 소스를 붓고 7단에서 1분간 끓여주세요. Step 9 튀겨둔 닭다리살을 넣고 7단에서 1분간 볶아주세요. Step 10 완성된 깐풍기를 접시에 담아 통깨를 뿌려 맛있게 즐겨주세요.","['고지방', '고염']",중식,일반
WBYpdEr84uufP6rjD8kA47uA,버섯 리조또,현미밥 1공기 350g  채수 500mL  표고버섯 8개  화이트와인 생략 가능 컵  두유 컵  트러플 오일 생략 가능 1작은술  다진 파슬리 약간  식용유 적당량  소금 약간  후춧가루 약간,"Step 1 버섯은 밑동을 자르고 채를 썰어 주세요. 기둥은 결대로 찢어주세요. Step 2 팬에 기름을 두르고 버섯과 소금, 후춧가루를 넣어 노릇해질 때까지 볶아주세요. tip. 볶은 버섯은 고명으로 사용할 만큼 덜어주세요 Step 3 볶은 버섯에 현미밥을 넣고 고루 섞어주세요. 화이트와인을 넣어 알콜이 날아가도록 볶아주세요. Step 4 채수 절반을 부어 뚜껑을 닫고 중약불에서 10분간 끓여 주세요. 채수가 반 정도 졸아들면 남은 채수를 넣고 주걱으로 저어가며 현미를 익혀주세요. Step 5 두유를 넣고 약불에서 잘 섞어주세요. 되직한 농도가 되면 불을 꺼주세요. Step 6 완성된 리조또를 그릇에 담고 구운 버섯과 다진 파슬리, 트러플 오일을 뿌려 맛있게 즐겨주세요.","['저칼로리', '고지방', '고염']",양식,일반
1P7WcAshitiYjVsADUQM5tMb,콩나물밥,쌀 2컵 | 콩나물 200g | 다진쇠고기 100g | 물 1+2/3컵 | 부추 반줌 | 간장 1/2큰술 | 맛술 1큰술 | 다진마늘 1작은술 | 후추 약간 | 간장 3큰술 | 참기름 1큰술 | 올리고당 1작은술 | 고춧가루 1/2작은술 | 깨 약간,"Step 1 쌀은 씻어 30분 정도 찬물에 불렸다가 체에 밭쳐 물기를 빼주세요. 콩나물은 꼬리를 다듬어 씻고, 부추는 송송 썰어주세요. Step 2 다진 쇠고기는 쇠고기양념 재료에 10분 정도 재워주세요 다진 Step 3 냄비에 불린쌀과 쇠고기를 담고 물을 넣어 센불에서 끓이다가, 끓어오르면 약불로 줄여 12분 정도 뚜껑을 닫고 끓여주세요. Step 4 밥물이 잦아들면 콩나물을 넣고 약한불에서 5분 정도 뚜껑을 닫아주세요. 이후 불을 끄고 뚜껑을 닫은 채로 10분 정도 뜸을 들여주세요. Step 5 볼에 양념간장 재료와 부추를 넣고 섞어 양념장을 만든 후 콩나물밥에 곁들여주세요.",['고염'],한식,일반
u2fEkoK6LhkBtpG5V29uFnde,쇠고기우엉잡채밥,현미밥 1/2공기 | 쇠고기 (안심 ) 50g | 우엉 1/3 | 양파 1/4개 | 붉은 고추 1개 | 대파 1/3대 | 깨소금 약간 | 포도씨유 약간 | 간장 1작은술 | 청주 1/3작은술 | 꿀 1/3작은술 | 다진 마늘 1/3작은술 | 후춧가루 약간,"Step 1 쇠고기는 종이타월에 감싸 핏물을 빼주세요. Step 2 양파는 곱게 채 썰고, 우엉은 껍질째 깨끗이 씻어 곱게 채 썬 뒤 찬물에 담가 쓰기 바로 전에 물기를 빼주세요. Step 3 대파는 얇게 어슷썰기하고, 붉은 고추는 세로로 반을 갈라 씨를 훑은 뒤 가로로 2등분해 곱게 채 썰어주세요. Step 4 분량의 잡채밥 양념 재료를 모두 섞어주세요. Step 5 팬에 포도씨유를 두르고 우엉채를 넣어 볶아주세요. 이때 물을 약간 넣으면 부드럽게 잘 익힐 수 있어요. Step 6 우엉이 반 이상 익으면 쇠고기를 넣어 살짝 볶아주세요. 그리고 양파채와 고추채를 넣어 한번 더 가볍게 볶아주세요. Step 7 쇠고기가 익으면 STEP4의 양념을 넣어주세요. Step 8 고루 섞어가며 볶아 양념이 줄어들면 불을 끄고 대파를 넣어 가볍게 섞어주세요. Step 9 잡채를 밥 위에 얹고 기호에 따라 깨소금을 뿌려주세요.",['고염'],한식,일반
nv2q4QDs5ifS5QATDeMVDbmw,김무침,파래김 10장 | 쪽파 2대 | 홍고추 1/2개 | 통깨 약간 | 진간장 1.5큰술 | 맛술 1큰술 | 설탕 1/2큰술 | 다진마늘 1작은술 | 참기름 1/2큰술,"Step 1 마른 김은 달군 프라이팬에 두 장을 겹쳐서 앞뒤로 구워주세요. Tip. 김을 구워서 사용하면 김의 비린내를 잡아주고 질기지 않아서 좋아요. Step 2 김을 적당한 크기로 자른 후 비닐봉지에 넣어 김을 비벼서 잘게 만들어주세요. Step 3 쪽파와 홍고추는 송송 썰고, 양념 재료는 모두 섞어주세요. Step 4 볼에 김과 쪽파, 홍고추, 섞어 둔 양념장을 넣어 김이 뭉치지 않게 무쳐주세요. 통깨를 뿌려 완성해주세요. Tip. 김은 뭉치지 않게 여러 번 나누어 넣어주세요. Step 5 맛있게 즐겨주세요.",['일반'],한식,일반
fCZFM5bTYZMU4saAcWR413Jy,중국식 냉면,생면 한 줌200g  해파리 60g  알새우 5마리  오징어 마리60g  당근 약간  오이 약간  달걀 1개  불린 목이버섯 약간  닭 육수 3컵  치킨파우더 1큰술  간장 1큰술  설탕 2큰술  식초 1큰술  소금 작은술  땅콩 버터 1큰술  물 2큰술,"Step 1 분량의 재료로 냉면 육수를 만들어 살얼음이 생기도록 살짝 얼려놔 주세요. Step 2 해파리는 끓는 물에 살짝 삶아 부드러워질 때까지 찬물로 헹궈 소금기를 빼 주고, 오징어는 채 썰어 새우와 함께 끓는 물에 데쳐 차갑게 준비해 주세요. Step 3 달걀은 지단으로 부치고 물에 불린 목이버섯, 당근, 오이는 채 썰어주세요. Step 4 분량의 재료를 섞어서 땅콩 소스를 만들어 주세요. Step 5 생면은 끓는 물에 삶아서 찬물로 헹군 다음 그릇에 담아 주세요. Step 6 완성 손질한 해산물과 채소를 면 위에 가지런히 올리고 차갑게 보관한 냉면 육수를 부은 뒤, 순서 4의 땅콩 소스를 곁들이면 완성이예요. Tip. 육수는 닭 육수를 사용하고 살얼음이 생기도록 냉동실에 살짝 얼리면 여름철 더욱 시원하게 즐길 수 있답니다.","['고단백', '저칼로리', '고염']",중식,일반
XMvyEtHJkXDpZB88iY7Ggu58,명란솥밥,쌀 2컵 | 다시마 육수 2컵 | 명란젓 2줄 | 단호박 ⅙개 | 쪽파 4대 | 참기름 약간 | 간장 3큰술 | 맛술 1큰술 | 다진 마늘 ½작은술 | 참기름 1큰술 | 송송 썬 쪽파 1큰술 | 통깨 약간,"Step 1 쌀을 씻어 30분 정도 불린 후 체에 받쳐 물기를 빼주세요. 기호에 따라 쌀과 찹쌀을 섞어 만들어도 좋답니다. Step 2 쪽파는 송송 썰고, 단호박은 껍질 째 얇게 슬라이스해주세요. 명란은 한 입 크기로 잘라주세요. 볼에 간장 양념 재료를 모두 섞어주세요. Step 3 냄비에 불린 쌀과 다시마 육수를 넣고 맨 위에 단호박을 얹은 후 중불에서 끓여주세요. Step 4 밥물이 끓어오르면 약불로 줄여 1015분 정도 익힌 후, 불을 끄고 명란을 넣어 510분 정도 뜸을 들여주세요. Step 5 솥밥에 쪽파를 뿌린 후 간장 양념을 곁들여 주세요. tip. 기호에 따라 은행, 버섯 등의 재료를 추가로 넣어 만들고 김에 싸서 먹어도 좋아요 tip. 버터를 넣으면 더욱 고소하게 즐기실 수 있어요","['저칼로리', '고지방', '고염']",한식,일반
vnQAQKYtgqa5APBajJ5t5E1d,페타치즈 파스타,파스타면 펜네 200g  페타치즈 150g  올리브오일 컵  방울토마토 300g  다진 마늘 1작은술  건 바질 약간  생바질 약간  소금 약간  후춧가루 약간,"Step 1 오븐 팬에 페타치즈와 방울토마토를 담고 소금과 후추 다진 마늘, 올리브오일, 건 바질을 넣어주세요. 생바질은 잘게 다져주세요. 오븐 Step 2 도로 예열한 오븐에서 35분간 구워주세요. Step 3 끓는 물에 소금 1큰술을 넣고 파스타를 삶아 채반에 건져주세요. Step 4 오븐에 구운 페타치즈와 방울토마토를 잘 섞은 후 삶은 파스타를 넣고 섞어 완성해 주세요. Step 5 접시에 담아 맛있게 즐겨주세요.","['고지방', '고염']",양식,일반
i7CMPVgvQ3tV64xoZryVHt5E,쇠고기버섯구이 샌드위치,호밀식빵 2개  쇠고기 안심 100g  새송이버섯 1개  표고버섯 1개  파프리카 초록노랑빨강 16개씩 20g  올리브유 1작은술  바질 잎 3장  홀그레인 머스터드 1작은술  발사믹 식초 1작은술  다진 양파 1작은술  올리브유 2작은술  다진 마늘 12작은술  꿀 12작은술  소금 약간,"Step 1 파프리카는 길이 방향으로 11.5cm 폭으로 썰어주세요. Step 2 두 가지 버섯은 겉면을 닦은 뒤 도톰하게 편으로 썰어주세요. Step 3 볼에 두 가지 버섯을 모두 넣고 올리브유와 소금을 뿌려 고루 섞어 잠시 두었다가 드레싱 재료를 모두 넣고 고루 버무려주세요. Step 4 쇠고기는 얇게 편으로 썰어주세요. Step 5 호밀식빵을 기름을 두르지 않은 그릴 팬에 앞뒤로 노릇하게 구워주세요. Step 6 그릴 팬에 올리브유를 두른 다음 붓이나 종이타월로 문질러 올리브유를 고루 묻혀주세요. Step 7 열이 충분히 오르면 중간 불로 줄이고, STEP3의 버섯과 파프리카, 고기를 올린 후 소금, 후춧가루를 살짝 뿌려 먹음직스럽게 구워주세요. Step 8 호밀식빵 한쪽 면에 홀그레인머스터드를 12작은술씩 바르고, 한쪽 면에 바질 잎을 올린 뒤 버섯구이와 쇠고기구이, 파프리카를 올려주세요. 그리고 나머지 빵으로 덮고 마무리하세요. Step 9 완성된 요리를 그릇에 담아 마무리하세요.","['저칼로리', '고지방', '고염']",다이어트,다이어트
YFPEmSkYmX4MMWUFrEVTDRAK,야생블루베리 콤포트와 프렌치토스트,식빵 4쪽  달걀 2개  우유 1컵  설탕 14 컵  소금 약간  버터 약간  슈가파우더생략가능 약간  미국야생블루베리 2컵230g  설탕 1컵  레몬즙 2큰술  레몬슬라이스생략가능 2조각,"Step 1 냄비에 콤포트 재료를 넣어 골고루 섞은 후, 중약불에서 끓이면서 걸죽한 농도가 될 때까지 약불에서 10분 정도 저어주세요. 잼보다는 묽으면서 점성이 생기는 농도가 되면 완성이에요.  미국야생블루베리를 사용하면 일반 블루베리보다 알이 작아 식감이 좋고, 같은 양을 섭취할 경우 일반 블루베리에 비해 2배의 항산화 성분을 섭취할 수 있답니다 Step 2 넓고 깊이가 있는 트레이에 우유, 설탕, 달걀, 소금을 넣은 후 잘 섞어주세요. Step 3 빵을 달걀물에 담가 완전히 적셔주세요. Step 4 달군팬에 버터를 두르고 빵을 올려 약불에서 35분간 익혀주세요. 더 달콤한 프렌치토스트를 원하신다면 빵 양쪽에 설탕을 뿌려주세요. Step 5 프렌치토스트에 콤포트를 곁들여 즐겨주세요.","['고단백', '고지방', '고염', '고당']",양식,일반
cZvq4myCFaK4Es7uJzaUyUBn,오이고추 된장 무침,오이고추 6개  올리브 1015알  참기름 1큰술  통깨 1큰술  부순 견과류 1큰술  된장 23큰술  다진 마늘 1큰술  올리고당 1큰술,Step 1 오이고추는 23cm 길이로 자르고 올리브는 삼등분 해주세요. 양념 재료를 볼에 넣고 섞어주세요 tip. 된장마다 염분이 조금씩 다르기 때문에 입맛에 맞게 조절해 주세요 Step 2 양념에 고추와 올리브를 넣어 버무린 후 참기름과 통깨를 넣어 섞어주세요. Step 3 그릇에 담아 맛있게 즐겨주세요.,"['저칼로리', '고지방', '고염']",채식,채식
KfUMpr2n92YwXP1xGebVKeWN,미더덕 된장찌개,미더덕 400g | 무 1토막 (100g) | 애호박 ½개 | 두부 ½모 | 양파 ½개 | 대파 ½대 | 청양고추 2개 | 홍고추 (생략 가능) ½개 | 멸치 다시다 육수 600mL | 된장 2큰술 | 고춧가루 1작은술,"Step 1 깨끗이 씻은 애호박과 양파는 깍뚝 썰어주세요. 무는 나박 썰어주세요. 대파와 청양고추는 송송 썰어주세요. 두부는 한입 크기로 썰어주세요. Step 2 냄비에 멸치 다시마 육수를 붓고 된장을 넣어 풀어 주세요. 국물이 끓으면 썰어둔 무와 호박을 넣어 1분간 끓여주세요. Step 3 양파, 대파, 두부, 청양고추, 고춧가루를 넣고 한소끔 끓인 후 소금물에 깨끗이 씻은 미더덕을 넣어 23분간 끓여 완성해 주세요. Step 4 맛있게 즐겨주세요. tip. 미더덕 안에 있는 수분에 입안을 델 수 있으니 아이들과 함께 먹는다면 미더덕을 손질할 때 수분을 터트린 후 사용해주세요. 미더덕의 톡톡 터지는 식감을 좋아하시는 분은 그냥 드셔도 무방하답니다.","['고단백', '저칼로리', '고염']",한식,일반
Ao8GjZo3K9Uq4qSG8j2JmVuA,치킨마르게리타,닭가슴살 4개  생모짜렐라 치즈 1개  바질페스토 2큰술  방울토마토 10알  바질잎 약간  올리브 오일 2큰술  소금 약간  후춧가루 약간  생강가루 약간  바질가루 약간  올리브유 3큰술  발사믹식초 12큰술  레몬즙 12큰술  올리고당 12큰술,"Step 1 닭가슴살은 칼집을 낸 후 트레이에 담아 밑간 재료를 넣어 골고루 묻힌 후 10분 정도 재워주세요. Step 2 생모짜렐라 치즈는 1.5cm 두께로 자르고, 방울토마토는 24등분으로 잘라주세요. 바질잎은 가늘게 채썰어주세요. Step 3 볼에 썰어 둔 방울토마토와 마리네이드 재료를 넣어 섞어주세요. 채썬 바질잎을 넣어 가볍게 섞어주세요. Step 4 달군 그릴팬에 닭가슴살 표면을 노릇하게 구운 후, 약불로 줄여 뚜껑을 닫아 10분 정도 구워 속까지 익혀주세요. Step 5 모짜렐라 치즈를 얹어 뚜껑을 덮고 3분 정도 치즈가 녹을 때까지 익혀주세요. Step 6 완성 접시에 닭가슴살을 얹고 바질페스토를 12큰술씩 발라주세요. Step 7 토마토마리네이드를 올려 적당한 크기로 잘라 맛있게즐겨주세요.","['고단백', '저칼로리', '고지방']",양식,일반
ia2GUZ9Syy9nahhDAKj5LSHa,두부소박이,두부 1모 (300g) | 다진 쇠고기 70g | 표고버섯 2개 | 오이 ½개 | 다진 마늘 ½큰술 | 당근 ¼개 | 소금 약간 | 식용유 약간 | 부침가루 (생략 가능) ½컵 | 쪽파 (생략 가능) 약간 | 간장 1작은술 | 참기름 ½작은술 | 후춧가루 약간 | 고추장 ½큰술 | 간장 2큰술 | 설탕 1큰술 | 참기름 ½큰술 | 물 2큰술,"Step 1 두부는 키친타월에 올려 물기를 제거한 후 6등분 내주세요. 가운데 칼집을 넣고 소금으로 밑간을 해주세요. Step 2 쇠고기는 밑간 재료에 10분간 재워주세요. 오이, 표고, 당근은 같은 길이로 얇게 채 썰어주세요. Step 3 달군 팬에 기름을 약간 두른 후 당근, 오이, 표고를 넣고 소금으로 간을 해 볶아 접시에 덜어주세요. Step 4 채소를 볶은 팬에 다진 마늘을 넣어 볶다가 쇠고기를 넣어 볶아주세요. Step 5 달군 팬에 기름을 두르고 칼집을 넣은 두부를 노릇하게 구워주세요. 칼집을 넣은 면은 제외하고 나머지 면만 구워주세요 Step 6 구운 두부에 볶은 쇠고기와 채소를 채워주세요. 팬에 양념재료를 넣고 끈적한 농도가 날 때 까지 졸여 소스를 완성해 주세요. 기호에 따라 두부 겉면에 부침가루를 약간 묻혀 구워도 좋아요 Step 7 접시에 두부소박이를 담고 소스를 곁들여 맛있게 즐겨주세요. 기호에 따라 송송 썬 고추나 쪽파, 통깨를 뿌려 장식해 주세요","['고단백', '저칼로리', '고지방', '고염']",한식,일반
joguiYYwvfe9obBHwqdonMsr,비건 초코 타르트,통밀가루 150g  카카오 파우더 15g  황설탕 45g  포도씨 오일 47g  물 30g  아몬드 가루 40g  통밀가루 30g  마스코바도 설탕 20g  베이킹파우더 4g  소금 1g  두유 30g  포도씨 오일 20g  녹인 다크 초콜렛 20g  체리 220g  메이플 시럽 20g,"Step 1 포도씨 오일과 물을 섞다가 황설탕을 넣고 녹을 때까지 섞어주세요. Step 2 통밀가루, 카카오 파우더를 체 친 후 넣어 섞어주세요. Step 3 냉장실에서 20분 휴지시켜주세요. Step 4 타르트 틀에 넣어 펼치고 포크로 피케해 주세요. tip. 피케란 불어로 찌른다는 뜻으로 타르트지를 굽는 동안 바닥이 부풀어 오르는 것을 방지해 줘요 Step 5 유산지를 깔고 누름돌을 넣어 170도에서 15분간 구워주세요. tip. 오븐의 성능에 따라 굽는 시간에 차이가 있을 수 있어요 Step 6 볼에 두유와 포도씨 오일을 넣어 섞은 후 녹인 다크 초콜렛과 마스코바도 설탕을 넣어 섞어주세요. Step 7 아몬드 가루, 통밀가루, 베이킹파우더, 소금을 체 친 후 넣고 섞어주세요. Step 8 구워진 타르트지 위에 초콜렛 아몬드 크림을 평평하게 펼친 후 체리를 올려주세요. Step 9 도로 예열한 오븐에서 25분간 구운 후 뜨거울 때 메이플 시럽을 발라 완성해 주세요.","['고지방', '고염', '고당']",양식,일반
goKMFaV6x2eXVn4BcMCeP566,비건 마카롱,병아리콩 병캔 콩물 180g  황설탕 75g  아몬드 가루 150g  슈가파우더 150g  주석산 생략 가능 1g  아몬드 밀크 100g  다크 초콜렛 180g,"Step 1 병아리콩 병캔에서 병아리콩을 건져낸 콩물 180g을 냄비에 끓여서 100g으로 맞춰주세요. tip. 병아리콩, 렌틸콩 등을 삶고 난 콩물을 아쿠아파바라고하며, 달걀흰자의 역할을 대신해요 tip.냉장고에서 차갑게 식힌 후 사용해 주세요 Step 2 볼에 콩물과 주석산을 넣고 핸드믹서로 섞다가 거품이 올라오면 황설탕 을 넣고 5분간 고속 휘핑해 머랭을 만들어주세요. Step 3 남은 황설탕은 두 차례에 나눠서 5분간 고속 휘핑해 머랭을 만들어주세요. tip. 뾰족한 뿔이 생길 때까지 계속 휘핑해 주세요 Step 4 아몬드 가루와 슈가파우더는 함께 체 쳐서 준비해 주세요. Step 5 완성된 머랭에 아몬드가루와 슈가파우더를 넣고 덩어리가 없이 부드러울 때까지 섞고 원형 깍지를 끼운 짤 주머니에 담아주세요. Step 6 반죽을 팬에 짜고 30분간 실온에서 말려주세요. tip. 손에 묻어 나오지 않을 때까지 건조해 주세요 Step 7 도로 예열한 오븐에서 30분간 구운 후 오븐 안에서 15분간 그대로 둬주세요. tip. 오븐의 성능에 따라 굽는 시간에 차이가 있을 수 있어요 Step 8 식힘망에서 완전히 식혀주세요. Step 9 아몬드 밀크를 따뜻하게 끓여주세요. 7080도 Step 10 다크 초콜릿에 끓인 아몬드 밀크를 붓고 주걱으로 섞어 매끈하게 유화시켜주세요. tip. 유화된 다크 초콜릿을 핸드믹서로 갈아주면 더욱 쫀쫀한 크림을 만들 수 있어요 Step 11 크림을 냉장고에 넣고 510분 정도 식힌 후 27도의 온도가 되면 짤 주머니에 넣어주세요. Step 12 마카롱 꼬끄의 크기대로 짝을 맞춘 후 필링을 일정한 양으로 짜주세요. 필링 위에 꼬끄를 덮어 마카롱을 완성해 주세요.","['고단백', '고지방', '고당']",채식,채식
TsdAma8ASf2dHhTQngx158v9,참치아보카도 샐러드,참치 80g  마 80g  아보카도 13개  방울토마토 3개  표고버섯 1개  국간장 12작은술  레몬즙 약간  후춧가루 약간  양파채 14개 50g  식초 4작은술  다진마늘 14작은술  꿀 1작은술  소금 13작은술  포도씨유 2큰술,"Step 1 참치는 사방 1.5cm 크기로 썰어주세요. Step 2 마는 껍질을 벗겨 참치와 같은 크기로 썰어주세요. Step 3 아보카도는 사방 1.5cm 크기로 썬 뒤 레몬즙을 살짝 뿌려 갈변을 막아주세요. Step 4 방울토마토는 씻어서 반으로 썰어주세요. Step 5 표고버섯은 사방 1.5cm로 썰고 마른 팬에 올려 구워주세요. Step 6 양파를 채썰고 30분 정도 물에 담가 매운맛을 빼고 물기를 제거해주세요. Step 7 믹서기에 STEP6의 양파채, 현미식초, 다진 마늘, 꿀, 소금을 넣어 갈다가 포도씨유를 1큰술씩 나누어 넣어 갈아 양파 드레싱을 만들어주세요. Step 8 볼에 참치, 마, 아보카도, 표고버섯, 방울토마토를 넣어 가볍게 섞은 뒤 양파 드레싱을 넣어주세요. Step 9 국간장, 후춧가루를 넣어 가볍게 섞은 후 요리를 완성해주세요.","['고단백', '저칼로리', '고염', '고당']",양식,일반
B4W2BBUABq55QSpUnvTZAzFm,시래기나물밥,불린 시래기나물 두줌(200g) | 표고버섯 2개 | 쌀 2컵 | 부추 약간 | 홍고추 1/2개 | 통깨 약간 | 다시마육수 2컵 | 들기름 2큰술 | 국간장 1+1/2큰술 | 간장 3큰술 | 맛술 1큰술 | 참기름 1큰술 | 다진마늘 1/2큰술,"Step 1 쌀은 씻어 30분 정도 불려주세요. 말린 시래기나물은 물에 하루 정도 충분히 불리고, 중간 중간에 물을 갈아 이물질을 제거해준 후 물에 넣고 40분 정도 삶아 준비해주세요. Step 2 삶은 시래기나물은 물에 헹군 후, 줄기부분에 겉껍질을 제거하고 먹기 좋은 길이로 썰어 나물양념에 밑간을 해주세요. 표고버섯은 먹기 좋은 크기로 자르고, 부추는 송송 썰고 홍고추는 잘게 다져주세요. Step 3 냄비에 불린 쌀을 넣고 양념한 시래기나물과 표고버섯을 올린 후 다시마육수를 부어 센불에서 끓여주세요. 끓어오르면 약불로 줄여 15분 정도 더 끓인 후 불을 끄고, 뚜껑을 닫은 채로 10분 정도 뜸을 들여주세요. Step 4 부추와 홍고추를 양념간장 재료와 섞어 시래기나물밥에 곁들여주세요.","['저칼로리', '고염']",한식,일반
k4hiGGLQzRFEyCCFhi9YzMNk,김치 순두부찌개,돼지고기 (앞다릿살 또는 목살) 100g | 배추김치 (신김치) ½컵 | 순두부 1봉 | 대파 ⅓대 | 양파 ¼개 | 청양고추 1개 | 홍고추 1개 | 달걀 1개 | 멸치 다시마 육수 2컵 | 고추기름 1+½큰술 | 맛술 ½큰술 | 참기름 1작은술 | 다진 마늘 ½작은술 | 후춧가루 약간 | 고춧가루 1큰술 | 맛술 1큰술 | 국간장 ½큰술 | 다진 마늘 ½큰술 | 새우젓 1작은술,"Step 1 돼지고기는 먹기 좋은 크기로 썰고 고기 밑간 재료에 10분 정도 재워주세요. Step 2 김치는 소를 털어 낸 후 한입 크기로 썰고 양파는 채를 썰어주세요. 청양고추와 홍고추, 대파는 어슷하게 썰어주세요. 볼에 양념 재료를 넣어 섞어주세요. Step 3 냄비에 고추기름과 대파 반을 넣고 중약불에서 달달 볶아주세요. 파 향이 올라오면 돼지고기를 넣어 볶고 고기의 표면이 익으면, 김치와 양파를 넣어 한 번 더 볶아주세요. Step 4 멸치 다시마 육수를 붓고 양념장을 넣어 5분 정도 끓이다가 순두부를 숟가락으로 큼직하게 떠 넣어 끓여주세요. Step 5 마지막에 홍고추, 청양고추, 대파를 넣고 달걀노른자를 올린 후 한소끔 끓여 맛있게 즐겨주세요. tip 기호에 따라 새우젓 또는 소금을 가감해서 간을 조절해 주세요","['고단백', '저칼로리', '고지방', '고염']",한식,일반
MjZVw9vPjgha2s9uUHFcgtPH,표고버섯 새우튀김,표고버섯 10개 | 새우살 1/2컵 | 전분가루 2큰술 | 튀김가루 1컵 | 차가운 물 2/3컵 | 얼음 약간 | 물 1컵 | 간장 1+1/2큰술 | 맛술 1큰술 | 설탕 1작은술 | 다시마(사방 3센치) 1장,"Step 1 표고버섯은 기둥을 제거한 후, 마른행주로 살살 털어내어 표고버섯 안쪽에 전분가루를 묻혀주세요. Step 2 새우살은 물기를 제거하고 잘게 다져 전분가루 12큰술과 소금 한꼬집, 후춧가루를 뿌려 밑간해주세요. Step 3 표고버섯 안에 다진 새우소를 채워 넣고, 윗면에 다시 전분가루를 묻혀주세요. 다진 Step 4 냄비에 튀김소스를 따뜻하게 끓인 후 다시마를 건져내주세요. Step 5 볼에 튀김 반죽 재료를 넣어 섞은 후, 표고버섯에 튀김반죽을 묻혀 170도로 달군 기름에 바삭하게 튀겨주세요. Step 6 표고버섯 새우튀김에 따뜻하게 데운 소스를 곁들여주세요.","['고단백', '저칼로리', '고지방', '고염']",한식,일반
FQjH6mF7eC4ZLcxf4gviN31h,채식 양배추 김치,양배추 1개 800g  쪽파 한 줌 100g  굵은 소금 4큰술  고춧가루 컵  국간장 1큰술  다진 마늘 1큰술  다진 생강 1큰술  매실액 올리고당으로 대체 가능 1큰술  찹쌀가루 밀가루로 대체 가능 1큰술  다시마 물 1컵,Step 1 양배추를 4등분 한 후 찬물에 30분 정도 담갔다 흐르는 물에 씻어 주세요. 쪽파는 4cm 길이로 잘라주세요. Step 2 양배추에 굵은 소금을 골고루 뿌려 30분 정도 살짝 숨이 죽을 정도로 절여주세요. tip. 두꺼운 심지는 얇게 저며 함께 절여주세요 Step 3 냄비에 찹쌀풀 재료를 넣고 잘 섞어준 후 중약불에서 저어가며 끓이다가 묽고 끈적한 농도가 나면 불을 끄고 식혀주세요. tip. 다시마 물은 미지근한 물에 다시마를 넣어 만들어 주세요 Step 4 볼에 식힌 찹쌀풀과 양념 재료를 넣고 고루 섞어 김치 양념을 만들어주세요. Step 5 절인 양배추에 쪽파와 김치 양념을 넣어 버무려주세요. tip. 절인 양배추에서 나온 물만 버린 후 헹구지 말고 사용해 주세요. Step 6 완성된 김치는 밀폐 용기에 담아 하루 또는 이틀 정도 실온에서 숙성시켰다가 냉장 보관해 주세요. tip. 김치는 용기의 80 정도만 담는 것이 좋아요. 김치가 발효되는 과정에서 가스가 생기기 때문에 유리병의 경우 밀폐하지 말고 뚜껑은 반만 닫아 두었다가 냉장고에 넣을 때 밀폐하여 넣어주세요. tip. 12달 이내로 드시는 것이 좋아요,['고염'],채식,채식
x1AKbckDFCZong65UZyK1PWY,홍합탕,홍합 1kg | 양파 100g | 대파 30g | 청양고추 1개 | 홍고추 1개 | 다진 마늘 ½큰술 | 맛술 1큰술 | 후추 1작은술 | 물 1L,"Step 1 홍합 수염을 제거하고 깨끗하게 세척해주세요. Step 2 양파는 반으로 자르고 대파는 6cm 크기로 썰어주세요. Step 3 청양고추와 홍고추는 어슷하게 썰어주세요. Step 4 냄비에 홍합, 양파, 대파, 물을 넣고 5분 정도 끓인다. 거품이 생기면 걷어내주세요. Step 5 양파가 말랑말랑해질 때까지 5분 정도 더 끓인 뒤 양파와 대파를 건져내주세요. Tip. 오래 끓여서 물이 줄어들면 250ml 정도 더 넣어주세요. Step 6 완성 마늘, 맛술, 후추를 넣고 1분 정도 끓인 뒤 불을 끄고 청양고추, 홍고추를 넣으면 완성이예요.",['일반'],한식,일반
Vrg8AY9jGvwykPZ1LDeAAdRh,돼지맥적구이,돼지고기 목살 3쪽(500g) | 영양 부추 한줌 | 당근 1/4개 | 양파 1/4개 | 통깨 약간 | 된장 1+1/2큰술 | 간장 1큰술 | 올리고당 2큰술 | 맛술 2큰술 | 설탕 1/2큰술 | 다진 마늘 1큰술 | 생강가루 한꼬집 | 후춧가루 약간 | 간장 1/2큰술 | 식초 1/2큰술 | 고춧가루 1작은술 | 참기름 1작은술,"Step 1 돼지고기 목살은 키친타올에 올려 핏물을 제거하고 칼등으로 두드린 후 고기에 된장소스를 골고루 버무려 20분 정도 재워주세요. Step 2 당근과 양파는 곱게 채썰고, 양파는 찬물에 담갔다가 물기를 빼고 영양부추는 5센치 길이로 잘라주세요. Step 3 부추무침소스재료에 영양부추와 채썬 당근, 양파를 살살 버무려 주세요. Step 4 달군 팬에 약간의 기름을 두르고 돼지고기 목살을 올리고 앞 뒤 겉면만 익히고 불을 중약불로 줄여 은근히 속까지 익혀주세요. Step 5 접시에 맥적구이를 담고 통깨를 뿌려 완성해주세요. 부추무침과 곁들어 맛있게 즐겨주세요.","['고단백', '고지방', '고염']",한식,일반
M8Jw2e28Lcx7WhEfVdQCmU6y,감자치즈볼,감자 3개중간크기  피자치즈 1컵  달걀 1개  밀가루 12컵  빵가루 1컵  케첩.식용유 약간씩  마요네즈 1큰술  파슬리 가루 약간  소금.후추 약간씩,"Step 1 감자는 깨끗이 씻어 반으로 자르고 찜통에 넣어 30분간 쪄주세요. Step 2 찐 감자는 뜨거울 때 껍질을 벗기고 볼에 넣어 으깬 후 밑간 재료와 골고루 섞어주세요. Step 3 감자 반죽을 한입 크기로 떼어내 가운데에 피자치즈를 넣고 동그랗게 만들어주세요. Step 4 볼에 달걀을 풀고 밀가루, 빵가루는 각각 넓은 그릇에 담아 주세요. 반죽에 밀가루달걀물빵가루 순으로 튀김옷을 입혀주세요. Step 5 냄비에 식용유를 자작하게 붓고 170도 이상으로 달군 후 반죽을 굴려가며 튀겨주세요. 낮은 온도에서 오래 튀기면 치즈가 빠져 나올 수 있으니 색이 날 정도로만 재빨리 튀겨주세요. Step 6 키친타월에 올려 기름기를 제거하고 케첩을 곁들여 내주세요.","['고단백', '저칼로리', '고지방']",양식,일반
G9Veevr9DCCSeABWg7TPgmZX,돼지고기 김치찜,통 삼겹살 (또는 목살) 600g | 신 김치 ⅓포기 | 대파 ½대 | 홍고추 1개 | 청양고추 1개 | 멸치 다시마 육수 5컵 | 김치 국물 1컵 | 맛술 2큰술 | 고춧가루 1큰술 | 설탕 1큰술 | 다진 마늘 1큰술 | 후춧가루 약간,"Step 1 김치는 속 재료를 털어내고 꼭지를 붙인 채 3등분 하여 썰어주세요. 볼에 양념장 재료를 넣고 섞어 양념장을 만들어주세요. tip 김치의 숙성 정도에 따라 설탕을 가감해 주세요. Step 2 삼겹살은 큼직하게 자르고 대파와 고추는 어슷하게 썰어주세요. Step 3 냄비에 김치를 담고 삼겹살을 올린 후 양념장과 멸치 다시마 육수 3컵을 넣고 끓기 시작하면 불을 중간 불로 줄여 40분 정도 끓여주세요. tip 끓이는 중간 뚜껑을 열어 김치가 바닥에 눌어붙지 않도록 저어가며 끓여주세요. Step 4 나머지 멸치 다시마 육수 2컵을 끓이는 중간에 추가로 넣고 국물이 자작해지고 김치와 삼겹살이 부드럽게 익을 때까지 20분 정도 끓여주세요. tip 부족한 간은 김치 국물을 가감해서 조절해 주세요. Step 5 마지막에 대파와 홍고추, 청양고추를 넣고 한소끔 끓인 후 삼겹살을 먹기 좋은 크기로 잘라 김치에 올려 맛있게 즐겨주세요.","['고지방', '고당']",한식,일반
hEt3tWiiqWU2pPYimzRRepbC,마라샹궈,마라소스 3040g  알배추 4장  청경채 2개140g  연근 70g  팽이버섯 50g  우삼겹 100g  넓적 당면 40g  다진 마늘 1큰술  다진 파 2큰술  식용유 1큰술,"Step 1 당면은 따뜻한 물에 30분 정도 불린 뒤 체에 받쳐 물기를 제거해주세요. Step 2 알배추는 5cm 크기로 잘라주세요. 청경채와 팽이버섯은 적당한 크기로 떼어내주세요. 연근은 모양대로 얇게 썰어주세요. Step 3 팬에 물 3컵을 넣고 9단에서 2분 30초간 끓여주세요. Step 4 끓는 물에 채소와 불린 당면을 넣고 9단에서 3분30초간 데쳐주세요. Step 5 팬에 식용유를 두르고 다진 마늘, 다진 파를 넣어 6단에서 2분간 볶아주세요. Step 6 마라소스를 넣고 6단에서 40초간 볶아주세요. tip. 마라소스는 취향에 따라 더 넣어도 좋아요 Step 7 데친 재료와 우삼겹을 넣고 8단에서 2분30초간 볶아주세요. Step 8 불을 끄고 접시에 담아 완성해주세요.",['저칼로리'],중식,일반
i3RiLKZLg2SwwKLuje9rvLFS,애호박 관자 솥밥,쌀 2컵 | 키조개 슬라이스 관자 150g | 애호박 50g | 다시마 냉침 육수 300ml | 버터 10g | 새우젓 1작은술 | 소금 약간 | 포도씨유 약간,"Step 1 애호박은 2cm 두께로 길게 채 썰고, 새우젓은 칼로 잘게 다져 썰어주세요. 슬라이스 된 키조개 관자는 흐르는 물에 잘 씻어 물기를 제거해둡니다. Step 2 솥에 불린 쌀을 넣고 다시마 냉침 육수 300ml를 부어 센 불에서 5분간 끓여주세요. 끓기 시작하면 약불로 줄여 10분간 밥을 지어주세요. Step 3 채 썬 애호박은 포도씨유를 두르고 다진 새우젓과 함께 볶아요. 다진 Step 4 관자는 버터를 두른 팬에 앞뒤로 살짝 구워주세요. Step 5 밥이 다 되면 구운 관자와 볶은 애호박을 올려 5분간 뜸을 들여주세요. Step 6 완성 근사한 애호박 관자 솥밥이 완성이에요. Tip. 곁들이면 더 맛있는 양념장 양조간장 2큰술, 올리고당 1큰술, 통깨 1큰술, 다시마 냉침 육수 2큰술","['고단백', '고지방', '고염']",한식,일반
GAbxmLypADfeVavNEv6tGxHz,돼지고기 수육 양념 조림,삼겹살 또는 오겹살 800g | 대파 ¼단 | 부추 반 줌 | 양파 ⅓개 | 묵은지 또는 명이나물 적당량 | 물 6컵 | 된장 1큰술 | 청주 ¼컵 | 대파 1대 | 양파 ½개 | 사과 ½개 | 통마늘 5쪽 | 생강 (마늘 1쪽 사이즈) 1톨 | 통후추 10알 | 건고추 1개 | 월계수 잎 2장 | 물 ⅓컵 | 맛술 4큰술 | 간장 2큰술 | 굴소스 1큰술 | 설탕 1큰술 | 물엿 1큰술 | 고운 고춧가루 1큰술 | 생강 가루 한 꼬집 | 간장 1큰술 | 식초 1큰술 | 설탕 ½큰술 | 참기름 1작은술 | 통깨 약간,"Step 1 냄비에 물과 삶는 물 재료를 넣고 끓어오르면 삼겹살을 2등분해서 넣은 후 1시간 정도 삶아주세요. Step 2 대파와 양파는 곱게 채를 썰고 부추는 4cm 길이로 썰어주세요. 묵은지는 물에 헹군 후 물기를 빼고 먹기 좋게 썰고 볼에 파무침 소스를 넣고 고루 섞어 소스를 만들어주세요. Step 3 팬에 조림장 재료를 넣고 팔팔 끓으면 삶은 삼겹살을 넣은 후 앞뒤로 뒤집어 가며 윤기나게 조려주세요. Step 4 고기를 먹기 좋게 한 입 크기로 썰어 접시에 담아주세요. Step 5 파채와 양파, 부추를 무침 소스를 넣어 가볍게 섞고 묵은지 또는 명이나물 등을 곁들여 맛있게 즐겨주세요.","['고지방', '고염']",한식,일반
7X78rNVVZMoUhw4stjBMZsVb,피시앤칩스,대구 또는 명태 2쪽  감자 1개  레몬 12개  튀김가루 약간  식용유 약간  케첩 약간  허브솔트 약간  튀김가루 1컵  찬 맥주 34컵  소금. 후추 약간씩  마요네즈 4큰술  설탕 12큰술  식초 12큰술  다진 양파 2큰술  다진 피클 2큰술  레몬즙 12큰술  파슬리가루 약간,"Step 1 포 뜬 생선살은 먹기 좋게 이등분하고, 허브솔트와 파슬리가루를 뿌려 밑간을 해주세요. 감자는 껍질을 제거하고, 손가락 두께로 자른 후 찬물에 10분간 담갔다가 물기를 제거해주세요. 양파와 피클을 다져 소스재료에 넣고 섞어주세요. Tip. 감자를 10분간 담갔다가 건져내서 전분을 빼주면 감자튀김이 더 바삭해져요 Step 2 볼에 반죽 재료를 넣고 살짝 섞어주세요. 생선살에 튀김가루를 골고루 묻히고 털어낸 후, 반죽을 묻혀 170도 기름에서 노릇하게 튀겨주세요. Step 3 분간 찬물에 담궈둔 감자는 끓는 물에 소금을 한꼬집 넣어 살짝 삶은 후, 1차로 170도의 기름에서 한 번 튀겨 건져내고, 다시 한 번 센불에서 튀겨 약간의 소금을 뿌려주세요. Tip. 1차로 낮은 온도에서 감자를 튀기면 감자튀김의 속이 부드러워지고 ,두번째 센불에서 튀기는 것은 겉면을 바삭하게 해준답니다 Step 4 접시에 생선튀김과 감자튀김을 담고 소스를 곁들여주세요.","['고지방', '고염']",양식,일반
ix8KuNtH1kt5EbAGnZqkGfCY,매운순대볶음,순대 400g | 양파 1/2개 | 당근 1/3개 | 양배추 3잎 | 대파 1/2대 | 청양고추 1개 | 깻잎 5장 | 들깻가루 2큰술 | 통깨 약간 | 식용유 적당량 | 고추장 3큰술 | 맛술 2큰술 | 고춧가루 1큰술 | 간장 1큰술 | 설탕 1큰술 | 다진마늘 1큰술 | 참기름 1큰술 | 후춧가루 약간 | 물 1/3컵,"Step 1 순대는 한입크기로 자르고 양파, 당근, 양배추는 굵게 채를 썰어주세요. 깻잎은 얇게 채를 썰고 대파와 청양고추는 어슷하게 썰어주세요. 볼에 양념소스 재료를 넣어 섞어주세요. Step 2 팬에 약간의 식용유를 두르고 양파, 당근, 양배추를 넣어 볶다가 순대와 양념소스를 넣어 3분 정도 볶아주세요. Step 3 대파와 청양고추를 넣어 볶다가 마지막에 들깻가루를 뿌려 볶아주세요. Step 4 접시에 순대볶음을 담고 깻잎채와 통깨를 뿌려주세요.",['일반'],한식,일반
4PHBMvMQGigmKqiM68yJkiSe,단호박 김치 새우 솥밥,쌀 2컵 | 단호박 200g | 익은 김치 130g | 새우(대하) 4마리 | 들기름 1큰술 | 청주 1큰술 | 양조간장 1큰술,"Step 1 단호박은 잘 씻어 껍질째 큐브 모양으로 썰고, 익은 김치는 속을 털어낸 뒤 잘게 썰어 준비해주세요. 새우도 깨끗이 씻어 머리 부분을 떼어내고 껍질을 벗겨 1cm 길이로 썰어주세요. Step 2 물 500ml에 다듬어 둔 새우 머리와 청주 1큰술을 넣고 5분간 끓여 육수를 만들어요. 완성된 육수는 체로 불순물을 걸러내 맑은 것만 받아주세요. Step 3 달군 솥에 들기름 1큰술을 두르고 김치를 넣어 살살 볶아주세요. Step 4 불린 쌀과 양조간장 1큰술을 첨가해 더 볶아주세요. Step 5 어느 정도 볶아지면 단호박을 넣고 육수순서2를 부은 다음 불에서 5분, 끓기 시작하면 약한 불로 줄여 5분간 더 가열해주세요. 뚜껑을 열어 밥 위에 새우를 얹은 뒤, 뚜껑을 닫고 다시 약한 불에서 5분간 밥을 지어주세요. Step 6 완성 분간 뜸을 들여 완성한 후 맛있게 즐겨주세요.","['고단백', '고지방', '고염']",한식,일반
jdQ71z77Ms4GkCzXmVjGSqNC,오이무침,오이 1개 | 양파 1/2개 | 소금 1/2작은술 | 통깨 약간 | 참기름 1/2큰술 | 고춧가루 2큰술 | 고추장 1/2큰술 | 식초 3큰술 | 설탕 1큰술 | 올리고당 1/2큰술 | 간장 1/2큰술 | 다진마늘 1큰술,"Step 1 오이는 0.5센치 두께로 썰고, 약간의 소금을 넣어 510분정도 절여주세요. Step 2 양파는 채썰어주세요. Step 3 볼에 양념재료를 모두 섞어주세요. Step 4 오이와 양파를 넣어 버무려주세요. Step 5 마지막에 통깨와 참기름을 넣어 마무리해주세요.","['저칼로리', '고지방', '고염']",한식,일반
HacYUvybqBRcfiGxGDAkj8Zc,마늘종 고추장 무침,마늘종 200g | 통깨 약간 | 고추장 1큰술 | 고춧가루 1큰술 | 식초 1/2큰술 | 진간장 1/2큰술 | 물 1큰술 | 매실청 1큰술 | 설탕 1/2작은술 | 참기름 약간,"Step 1 깨끗이 씻은 마늘종은 5cm길이로 잘라주세요. Step 2 끓는 물에 소금을 약간 넣고, 마늘종을 1분 정도 데쳐 찬물에 헹궈주세요. Step 3 양념 재료를 모두 섞어주세요. Step 4 데친 마늘종을 양념에 넣고 무친 후, 통깨를 뿌려주세요. Step 5 알맞은 그릇에 담아 맛있게 즐겨주세요.",['고염'],한식,일반
QTTuBuWc15bp8BacJH8cq2cz,참나물 페스토 파스타,참나물 페스토 1컵  파스타면 180g  마늘 5개  파마산 치즈 약간  면수 1컵  소금 약간  후춧가루 약간  올리브오일 약간  참나물 생략 가능 약간,"Step 1 끓는 물에 소금 약간과 면을 넣고 810분간 삶아낸 후 면은 채반에 건지고, 면수는 따로 덜어 주세요. tip. 파스타 종류별로 삶는 시간이 다르니 포장지에 있는 설명을 참고해 주세요 Step 2 마늘은 편 썰어주세요. 달군 팬에 기름을 약간 두르고 마늘을 볶아주세요. Step 3 볶은 마늘에 면과 면수를 넣어 볶아 주세요. tip. 면을 볶지 않고 페스토에 바로 버무리면 차가운 콜드 파스타로 드실 수 있어요 Step 4 면을 접시에 담고 페스토를 취향껏 올려주세요. 취향에 따라 참나물과 파마산 치즈, 후추를 뿌려 맛있게 즐겨주세요.","['고지방', '고염']",채식,채식
ZQ1u19nBCyPAxjxhWULLiRWr,대파 닭고기 우동,우동면 2개  대파 1대  청양고추 2개  닭다리살 2개  다시마 멸치 육수 4컵  소금 약간  후춧가루 약간  쯔유 2큰술  맛술 1큰술,"Step 1 대파는 6cm 길이로 잘라주세요. Step 2 달군 팬에 닭다리살을 올려주세요. 소금, 후춧가루로 간을 하여 노릇하게 구운 후 먹기 좋은 크기로 잘라주세요. Step 3 끓는 물에 우동면을 넣고 1분간 데친 후 채반에서 물기를 빼주세요. Step 4 자른 대파와 청양고추를 넣어 같이 노릇하게 구워주세요. tip. 토치로 겉면을 태우듯이 익히면 불맛을 느낄 수 있어요 Step 5 냄비에 다시마 멸치 육수를 넣어 끓으면 볶은 대파와 닭고기를 넣어 끓여주세요. Tip. 끓이면서 생기는 거품은 걷어야 더욱더 깔끔한 국물 맛을 낼 수 있어요 Step 6 국물 양념 재료를 넣어 끓인 후 데친 우동면을 넣어 1분간 끓여주세요. 쯔유는 제품에 따라 농도와 맛에 차이가 있으므로 넣어가며 간을 조절해주세요 Step 7 완성된 우동을 그릇에 담아 맛있게 즐겨주세요.",['고염'],일식,일반
zxahQwKZx73j3PX7zEu3RA8t,까르보나라,파스타 면 90g  판체타 혹은 베이컨 1줄 50g  파마산 치즈 4큰술 50g  달걀 1개  달걀 노른자 1개  면수 1컵  소금 1큰술  후춧가루 약간  물 1.5L  올리브유 약간,"Step 1 끓는 물에 소금과 면을 넣어 8분 정도 삶아주세요. 삶아진 면은 채반에 받쳐 물기를 빼고 올리브유를 넣어 버무려주세요. Step 2 판체타는 0.51cm 크기로 잘라 달궈진 팬에 넣고 기름이 충분히 나올 때 까지 볶아 주세요. Step 3 볶아진 판체타에 삶아 둔 면과 면수를 넣고 한 번 더 끓인 후 불을 끄고 팬을 식혀 주세요. Step 4 달걀1개와 노른자1개는 볼에 담고, 파마산 치즈를 넣어 잘 섞어 주세요. 미지근하게 식힌 면에 계란물을 면에 붓고 노른자와 치즈가 크리미 해지도록 재빨리 섞어주세요. tip. 팬이 뜨거우면 달걀이 익어서 스크램블이 되니 주의하세요. Step 5 완성된 까르보나라를 접시에 담고 후춧가루를 뿌려 맛있게 즐겨주세요. 고운 후춧가루보다 그라인더로 갈아 사용하는 통후추를 사용하면 더욱 풍미가 좋아져요.","['고단백', '고지방', '고염']",양식,일반
ynveZVxzRQECJPwJsLQabsiA,참치김치찌개,묵은지 1/4포기(250g) | 참치캔(작은캔) 1개 | 두부 1/2모 | 양파 1/2개 | 대파 1/4대 | 청양고추 1개 | 다진마늘 1작은술 | 들기름 1큰술 | 김치국물 2큰술 | 설탕 1/2큰술 | 고춧가루 1큰술 | 쌀뜨물(또는 멸치육수) 200ml,"Step 1 묵은지와 두부는 적당한 크기로 썰어주세요. 양파는 채썰고, 대파와 청양고추는 어슷 썰어주세요. Step 2 달군냄비에 들기름과 참치캔 기름을 넣고 묵은지와 양파, 설탕을 넣어 양파가 투명해질 때까지 볶아주세요. Step 3 물, 다진마늘, 김치국물, 고춧가루, 참치캔을 넣어 중불에서 약 5분간 끓여주세요. Step 4 대파와 청양고추, 두부를 넣고 한소끔 더 끓여주세요. Step 5 따뜻할 때 밥과 함께 즐겨주세요.","['고단백', '저칼로리', '고지방', '고당']",한식,일반
w55PG9QFF9D9TJYsWVfXspwf,애플소스 핫케이크,통밀가루 0.5컵  백밀가루 0.5컵  베이킹파우더 0.5스푼  소금 약간  식물성유 2스푼  두유 4스푼  메이플시럽 혹은 꿀 3스푼  사과주스 4스푼  사과 1개  전분가루 0.5스푼  물 1스푼,Step 1 액체 재료를 모두 볼에 넣고 거품기로 휘핑하여 기름이 잘 섞이도록 해주세요. Step 2 가루류는 뭉치지 않게 하기 위해 체에 쳐서 STEP1의 액체 재료와 잘 섞어줍니다. Step 3 잘 섞인 반죽을 팬에 한두 국자 씩 덜어서 구워주세요. 고소한 식감을 위해 견과류를 뿌려주셔도 좋습니다. Step 4 핫케이크가 구워지는 동안 사과를 강판에 갈아 냄비에 담고 약불에서 1015분 정도 물기가 날아갈 정도로 끓여주세요. 걸쭉한 농도를 위해 약간의 전분물을 넣어주셔도 좋아요. 생략 가능 Step 5 앞뒤로 잘 구워진 핫케이크에 사과 소스를 올려 완성해주세요.,['고지방'],양식,일반
m9xcByY78FJwy7fmwefTmnma,사색 꼬치전,단무지 4줄 | 빨간 파프리카 1개 | 쪽파 한줌 | 표고 버섯 3개 | 부침가루 4큰술 | 식용유 약간 | 나무꼬치 12개 | 부침가루 6큰술 | 물 ½컵 | 강황 가루 두꼬집,"Step 1 단무지는 길이로 3등분하고 파프리카와 표고, 쪽파는 단무지 크기로 썰어주세요. Step 2 볼에 부침 재료를 넣고 섞어 강황물을 만들어주세요. Step 3 나무꼬치에 표고버섯쪽파파프리카단무지표고버섯 순으로 꽂아주세요. Step 4 꼬치전에 부침가루를 묻혀 살짝 털어낸 후 강황물을 고루 입혀주세요. tip.꼬치전에 부침가루를 한쪽면에만 묻히고 강황물을 골고루 묻혀 전을 부치면, 꼬치의 색감이 더욱 노랗고 선명하게 나올 수 있답니다. Step 5 달군팬에 기름을 넉넉히 두르고, 사색 꼬치전을 올려 중간불에서 앞 뒤로 익혀 맛있게 즐겨주세요.","['저칼로리', '고지방']",한식,일반
Dg25VGCFDFcfuQNG5tjfQMCm,고구마크로크무슈,식빵 4장  슬라이스 치즈 2장  슬라이스 햄 4장  삶은 고구마 1개  피자치즈 212컵  우유 6큰술  버터 1큰술  꿀 1큰술  소금 약간,"Step 1 부드럽게 삶은 고구마를 뜨거울 때 으깨고, 고구마무스 재료를 넣고 고루 섞어주세요. Step 2 식빵 한쪽 면에 고구마무스를 바르고, 햄 2장슬라이스 치즈피자치즈다른 식빵고구마무스피자치즈파슬리가루 순으로 올려주세요. Step 3 도로 예열한 오븐에 넣어 810분정도 노릇하게 구워주세요. 오븐이 없으신 경우, 전자레인지에서 40초정도 치즈가 녹을 때까지 돌려주세요. Step 4 먹기 좋게 잘라 즐겨주세요.",['고지방'],양식,일반
KTPcodVLNuV4SnRovteUHgT1,비건 통밀빵,통밀가루 400g  드라이 이스트 골드 6g  소금 8g  포도씨 오일 24g  아가베 시럽 또는 꿀 50g  두유 40g  물 170g  덧밀가루용 강력분 약간,"Step 1 모든 재료를 섞고 반죽기에서 저속으로 5분, 중속으로 1015분 반죽해 주세요. Step 2 반죽이 완료되면 둥글리기 후 볼에 담아 4050분 1차 발효해 주세요. tip. 온도는 2628도가 적당해요 Step 3 발효한 반죽은 덧밀가루를 뿌린 후 가볍게 눌러 가스를 빼고 이등분해 주세요. Step 4 나눈 반죽을 각각 둥글리기 하고 20분간 휴지시켜주세요. 휴지가 끝난 반죽은 덧밀가루를 뿌리고 손으로 가볍게 눌러 동그란 모양을 만들어주세요. Step 5 밀대로 가볍게 밀고 위에서부터 접어 이음새를 정리한 후 반죽을 둥글려 타원형 모양으로럭비공 모양 성형해 주세요. tip. 이음새 부분은 잘 꼬집어 눌러야 벌어지지 않아요 Step 6 오븐 틀에 통밀가루를 뿌린 후 칼집을 넣고 40분간 2차 발효해 주세요. tip. 약 2배로 부풀 때까지 발효해 주세요 오븐 Step 7 도로 예열된 오븐에서 2025분간 구워주세요. tip. 굽는 시간은 오븐의 성능에 따라 다를 수 있어요",['일반'],채식,채식
J7Lyqep1qft4eMQB3hrw3dSG,불고기 상추쌈밥,"현미밥 130g  소분한 소불고기 110g  청고추, 홍고추 1개씩  청상추 6장  마늘 1쪽  고추장 큰술  검은깨또는 통깨 약간","Step 1 청상추는 흐르는 물에 씻은 뒤 물기를 털어내고 마늘은 얇게 채 썰고, 청고추 홍고추는 어슷 썰어주세요. Step 2 손에 물이나 참기름을 살짝 묻힌 뒤 현미밥을 한 입 크기로 동그랗게 뭉쳐주세요. Step 3 뭉친 밥을 상추로 감싸서 밀폐용기에 담은 후 밥 위에 고추장을 조금씩 발라주세요. Step 4 소불고기와 마늘, 고추를 올린 뒤 검은깨를 뿌려주세요. Step 5 완성 한 입에 쏙 맛있게 즐겨주세요. Tip. 고추장 대신 쌈장이나 다진 견과류를 곁들여도 맛있어요. 다진","['고지방', '고염']",다이어트,다이어트
GBVKW2ULb6c4o15W5EuRwXDB,봄나물주먹밥,취나물 한줌 | 베이컨 3줄 | 밥 2공기 | 통깨 약간 | 참기름 1큰술 | 간장 1/2작은술 | 소금 한꼬집 | 깨소금 약간 | 소금 1/4작은술 | 깨소금 1/2작은술,"Step 1 손질한 취나물은 끓는 물에 소금을 넣고 데치고, 찬물에 헹궈 물기를 제거한 후 잘게 잘라 나물 양념에 무쳐주세요. Step 2 베이컨을 잘게 자른 후 달군 팬에 볶아주세요. Step 3 볼에 고슬고슬하게 지은 밥과 밥양념 재료, 취나물, 베이컨을 넣고 고루 섞어주세요. Step 4 한 입 크기로 동그랗게 모양을 잡아 주먹밥을 만들고, 통깨를 뿌려주세요. Step 5 도시락으로 즐기기 좋은 메뉴랍니다.",['고염'],한식,일반
7expU8dgn2ecRiwRUZMy32gm,곶감 뇨키,곶감 1개  삶은 감자 3개  박력분 60g  달걀노른자 1개  생크림 300ml  그라나 파다노 치즈 30g  카옌 페퍼 2꼬집  올리브오일 약간  소금 약간  후추 약간,"Step 1 조리법 곶감은 반으로 잘라 속을 긁어 퓌레로 준비해요. 삶은 감자는 매셔로 곱게 으깨주세요. 2. 곶감 퓌레, 감자, 박력분, 물, 소금을 넣어 적당한 농도의 쫀쫀한 반죽을 만들어주세요. 곶감의 남은 과육은 썰어 마지막에 고명으로 올려요. 반죽의 농도는 박력분의 양으로 조절해주세요. 3. 순서2의 반죽을 한 줄로 길게 비빈 다음 포크 옆면으로 잘라주세요. Step 2 자른 반죽을 손바닥으로 둥글게 만들어 밀가루를 덧발라요. 음식을 찍는 포크 뒷부분에 밀가루를 묻히고 반죽을 누르듯 찍어 앞으로 말면서 모양을 내주세요. Step 3 끓는 물 5컵에 소금 1큰술과 올리브오일 2큰술을 넣고 순서3의 반죽을 넣어 끓여요. 반죽이 떠오르면 바로 건져 물기를 털어낸 뒤 올리브오일을 두른 달군 팬에 옮겨 구워주세요. 익힌 반죽은 잘 달라붙으니 코팅된 무쇠팬을 사용해 반죽을 구우면 좋아요. 6. 반죽의 겉면이 노릇노릇해지면 생크림을 붓고 그라나 파다노 치즈, 소금, 후추로 간을 맞춘 후 카옌 페퍼를 뿌려 볶아주세요. Step 4 완성 그릇에 담아낸 후 순서2에서 남긴 곶감 과육을 조금 두껍게 썰어 고명으로 올려 완성해주세요.","['고지방', '고염']",양식,일반
NAQwMkLAr5urmQ681RuNGcZT,두부크림치즈 시금치무침,시금치 200g  반건조 감말랭이 4050g  부침두부 70g  올리브유 23큰술  다진마늘 1큰술  소금 12큰술  플레인 크림치즈 30g,"Step 1 끓는 물에 소금을 1꼬집 넣고 시금치 뿌리 부분이 물을 향하게 든 뒤 10초 정도 뿌리만 담가 뒀다가 잎을 담가주세요. 잎이 부드러워지면 꺼내어 찬물에 씻어서 물기를 꽉 짜준 뒤 먹기 좋은 크기로 5cm 길이로 잘라둡니다. Step 2 두부의 물기를 제거하고 거즈에 싼 뒤 다시 한 번 물기를 짜고 곱게 으깨어 주세요. Step 3 감 말랭이를 먹기 좋은 두께로 잘라주세요. Step 4 크림치즈와 두부, 올리브유, 다진마늘, 소금, 후추를 그릇에 넣어 섞어주세요. 두부 Step 5 시금치와 감말랭이를 소스에 버무려주세요. Step 6 완성된 요리를 그릇에 담아 마무리하세요.","['고단백', '저칼로리', '고지방', '고염']",채식,채식
a4cRNEPiXj2cSVGNJQL2tnTu,가지 샐러리 냉채,가지 2개  레몬 웨지 1개  샐러리 3줄기  홀스레디시 2개  배 개  연겨자 큰술  설탕 1큰술  양조식초 2큰술  레몬즙 2큰술  소금 약간  잣가루 큰술,"Step 1 가지는 렌지에 2분 30초 돌린 후 껍질을 벗겨서 가늘게 썰고, 샐러리는 채칼로 가늘게 밀어 찬물에 담가놔주세요. 배와 홀스레디시는 가늘게 채 썰어주세요. Step 2 분량의 재료들을 모두 골고루 섞어 겨자 드레싱을 만들어주세요. Step 3 완성 그릇에 샐러리, 홀스레디시, 레몬 웨지, 배를 골고루 담고 가지를 얹은 후 드레싱을 곁들여 완성해 주세요. Tip. 생레몬즙을 짜서 겨자와 드레싱을 만들면, 겨자의 매콤함이 중화되고 상큼함이 배가 됩니다. 샐러리와 홀스레디시는 가늘게 채 썰어 물에 담가두면 강한 향과 맛이 중화돼요.",['일반'],채식,채식
hmXbMZa7vZbbmfNNMBYFFWZo,연두부샐러드,연두부 1모  샐러드용 잎채소 한 줌  피칸견과류 약간  통깨 3큰술  물 2큰술  유자청 1큰술  간장 1큰술  설탕 1큰술  식초 1큰술  후추 약간,Step 1 잎채소는 한입 크기로 자른 후 찬물에 담갔다가 물기를 제거합니다. Step 2 연두부는 물기를 제거하고 부서지지 않도록 주의하여 8등분으로 잘라주세요. Step 3 드레싱 재료를 믹서에 갈아 잘 섞어주세요. 그릇에 연두부를 올리고 드레싱을 뿌린 후 잎채소와 피칸을 얹어 마무리해주세요.,"['고단백', '저칼로리']",다이어트,다이어트
tD1NBr1ufXyi5B8u4AzdtcGm,일본식 두부튀김,두부 찌개용 1모  전분가루 5큰술  실파 2대  무 18개  가쓰오부시 한줌  물 1컵  다시마사방 4센치 1장  간장 3큰술  미림 3큰술,"Step 1 두부는 4등분으로 잘라 키친타월에 올려 물기를 제거해주세요. 실파는 송송썰고 무는 강판에 간 후 물기를 살짝 짜주세요. Step 2 냄비에 소스재료를 넣고 끓이다가, 끓어오르면 다시마를 건져내고 1분 정도 더 끓여 소스를 만들어주세요. Step 3 두부는 전분가루를 고르게 묻힌 후 170도 기름에서 바삭하게 튀겨주세요. Step 4 그릇에 튀긴두부를 담고 갈은 무와 가쓰오부시, 송송 썬 실파를 올린 후 소스를 부어주세요. Step 5 두부가 바삭한 상태일 때 맛있게 즐겨주세요.","['고단백', '저칼로리']",일식,일반
tgGEwJ3xF2WxAFZRJSm4nbmW,제주식 고사리육개장,닭 1마리(1kg) | 물 1.2L | 고사리 150g | 고춧가루 2큰술 | 대파 25g | 다진 마늘 1큰술 | 소금 ½큰술 | 후추 1작은술 | 우유 적당량 | 찹쌀가루 45g | 물 250ml,"Step 1 닭은 흐르는 물에 잘 씻어 비계 부분을 손질하고 우유에 30분 정도 담가둔 뒤 씻어주세요. Tip. 닭을 우유에 담가두면 육질이 부드러워질 뿐 아니라 잡내를 없애줘요. Step 2 고사리는 깨끗하게 씻은 뒤 믹서에 갈아주세요. Step 3 냄비에 닭, 물을 넣어 30분 정도 삶은 뒤 닭을 꺼내 살을 잘게 발라주세요. 이 때 닭을 삶은 물은 버리지 않아요. Step 4 찹쌀가루와 물을 그릇에 넣고 숟가락으로 잘 개어 찹쌀물을 만들어주세요. Step 5 순서 3의 닭 삶았던 물에 믹서에 간 고사리와 잘게 바른 닭을 넣고 끓여주세요. Step 6 김이 나고 끓어오르면 마늘, 고춧가루, 소금, 후추를 넣어 간을 맞춰주세요. Step 7 순서 4의 찹쌀물을 넣고 고사리가 익을 때까지 5분 정도 더 끓여주세요. Step 8 완성 그릇에 덜어 깊고 진한 닭육수의 고사리육개장을 음미해보세요. 제주도에서 먹었던 고사리육개장의 추억이 떠오르실거예요. 매콤한 걸 즐기신다면 취향껏 고춧가루를 더 넣어 드셔도 좋답니다",['고염'],한식,일반
Dk8351qEx1kn6SzQH4wM45T4,장김치,배추 1/2통 | 무 1/2통 | 오이 2개 | 양파 1개 | 표고버섯 4개 | 마늘 5개 | 홍고추 2개 | 생강 한톨 | 미나리 한줌 | 물 3컵 | 국간장 1컵 | 설탕 4큰술 | 꿀 4큰술 | 매실액 4큰술 | 메밀면 1인분 | 장김치 채소 약간 | 장김치 국물 1/2컵 | 들기름 2큰술 | 통깨 약간 | 김가루(생략 가능) 약간,"Step 1 배추 반 통을 2등분 한 후 씻어주세요. 미나리와 오이, 홍고추는 깨끗이 씻어 준비하고 무는 길게 4등분 내주세요. Step 2 양파는 반으로 잘라 3등분 내주세요. 마늘과 생강은 편썰고 표고버섯은 기둥을 떼어내주세요. Step 3 냄비에 양념 재료를 넣고 팔팔 끓인 후 식혀주세요. Step 4 식은 양념을 손질한 재료에 넣고 하루 정도 절여주세요. 절인 재료를 뒤집어서 다시 하루 정도 절여주세요. tip. 무거운걸 올려 채소가 양념에 잠길 수 있도록 해주세요 Step 5 완성된 장김치는 먹기 좋게 썰어주세요. tip. 밥 반찬으로 활용하시거나 메밀면에 장김치 국물과 채소를 넣어 들기름 막국수로 드셔도 좋아요","['저칼로리', '고지방']",한식,일반
XzuQMQrvo4QNduNCgVkaZnq8,푸타네스카 파스타,파스타 면 200g  깐 마늘 5개  방울토마토 15개  블랙 올리브 10개  엔초비 3마리  케이퍼 1큰술  페퍼론치노 2개  다진 파슬리 약간  올리브오일 적당량  초이스 레시피 매콤해물맛 1포  치킨채소치킨스톡으로 대체 가능 1컵  파마산 치즈 약간  후춧가루 약간,"Step 1 마늘은 편으로 썰고, 방울토마토는 4등분으로 잘라주세요. 블랙 올리브는 굵게 다져주세요. Step 2 끓는 물에 파스타 면을 넣고 6분 정도 삶아주세요. Step 3 달군 팬에 올리브오일을 넣고 마늘을 넣어 노릇하게 볶아주세요. 면수 14 컵과 엔초비, 케이퍼, 페퍼론치노, 다진 올리브를 넣고 볶아주세요. Step 4 방울토마토를 넣은 후 파슬리와 초이스 레시피를 넣고 잘 섞어주세요. Step 5 면수 12컵과 삶은 파스타를 넣고 파마산 치즈를 갈아 넣어주세요. tip. 부족한 간은 소금으로 조절해 주세요 Step 6 접시에 담은 후 올리브오일, 파슬리, 후춧가루를 뿌려 맛있게 즐겨주세요. tip. 기호에 따라 바질을 올려 함께 드셔도 맛있답니다","['고지방', '고염']",양식,일반
Ab59ZBS4Vyu2n25iSGA6hQwP,즉석밥 리조또,즉석밥 1개  우유 1컵  물 12컵  베이컨 2줄  치킨스톡 큐브 12개  버터 1큰술  양파 12개  마늘 5개  다진 파슬리생략 가능 약간  소금 약간  후춧가루 약간,"Step 1 양파와 마늘은 잘게 다져주세요. Step 2 베이컨은 전자레인지에서 2분간 조리해 주세요. Step 3 팬에 올리브오일을 두른 후 양파와 마늘을 넣고 5단에서 3분간 볶아주세요. Step 4 물과 스톡을 넣고 9단에서 1분간 끓여주세요. Step 5 우유를 넣고 9단에서 1분간 끓여주세요. Step 6 즉석밥을 넣고 소금, 후춧가루로 간을 해 5단에서 3분간 저어가며 끓여주세요. Step 7 불을 끄고 버터를 넣어 섞어주세요. Step 8 완성된 리조또를 접시에 담고 잘게 썬 베이컨을 올리고 파슬리와 파마산치즈를 뿌려 맛있게 즐겨주세요.","['고지방', '고염']",양식,일반
CaBNrub5i33xPpmdkbNiphpF,샤오마이,새우 200g  돼지고기 등심 100g  표고버섯 50g  죽순 40g  돼지고기 A 지방 100g  총장즙 15g  감자전분 30g  소금 1g  설탕 2g  치킨파우더 35g  백후추 1g  참기름 40g  청주 20g  강력분 300g  달걀 노른자 1개  물 100g,"Step 1 돼지고기 등심, 죽순, 표고버섯은 사방 1cm로 썰어서 준비해 주세요. Step 2 볼에 순서 1과 분량의 소스를 넣고 치대주세요. Step 3 피 반죽과 속재료를 준비해 주세요. Step 4 동그랗게 피를 밀어 준비하고, 피 중앙에 속재료를 넣어주세요. Step 5 헤라를 사용해 뒤집어 주세요. Step 6 완성 엄지와 검지 사이에 얹어 모양을 만들고 찜기에 4분간 쪄 주세요. Tip. 1. 피에 속재료를 넣어 완성할 때 피를 덮는 식으로 쌓아야 찌고 나서도 마르지 않아요. 2. 피 반죽시 밀가루 500g 기준으로 뜨거운 물 150g, 찬물 150g을 넣어 반죽하면 찰진 식감을 얻을 수 있답니다.","['고단백', '저칼로리']",중식,일반
cfNihpWHNPpgC1YwheiTUmxu,리코타치즈샐러드,리코타치즈 한 덩어리  샐러드채소 적당량  딸기 5개  오렌지 1개  꿀 약간  아몬드 약간  올리브오일 3큰술  발사믹식초 2큰술  다진 양파 1큰술  소금 1작은술  후추 약간,Step 1 샐러드채소는 씻어 물기를 빼주세요. Step 2 발사믹드레싱재료를 섞어 드레싱을 만들어주세요. Step 3 접시에 샐러드채소를 담고 손질한 딸기와 오렌지 그리고 리코타치즈를 먹기 좋게 올려주세요. 다진 아몬드를 뿌려주세요. Step 4 미리 만들어 놓은 발사믹드레싱과 꿀을 뿌려 마무리해주세요.,"['저칼로리', '고지방', '고당']",양식,일반
PytpsB99nVLpHUaA7XQiYtxN,달걀 간장 비빔국수,달걀 2개 | 소면 200g | 쪽파 ½대 | 통깨 약간 | 진간장 2큰술 | 올리고당 1큰술 | 다진 마늘 ½작은술 | 설탕 1작은술 | 참기름 1큰술 | 후춧가루 약간,"Step 1 냄비에 달걀이 잠길 정도의 물을 부은 후 소금과 식초, 달걀을 넣어 약 89분 반숙 상태로 삶아주세요. 삶은 달걀은 찬물에 담가 껍질을 벗겨주세요. 실온 상태의 달걀을 사용해야 터지지 않게 삶을 수 있어요 Step 2 쪽파는 얇게 송송 썰어주세요. 볼에 국수 양념 재료를 넣어 섞어주세요. Step 3 끓는 물에 소면을 펼쳐 넣고 젓가락으로 저어 면끼리 달라붙지 않도록 저어주고 물이 끓어오르면 찬물 반 컵을 23회 반복해서 부어 국수를 삶아주세요. 흐르는 찬물에 소면을 여러 번 씻어 전분기를 없애고 체에 받쳐 물기를 빼주세요. Step 4 큰 볼에 삶은 국수와 국수 양념장, 송송 썬 파를 넣어 골고루 섞어주세요. 기호에 따라 청양고추를 송송 썰어 넣으면 매콤한 맛으로 즐기실 수 있어요 Step 5 그릇에 간장 비빔국수를 담은 후 달걀을 반으로 잘라 얹어주세요. 통깨를 뿌려 맛있게 즐겨주세요.","['고단백', '고염']",한식,일반
YpKxUhfashw3vK1zWBwnAPfA,오곡밥,찹쌀 2컵 | 멥쌀 1컵 | 팥 1/2컵 | 찰수수 1/2컵 | 검은콩 1/4컵 | 찰기장 1/4컵 | 밤 10톨 | 물 2컵 | 팥물 1컵 | 소금 1작은술,"Step 1 찹쌀과 멥쌀은 깨끗하게 씻어 1시간정도 물에 불리고 체에 밭쳐주세요. 검은콩은 반나절 물에 불리고 찰수수는 붉은 물을 우려내며 치대어 씻어 1시간정도 물에 불리고 체에 밭쳐주세요. 찰기장은 깨끗이 씻어 체에 밭쳐 물기를 빼주세요. Step 2 밤은 속껍질까지 벗겨 4등분으로 잘라주세요. Step 3 팥은 씻어서 팥이 잠길정도의 물을 부어 끓어오르면 물을 따라내고 물 5컵을 다시 부어 팥이 익을 때까지 30분정도 삶아 체에 밭쳐 물기를 빼고 팥 삶은 물은 따로 받아 밥물재료로 사용해주세요. Step 4 냄비에 찹쌀과 멥쌀, 검은콩, 찰수수, 팥, 찰기장을 섞어 넣고 밤을 올리고 밥물재료를 잘 섞은 후 붓고 뚜껑을 닫고 센불에서 끓여주세요.전기밥솥을 사용하실 때는 모든 곡식을 섞어 넣은 후 밤을 올리고 밥물재료를 잘 섞은 후 부어 만들어주세요. Step 5 밥물이 끓으면 중간불로 줄여 10분정도 끓이고 밥물이 잦아들면 불을 약하게 줄이고 8분정도 뜸을 들여주세요. Step 6 오곡밥은 주걱으로 위 아래 잘 섞어 그릇에 담아주세요.",['일반'],한식,일반
ijB9PXJP7rufxqR3LVt5wmv8,새송이버섯 메추리알장조림,메추리알 40개 | 새송이버섯 3~4개 | 깨 약간 | 다시마 1장 | 멸치 8마리 | 청양고추 1개 | 마늘 3쪽 | 물 4컵 | 다시마물 2컵 | 간장 1/2컵 | 설탕 1큰술 | 맛술 2큰술 | 올리고당 2큰술 | 후추 약간,"Step 1 냄비에 국물재료를 넣고 끓이다가, 끓어오르면 다시마를 건져내고 10분 정도 끓인 후 체에 걸러주세요. Step 2 냄비에 메추리알이 잠길 만큼 물을 넣고 약간의 소금과 식초를 넣은 후, 8분 정도 삶고 찬물에 담가 껍질을 벗겨주세요. 메추리알은 냉장고에서 미리 꺼내 차지 않게 준비한 후 삶아주세요. 새송이버섯을 먹기 좋은 크기로 잘라주세요. Step 3 냄비에 양념 재료를 넣고 끓어오르면 메추리알을 넣고, 간장색이 배어나게 조려지면 새송이버섯을 넣고 8분 정도 끓여주세요. Step 4 완성된 요리를 그릇에 담아 마무리해주세요.","['저칼로리', '고염']",한식,일반
bXCBobQGSffkBiBM7Y8tH3tK,구운 고깔양배추 샐러드,고깔 양배추 통  올리브오일 약간  베이컨 2줄  파마산 치즈 약간  식빵 또는 호밀빵 1개  버터 1큰술  후춧가루 약간  마요네즈 100g  다진 마늘 큰술  홀그레인 머스터드 1큰술  레몬즙 1큰술  멸치액젓 또는 앤초비 큰술  파마산 치즈 2큰술  올리브오일 4큰술  소금 약간,"Step 1 깨끗이 씻은 고깔 양배추는 심지를 살려 모양대로 잘라주세요. 베이컨은 잘게 잘라주세요 Step 2 빵은 손가락 한마디 크기로 자르고 달군 팬에 버터를 두른 후 노릇하게 구워주세요. 잘게 자른 베이컨도 따로 노릇하게 구워 기름을 빼주세요. Step 3 올리브오일을 두른 후 양배추를 소금, 후춧가루로 간을 하여 앞뒤로 노릇하게 구워주세요. Step 4 볼에 시저 드레싱 재료를 넣고 골고루 섞어주세요. Step 5 접시에 구운 고깔 양배추를 담은 후 시저 드레싱을 뿌려주세요. 구운 빵과 베이컨, 파마산 치즈를 뿌려 맛있게 즐겨주세요.","['고지방', '고염']",양식,일반
57vRvHJJ4Zw2xZxYkjDPx5is,오징어채간장볶음,오징어채 3줌(150g) | 다진 마늘 1큰술 | 마요네즈 2큰술 | 송송 썬 쪽파 1큰술(생략가능) | 통깨 약간 | 참기름 1/2큰술 | 식용유 약간 | 진간장 2큰술 | 맛술 1/2큰술 | 올리고당 1큰술,"Step 1 오징어채는 찬물에 5분 정도 담갔다가 체에 밭쳐 물기를 빼주세요. 먹기 좋게 자른 후 마요네즈에 버무려주세요. 오징어를 물에 담가두면 오징어채의 식감을 훨씬 부드럽고 촉촉하게 만들 수 있어요. Step 2 달군 팬에 식용유를 두른 후 약불에서 다진 마늘을 볶아주세요. Step 3 마늘향이 올라오면 양념 재료를 넣고 살짝 끓인 후 약한 불로 줄여 오징어채를 넣어주세요. 양념 Step 4 양념이 고루 섞이도록 골고루 버무리고 불을 끈 후 참기름과 통깨, 송송 썬 쪽파를 뿌려주세요. 오징어채는 오래 볶으면 질겨질 수 있으니 약한 불에서 짧은 시간 동안 빠르게 볶아주세요.","['고단백', '고지방']",한식,일반
cDf4TCXszaNSPrpV5yEtxue2,호랑이콩 샐러드,"삶은 호랑이콩 1컵 | 방울토마토 6개 | 샐러리 1줄기 | 올리브오일 1큰술 | 화이트 발사믹 식초 1큰술 | 소금, 후춧가루 약간","Step 1 방울토마토는 4등분으로 자르고 샐러리는 1cm 두께로 잘라주세요. Step 2 삶은 호랑이콩은 물기를 제거한 뒤 볼에 담아주세요. Step 3 손질한 채소와 함께 볼에 담고, 올리브오일, 화이트 발사믹, 소금, 후춧가루를 넣어 섞어주세요. Step 4 접시에 담아 맛있게 즐겨주세요.","['저칼로리', '고지방', '고염']",한식,일반
HsdLv9GWLshLyG6KCqwB8W7b,크리스마스 리스 소시지볼,비엔나 소시지 24개  강력분 260g  우유 60g  미지근한 물 60g  녹인 버터 30g  달걀 1개  설탕 30g  소금 4g  드라이 이스트 4g  로즈마리 약간  케첩 약간  메이플 시럽 약간  우유 2큰술  건 오레가노 약간,Step 1 버터를 제외한 모든 재료를 볼에 넣고 주걱으로 섞다가 녹인 버터를 넣고 한번 더 섞어주세요. Step 2 반죽에 랩을 씌워 실온에서 40분 정도 발효해 주세요. Step 3 발효된 반죽은 약 25그램 씩 나누어 길게 늘린 후 소시지에 감아주세요. 법랑 접시에 종이 호일을 깔고 반죽으로 감싼 소시지를 리스 모양처럼 2단으로 둥글게 올려주세요. Step 4 겉면에 우유와 오레가노를 섞어 바르고 1단에 넣고 광파오븐 수동 요리 오븐에서 200도로 19분간 조리해 주세요. Step 5 완성된 소시지볼을 접시에 담아 메이플 시럽을 바르고 로즈마리로 장식한 후 케찹을 곁들여 맛있게 즐겨주세요.,"['고지방', '고당']",양식,일반
p47MYdwJ5RGawy4XEagQQw1W,토마토소스미트볼,다진 쇠고기 150g  다진 돼지고기 150g  양파 14개  당근 14개  빵가루 4큰술  케첩 1큰술  머스터드 1큰술  달걀 12개  다진 마늘 1작은술  소금 두 꼬집  후추 약간  시판 토마토 소스 1컵  물 12컵  파르메산 치즈가루 1큰술  파슬리가루 약간,"Step 1 다진 쇠고기와 돼지고기를 키친타올에 올려 핏물을 제거해주세요. 양파와 당근은 곱게 다진 후, 달군 팬에 올리브유를 두르고 약간의 소금, 후추를 뿌려 간을 하여 수분이 없게 볶아주세요. Step 2 볼에 고기와 볶아놓은 야채, 고기 양념재료를 넣고 골고루 섞어가며 치대주세요. 반죽의 농도에 따라 빵가루를 가감해주세요 Step 3 고기반죽을 한입 크기로 동그랗게 빚은 후, 달군 팬에 올리브유를 두르고 미트볼을 굴려가며 노릇하게 4분 정도 익혀주세요. 1개당 25g Step 4 새로 달군 팬에 토마토 소스와 물을 넣고 끓어오르면, 익혀놓은 미트볼을 넣어 23분정도 끓여 소스와 골고루 섞이도록 해주세요. Step 5 파르메산 치즈가루와 약간의 소금과 후추로 간을 하고 파슬리가루를 뿌려주세요. 기호에 따라 핫도그빵을 구워 미트볼과 야채, 치즈 등을 넣어 드셔도 맛있답니다.","['고단백', '저칼로리', '고지방', '고염']",양식,일반
eyJRrbiWqH868RSsikwJoAx5,해장 짬뽕,오징어 마리  알새우 68마리  바지락 한 줌  양파 개  청경채 2개  표고버섯 2개  목이버섯 1개  죽순 60g  당근 약간  호박 약간  배추 약간  고추기름 2큰술  다진마늘 1작은술  다진생강 작은술  고춧가루 2큰술  물 3컵  소금 큰술  치킨파우더 작은술  후춧가루 약간  참기름 작은술,"Step 1 바지락은 소금물에 담가 해감을 하고, 오징어는 한입 크기로 썰어 알새우와 함께 준비해 주세요 Step 2 양파, 당근, 호박, 배추는 가늘게 채 썰고, 죽순, 표고버섯은 편 썰어주세요. 목이버섯은 물에 담가 불린 뒤 청경채, 숙주와 함께 먹기 좋은 크기로 손질해 주세요. Step 3 팬에 고추기름을 두르고 다진 마늘, 다진 생강을 볶아 향을 내주세요. Step 4 숙주를 제외한 채소를 넣고 볶다가 고춧가루를 넣어 채소에 잘 흡수되도록 볶아주세요. Step 5 순서 4에 물을 넣고 소금, 치킨파우더, 후춧가루를 넣어 간을 맞추고, 순서 1의 해물을 넣어 끓여주세요. Step 6 완성 육수가 끓어 오르면 숙주와 참기름을 넣어 완성해 주세요. Tip. 생면을 삶아 그릇에 담고 그 위에 짬뽕 국물을 부어 먹으면 훌륭한 한 끼 식사가 된답니다. 조개류를 제외한 해물은 마지막쯤에 넣고 끓여줘야 질겨지지 않아요.","['고단백', '저칼로리', '고지방', '고염']",중식,일반
yro1wXK4hUBYrqK32x5rmErc,다시마 라면,다시마 국수 1팩 180g  대파 대  칵테일 새우 다른 해물로 대체 가능 6마리  라면 수프 1개  물 500mL  다진 마늘 1작은술  고춧가루 생략 가능 1작은술,"Step 1 다시마 국수는 체에 밭쳐 흐르는 물에 헹궈 물기를 빼주세요. Step 2 대파는 어슷하게 썰어주세요. Step 3 냄비에 물과 라면 수프, 다시마 국수를 넣은 후 끓으면 칵테일 새우를 넣어주세요. Step 4 다진 마늘, 고춧가루를 넣어 간을 맞춰주세요. Step 5 대파를 넣은 후 불을 끄고 그릇에 담아 맛있게 즐겨주세요. 기호에 따라 달걀 등의 재료를 추가하여 드셔도 좋아요",['고단백'],다이어트,다이어트
fHFMJus5vgCsMRVBrNr5B84N,돼지갈비찜,돼지갈비 (찜용) 1kg | 무 1/3개 | 양파 1개 | 표고버섯 4개 | 당근 1/2개 | 마른고추 2개 | 대파(흰부분) 1/2대 | 실파 1대 | 통깨 약간 | 물 2+1/2컵 | 물 6컵 | 대파(파란부분) 1/2대 | 마늘 5쪽 | 월계수잎 3장 | 통후추 10알 | 간장 9큰술 | 맛술 4큰술 | 설탕 3큰술 | 물엿 3큰술 | 다진파 2큰술 | 다진마늘 1큰술 | 참기름 1큰술 | 생강가루 1/2작은술 | 후춧가루 약간,"Step 1 돼지갈비는 찬물에 1시간 정도 담가 핏물을 빼주세요. Step 2 냄비에 고기삶는물 재료를 넣고 끓으면 돼지갈비를 넣은 후 10분 정도 삶아 찬물에 씻어주세요. Step 3 무와 당근, 양파는 큼직하게 자르고, 표고버섯은 2등분으로 자르고 대파와 마른고추는 어슷하게 썰어주세요. 실파는 송송 썰어주세요. 양념장 재료는 모두 섞어주세요. Step 4 냄비에 돼지갈비와 양념장, 물을 넣고 강불에서 20분정도 끓이다가 무와 당근, 마른고추를 넣고 뚜껑을 닫고 중약불에서 20분정도 끓여주세요. 중간중간 위아래를 섞어주며 끓여주세요. Step 5 무를 넣고 익으면 양파와 표고버섯, 대파를 넣어 국물이 자작해 질 때까지 5분정도 졸여주세요. Step 6 통깨와 송송 썬 실파를 뿌려주세요. Step 7 오목한 그릇에 돼지갈비찜을 담아 맛있게 즐겨주세요.",['저칼로리'],한식,일반
u24Wt1ZAek2o8nngjAzogwqK,키토 레몬 타르트,"녹인 무염 버터 30g  달걀 50g  아몬드 가루 120g  차전자피 가루 6g  소금 1g  베이킹파우더 2g  에리스리톨 알룰로스 가루, 라칸토로 대체 가능 17g  레몬즙 65g  레몬 제스트 레몬 1.5개 분량 5g  달걀 180g  버터 85g  에리스리톨 알룰로스 가루, 라칸토로 대체 가능 75g  생크림 60g  에리스리톨 알룰로스 가루, 라칸토로 대체 가능 6g  레몬 슬라이스 6조각  허브 약간",Step 1 볼에 가루 재료를 넣고 주걱으로 섞어주세요. 녹인 버터와 달걀을 넣고 섞은 후 손으로 가볍게 비벼 뭉친 가루를 고르게 풀어주세요. Step 2 파이 틀에 반죽을 넣고 손으로 눌러 펼쳐 주세요. tip. 파이지 바닥과 테두리의 두께가 일정하도록 정리해 주세요 Step 3 포크로 피케해 주세요. tip. 포크로 찍는 작업은 피케라고 부르며 반죽의 수축을 막고 평평하게 익힐 수 있어요 Step 4 도로 예열한 오븐에서 810분 정도 구운 후 식혀주세요. tip. 오븐의 성능에 따라 굽는 시간과 온도는 다를 수 있어요 Step 5 깨끗이 씻은 레몬은 그라인더에 껍질을 갈아 레몬 제스트를 낸 후 즙을 내어주세요. Step 6 냄비에 버터를 제외한 필링 재료를 넣고 섞은 후 약불에서 빠르게 저어가며 데워주세요. tip. 약 80도 정도의 온도로 데워주세요. 뭉치거나 눌어붙지 않도록 주의해 주세요 Step 7 체에 걸러 식혀주세요. 실온 상태의 버터를 넣고 섞어주세요. Step 8 식힌 타르트지에 필링을 채운 후 냉동실에서 30분 정도 굳혀주세요. Step 9 볼에 차가운 생크림과 에리스리톨을 넣고 핸드믹서로 휘핑해 주세요. Step 10 짤주머니에 원형 깍지를 끼운 후 휘핑한 생크림을 넣어주세요. Step 11 타르트 위에 생크림을 올린 후 레몬과 허브 등으로 장식해 주세요.,"['고단백', '고지방']",양식,일반
5ZdWbVfzSsavrsxQCNVskiPV,늙은호박전,늙은 호박 1/5통(500g) | 부침가루 1/2컵 | 설탕 1/2큰술 | 소금 1/4작은술 | 식용유 적당량 | 간장 1큰술 | 식초 1작은술 | 물 1/2큰술 | 청양고추 1/2개 | 다진 양파 1/2큰술,Step 1 늙은 호박은 껍질을 제거하고 채칼로 채를 썰어주세요. Step 2 볼에 채썬 늙은 호박을 넣고 설탕과 소금을 뿌려 20분정도 두었다가 늙은 호박에 수분이 자박자박하게 생기면 부침가루를 섞어 되직하게 전 반죽을 만들어 주세요. Step 3 달군 팬에 넉넉하게 기름을 두르고 반죽을 한 국자 떠서 올려 동그랗게 모양을 잡아 앞 뒤로 노릇하게 전을 부쳐주세요. Step 4 접시에 늙은 호박전을 담고 초간장 재료를 섞어 초간장을 곁들여 맛있게 즐겨주세요.,"['고지방', '고염', '고당']",한식,일반
zj8zXFJgKRtG7zmhP8Tt1xZy,미더덕 콩나물 찜,미더덕 400g | 콩나물 500g | 미나리 100g | 멸치 다시마 육수 1컵 | 양파 ¼개 | 대파 ½대 | 참기름 1큰술 | 통깨 약간 | 식용유 1큰술 | 고춧가루 3큰술 | 다진 마늘 1큰술 | 간장 2큰술 | 맛술 1큰술 | 후춧가루 약간 | 전분 1+½큰술 | 물 4큰술,"Step 1 깨끗이 씻은 미나리는 5cm 길이로 썰어주세요. 양파는 굵게 채를 썰어 주세요. 대파는 어슷하게 썰어주세요. Step 2 볼에 양념 재료를 넣고 섞어주세요. 볼에 전분 물 재료를 넣어 섞어주세요. Step 3 달군 냄비에 양념장을 넣어 볶다가 깨끗이 씻은 콩나물을 넣어 2분간 볶아주세요. Step 4 소금물에 깨끗이 세척한 미더덕을 넣고 멸치 다시마 육수를 부어가며 2분간 볶아주세요. 양파와 미나리, 대파를 넣고 뚜껑을 덮어 1분간 끓여주세요. Step 5 약불에서 전 분물을 조금 씩 부어가며 골고루 섞어주세요. 완성된 미더덕 콩나물 찜에 참기름을 두른 후 접시에 담아 통깨를 뿌린 후 맛있게 즐겨주세요. 미더덕 안에 있는 수분에 입안을 델 수 있으니 아이들과 함께 먹을 때는 세척 시 수분을 터트린 후 사용하세요. 미더덕의 톡톡 터지는 식감을 좋아하시는 분은 그냥 드셔도 무방하답니다","['저칼로리', '고지방', '고염']",한식,일반
zbfFTFgk89UmBvbcCBq5UgUN,어향가지,가지 2개  청양고추 1개  건고추 1개  홍고추 1개  식용유 적당량  마늘 8개  대파 대  전분가루 컵  물 컵  달걀흰자 1개  고추기름 2큰술  두반장 1큰술  간장 1큰술  맛술 3큰술  식초 1큰술  굴소스 1작은술  참기름 큰술  설탕 1큰술  물 3큰술  후춧가루 약간  전분물 2큰술,"Step 1 가지는 꼭지를 자른 후 길게 열십자 모양으로 칼집을 내고 먹기 좋은 크기로 등분해주세요. 볼에 전분물과 고추기름을 제외한 소스 재료를 넣어 섞어주세요. Step 2 청고추와 홍고추는 반으로 갈라 씨를 뺀 후 잘게 다져주세요. 마늘은 편 썰고 대파는 굵게 다져주세요. 건고추는 가위로 잘라주세요. Step 3 볼에 튀김 반죽 재료를 섞은 후 가지를 넣어 버무려주세요. Step 4 도로 예열된 기름에 가지를 넣어 바삭하게 튀겨낸 후 채반에 펼쳐 한 김 식혀주세요. Step 5 달군 팬에 고추기름을 두르고 마늘과 대파, 건고추를 넣어 볶다가 다진 청홍고추와 소스를 넣어 12분 정도 끓여주세요. 마지막에 전분물을 넣고 골고루 섞어주세요. 전분물은 조금씩 부어가며 농도를 맞춰주세요 다진 Step 6 완성된 소스에 튀겨 둔 가지를 넣어 재빠르게 버무려주세요. Step 7 접시에 담아 맛있게 즐겨주세요. 기호에 따라 땅콩가루를 뿌려 드셔도 좋아요",['고지방'],중식,일반
TqdrE9szwsxftBL1uvJWKdhL,닭가슴살샐러드,닭가슴살 300g  양파 1개  로메인 1통  라디치오 14통  토마토 1개  이태리파슬리 약간  우유 12컵  올리브유 약간  올리브유 2큰술  맛술 1큰술  머스터드 12큰술  다진 마늘 12큰술  소금. 후추 약간씩  로즈마리 약간  올리브유 3큰술  간장 2큰술  식초 2큰술  다진 양파 2큰술  설탕 1큰술  참기름 12큰술  다진 마늘 1작은술,"Step 1 닭가슴살은 우유에 10분 정도 담가두었다가 건져 낸 후, 물에 헹궈 물기를 제거하고 밑간 재료에 10분간 재워주세요. Step 2 로메인과 라디치오는 먹기 좋은 크기로 자르고, 찬물에 담갔다가 물기를 제거해주세요. Step 3 방울토마토와 양파는 얇은 링으로 썰어주세요. Step 4 달군 팬에 약간의 올리브유를 두르고 닭가슴살의 표면을 노릇하게 구운 후, 약불로 줄이고 뚜껑을 닫아 1012분 정도 은근히 구워 속까지 익혀주세요. Step 5 볼에 드레싱 재료를 넣고 섞어주세요. 접시에 잎채소를 담은 후, 구워놓은 닭가슴살을 먹기 좋게 잘라 올리고 드레싱을 뿌려주세요.","['고단백', '저칼로리']",다이어트,다이어트
qby5RcSz3YqdRvJh323Q8Gdp,할로윈오픈버거,모닝빵 3개  마요네즈 약간  슬라이스치즈 6장  다진 쇠고기 100g  다진 돼지고기 100g  양파 12개  빵가루 2큰술  케첩 1큰술  굴소스 1큰술  다진 마늘 12작은술  소금.후추 약간씩,"Step 1 다진 쇠고기, 돼지고기는 키친타월로 핏물을 제거해주세요. Step 2 양파는 곱게 다지고 마른 팬에 볶아 수분을 제거합니다. 양파를 식힌 후 나머지 패티 재료와 함께 볼에 넣고 잘 섞어 치대주세요. 패티를 충분히 치대어야 굽는 과정에서 부서지지 않아요. Step 3 반죽을 동그랗게 빚은 후 모닝빵 크기보다 조금 더 큰 크기로 납작하게 눌러 패티를 완성합니다. Step 4 달군 팬에 패티를 올려 앞뒤로 노릇하게 구워주세요. 센 불에서 겉을 익힌 후 약한 불로 줄여 뚜껑을 덮고 속까지 익혀주세요. Step 5 모닝빵은 가로로 포를 뜨듯이 갈라 팬에 구워주세요. Step 6 모닝빵에 마요네즈를 바르고 그 위에 패티를 올립니다. 치즈는 모양을 내서 자른 후 패티 위에 얹어주세요.","['고단백', '고지방']",양식,일반
RyC67Nqkmmx2zfH1EyLVtMPR,채소찜,당근 1개  초당옥수수 1개  고구마 1개  래디쉬 3개  단호박 12개  브로콜리 12개  컬리플라워 13개  아스파라거스 6개  갈은 참깨 2큰술  된장 1큰술  참기름 12큰술  식초 12큰술  올리브유 3큰술  물엿또는 설탕 1큰술  후춧가루 약간  물 1큰술,"Step 1 깨끗이 씻은 브로콜리와 컬리플라워는 먹기 좋은 크기로 떼어낸 후 크기가 큰 것은 반으로 잘라주세요. 래디쉬와 아스파라거스는 반으로 잘라주세요. Step 2 초당옥수수는 5cm 두께로 자르고, 당근과 고구마는 먹기 좋은 크기로 잘라주세요. 단호박은 반으로 잘라 속의 씨 부분을 제거한 후 웨지 모양으로 잘라주세요. tip. 단호박은 전자레인지에 30초 정도 돌리면 자르기가 수월해요 Step 3 찜기에 채소를 올린 후 10분 정도 쪄주세요. Step 4 볼에 소스 재료를 넣어 섞어주세요. Step 5 그릇에 채소찜을 담고 소스를 곁들여 맛있게 즐겨주세요.",['저칼로리'],채식,채식
UdZ9DByWG4n8uWQtwgqU52sr,명엽채볶음,명엽채 3줌(200g) | 참기름 1큰술 | 통깨 약간 | 간장 1/2큰술 | 올리고당 2큰술 | 맛술 2큰술 | 마요네즈 1큰술 | 식용유 1큰술 | 다진마늘 1/2큰술 | 후추 약간,"Step 1 명엽채는 먹기 좋은 길이로 잘라주세요. 볼에 양념재료를 넣고 섞어주세요. Step 2 마른 팬에 명엽채를 넣고, 약한불에서 2분 정도 보슬보슬하게 볶아주세요 Step 3 팬에 양념을 넣고 끓어오르면, 약한불에서 볶은 명엽채를 넣어 양념이 고루 섞이도록 빠르게 볶아주세요. Step 4 불을 끄고 참기름과 통깨를 뿌려주세요. Step 5 밑반찬으로 맛있게 즐겨주세요.",['고지방'],한식,일반
2rH1UjNHsFTffCTq7sLEUWHs,콩나물 쫄면,콩나물 1봉지 (300~400g) | 삶은 달걀 1개 | 쫄면 300g | 통깨 약간 | 고추장 4큰술 | 고춧가루 1큰술 | 식초 4큰술 | 설탕 1큰술 | 올리고당 3큰술 | 간장 1작은술 | 다진 마늘 1작은술 | 참기름 1큰술 | 후춧가루 약간,"Step 1 쫄면은 가닥가닥 떼어 주세요. 볼에 양념 재료를 넣어 섞어주세요. 만든 양념장은 냉장고에서 하루 정도 숙성하면 맛이 더 깊어져요 Step 2 끓는물에 콩나물을 넣어 1분 정도 데친 후 얼음물에 담가 식히고 채반에 받쳐 물기를 빼주세요. Step 3 끓는 물에 쫄면을 넣고 저어가며 34분간 삶아주세요. 물이 끓어오르면 찬물을 반 컵 정도 넣어주세요 Step 4 찬물에 쫄면을 여러 번 씻어 전분기를 없애고 채반에 받쳐 물기를 빼주세요. Step 5 볼에 콩나물, 쫄면, 양념장을 넣고 버무려 주세요. 삶은 달걀은 반으로 잘라주세요. Step 6 그릇에 쫄면을 담고 삶은 달걀과 통깨를 올려 완성해주세요. 기호에 따라 채를 썬 오이, 양배추 등을 곁들여도 좋아요","['고단백', '저칼로리']",한식,일반
ZXVmz2rUmBr3n1K4q7Xj2WXH,쑥국,데친 쑥 100g | 멸치 다시마 육수 9컵 | 쪽파 4줄기 | 양파 ¼개 | 청고추 1개 | 홍고추 ½개 | 된장 1큰술,"Step 1 양파는 굵게 채를 썰어주세요. 쪽파는 4cm 길이로 썰어주세요. 청, 홍고추는 송송 썰어주세요. Step 2 냄비에 멸치 다시마 육수를 넣고 된장을 풀어 끓여주세요. 보글보글 끓으면 데친 쑥과 양파, 청, 홍고추, 쪽파를 넣어 한소끔 끓여 주세요. Step 3 완성된 쑥국을 그릇에 담고 밥과 함께 맛있게 즐겨주세요.",['고염'],한식,일반
nQkJn6vhSEbce8u925WbsuZL,냉이배춧국,냉이 한 줌(70g) | 배춧잎 4장 | 양파 1/4개 | 대파 1/2대 | 홍고추 1/2개 | 청양고추 1/2개 | 다시마멸치육수 4컵 | 된장 2큰술 | 고춧가루 1작은술 | 다진 마늘 1/2큰술,"Step 1 냉이는 무른 잎을 떼어낸 후, 칼로 뿌리부분의 흙을 긁어내고 흐르는 물에 깨끗이 씻어 먹기 좋게 잘라주세요. Step 2 깨끗이 씻은 배춧잎과 양파는 먹기 좋은 크기로 자르고, 대파와 청홍고추는 어슷하게 썰어주세요. Step 3 냄비에 다시마멸치육수를 넣어 끓으면 된장을 풀어 넣고 끓여주세요. Step 4 양파와 대파, 배추를 넣어 2분 정도 더 끓이다가 고춧가루와 다진 마늘을 넣어주세요. Step 5 마지막에 냉이와 청홍고추를 넣어 한소끔 더 끓여주세요. Step 6 기호에 따라 간은 된장으로 맞춰 맛있게 즐겨주세요.",['고염'],한식,일반
a3capM88qNw8VcCXyM8pwKW5,풀드포크,돼지고기앞다리살 1.2kg  바베큐소스 약간  스테이크 시즈닝또는 허브솔트 4큰술  꿀또는 올리고당 4큰술,"Step 1 돼지고기를 키친타올에 올려 핏물을 제거한 후 밑간 재료의 반인 꿀 2큰술과 스테이크 시즈닝 2큰술을 고르게 펴 발라 30분 정도 밑간해주세요. Step 2 돼지고기를 지퍼팩에 넣고 물이 들어가지 않도록 이중으로 포장해 주세요. 전기밥솥에 넣은 후 보글보글 끓어오르려고 하는 물을 돼지고기가 잠길 정도로 부어주세요. 보온 기능 버튼을 눌러 75도의 온도에서 1820시간 정도 수비드 형태로 익혀주세요. tip 고기의 두께와 크기에 따라 익히는 시간을 가감해 주세요. Step 3 부드럽게 익힌 돼지고기는 육즙을 따라내고 지방이 위쪽으로 올라오게 오븐 팬에 올린 후 나머지 밑간 재료를 한 번 더 고르게 펴 발라주세요. Step 4 돼지고기를 200도로 예열한 오븐에 넣고 1520분 정도 지방과 껍질이 바삭하게 익을 수 있도록 노릇노릇하게 익혀주세요. tip 오븐의 세기와 고기의 두께에 따라 조리시간을 가감해 주세요. Step 5 겉이 바삭하게 익은 돼지고기를 조리용 장갑을 끼고 먹기 좋게 결대로 찢고 바베큐 소스를 뿌려 고루 섞어주세요. tip 고기의 염도에 따라 바베큐 소스의 양을 가감해서 섞어주세요. Step 6 기호에 따라 코울슬로 샐러드와 피클, 할라피뇨, 바베큐 소스를 곁들여 타코 또는 버거로 만들어 맛있게 즐겨주세요.","['고단백', '저칼로리', '고당']",양식,일반
n9t5x7iuq8gmzRmtxrLP59qj,비건 레몬 청포도 타르트,통밀가루 150g  소금 1g  아가베 시럽 35g  포도씨 오일 45g  두유 200g  레몬 제스트 레몬 1개 분량  레몬즙 60g 레몬 2개 분량  아가베 시럽 80g  통밀가루 20g  칡 전분 10g  청포도 250g  레몬 슬라이스 두께 23mm 6조각,"Step 1 통밀가루와 소금을 체 쳐주세요. Step 2 볼에 아가베 시럽, 포도씨 오일을 넣고 섞은 후 체 친 가루 재료를 넣어 섞어주세요. Step 3 냉장실에서 10분간 휴지시켜주세요. Step 4 타르트 틀에 넣어 펼치고 포크로 피케 해주세요. tip. 피케란 불어로 찌른다는 뜻으로 타르트지를 굽는 동안 바닥이 부풀어 오르는 것을 방지해 줘요 Step 5 유산지를 깔고 누름돌을 넣어 170도로 예열된 오븐에서 15분간 구운 후 식혀주세요. tip. 오븐의 성능에 따라 굽는 시간에 차이가 있을 수 있어요 Step 6 레몬은 레몬 제스트를 내고 반으로 잘라 레몬즙을 짜주세요. Step 7 냄비에 레몬 커스타드 필링 재료를 모두 넣고 섞은 후 중불에서 끈적한 상태가 될 때까지 저어가며 끓여주세요. tip. 냉장고에서 1시간 정도 차갑게 식힌 후 사용해 주세요 Step 8 청포도는 반으로 잘라주세요. Step 9 식은 타르트지에 필링을 채운 후 청포도와 레몬슬라이스로 장식해 주세요.","['고지방', '고염', '고당']",양식,일반
Fh7Tg8gDmDmDNYGrwiZzxfzf,송이버섯솥밥,쌀 2컵 | 송이버섯 3개 | 백만송이버섯 (또는 느타리버섯) 한 줌 | 은행 15알 | 실파 5대 | 다시마육수 2컵 | 간장 3큰술 | 맛술 1큰술 | 고춧가루 1작은술 | 다진 마늘 ½작은술 | 참기름 1큰술 | 통깨 약간,"Step 1 쌀은 씻어 30분정도 불린 후 체에 받쳐 물기를 빼주세요. tip. 기호에 따라 찹쌀을 섞어 만드셔도 좋아요. Step 2 송이버섯은 표면의 흙을 털어 살짝 씻고 결대로 먹기 좋게 찟어 준비하고 백만송이버섯은 밑둥을 잘라 가닥가닥 뜯어주세요. 실파는 송송 썰고, 은행은 살짝 볶아 키친타올에 올려 살살 비벼가며 속 껍질을 제거해주세요. 볼에 양념 간장 재료를 넣고 송송 썰은 실파를 넣고 섞어 양념 간장을 준비해주세요. Step 3 냄비에 불린 쌀을 넣고 다시마 육수를 부은 후 버섯과 은행을 돌려 담고 뚜껑을 닫고 중간불에서 끓여주세요. Step 4 밥물이 끓어오르면 불을 약불로 줄여 1520분정도 익힌 후 불을 끄고 뚜껑을 닫은 채로 5분정도 뜸을 들여주세요. 완성된 솥밥에 송송 썰은 실파를 얹고 주걱으로 위 아래 가볍게 섞은 후 양념 간장을 곁들여 주세요.","['저칼로리', '고염']",한식,일반
8ZZ2f4Hh8wSTPC83nMWziP15,꽈리고추감자조림,감자 3개 | 꽈리고추 2컵 | 양파 1/2개 | 올리고당 1큰술 | 참기름 1큰술 | 통깨 약간 | 다시마 육수 1컵 | 간장 4큰술 | 맛술 2큰술 | 설탕 1큰술 | 다진마늘 1큰술 | 후추 약간,"Step 1 감자는 껍질을 제거해 한입크기로 자른 후 찬물에 담가 전분기를 제거해주세요. 양파는 껍질을 벗겨 한입크기로 자르고, 꽈리고추는 깨끗이 씻어 이쑤시개나 포크를 이용해 구멍을 내주세요. Step 2 달군 팬에 약간의 기름을 두른 후 감자를 넣고 3분 정도 볶다가 양파와 양념재료를 넣어 볶아주세요. Step 3 감자가 반쯤 익을 때까지8분 정도 조려주세요. Step 4 꽈리고추를 넣고, 간장 양념이 꽈리고추에 배어들면 마지막에 올리고당과 참기름을 넣고 섞어주세요. Step 5 그릇에 꽈리고추감자조림을 담고 통깨를 뿌려주세요.","['고지방', '고염']",한식,일반
ijh5T9ondwjGCwMvWZvCWm46,굴 배춧국,굴 1컵 (200g) | 알배추 ⅓개 | 무 ⅙개 | 대파 ¼개 | 홍고추 1개 | 청양고추 1개 | 멸치 다시마 육수 5컵 | 참기름 1큰술 | 당근 (생략 가능) ¼개 | 국간장 ½큰술 | 다진 마늘 1작은술 | 소금 약간 | 후춧가루 약간,"Step 1 무와 배추는 먹기 좋게 나박 썰어주세요. 대파와 청양고추, 홍고추는 어슷하게 썰어주세요. 당근은 채 썰어주세요. Step 2 냄비에 참기름을 두르고 무배추 순으로 넣고 볶아주세요. Step 3 볶은 무와 배추에 육수를 붓고 5분 정도 끓여주세요. Step 4 국물 양념 재료, 굴, 대파, 당근, 홍고추, 청양고추를 넣고 한소끔 끓여주세요. 부족한 간은 소금으로 맞춰주세요.","['고지방', '고염']",한식,일반
FUNsuLpnuN7ccWfAR5fSpWyD,두부탕수,두부 1모  파인애플 14개  적양파 12개  청고추.홍고추 1개씩  마늘 1톨  생강 12쪽  목이버섯 4개  찹쌀가루 12컵  검은깨 약간  식용유 약간  소금 약간  후추 약간  물 13컵  올리고당 3큰술  식초 3큰술  진간장 2큰술  설탕 2큰술  물 2큰술  전분 1큰술,"Step 1 두부, 파인애플, 적양파는 사방 2cm 크기로 썰고 고추는 송송 썰어주세요. 마늘과 생강은 채 썰고 목이버섯은 먹기 좋은 크기로 잘라주세요. Step 2 두부에 소금, 후춧가루를 뿌려 밑간을 하고 키친타월로 물기를 제거해주세요. Step 3 찹쌀가루를 넓은 그릇에 담고 두부에 찹쌀가루를 두툼하게 묻혀주세요. Step 4 팬에 식용유를 넉넉히 두르고 160도로 달군 후 두부를 노릇하게 튀겨주세요. 건져낸 후 키친타월에 올려 기름기를 제거합니다. Step 5 냄비에 오일을 살짝 두른 후 적양파, 마늘, 생강을 넣고 3분간 볶다가 소스 재료와 파인애플, 목이버섯, 고추를 넣고 1분간 더 끓입니다. Step 6 녹말물을 넣고 골고루 저어주다가 걸쭉해지면 불을 꺼주세요. Step 7 그릇에 두부와 소스를 담고 검은깨를 뿌려 마무리해주세요.","['고단백', '저칼로리', '고지방', '고염']",중식,일반
BZm1nPRngq3Jocwi14QNfbVw,달걀말이,달걀 5개 | 당근 1/4개 | 실파(또는 대파 1/6대) 3대 | 식용유 약간 | 맛술 1큰술 | 소금 1/4작은술 | 후춧가루 약간,"Step 1 당근과 실파는 잘게 자르고, 볼에 달걀을 넣고 젓가락으로 저어 푼 후 야채와 달걀물 재료를 넣고 섞어주세요. Step 2 중약불로 달군 팬에 약간의 식용유를 두르고 달걀물을 국자로 떠서 넣은 후, 윗면이 반쯤 익으면 달걀을 돌돌 말아주세요. Step 3 말아진 달걀을 팬 위쪽으로 밀어놓고, 달걀물을 다시 부어 3회 정도 같은 방법으로 반복해서 달걀을 말아주세요. Step 4 달걀말이를 먹기좋은 크기로 잘라주세요. 따뜻할 때 김발에 싸서 모양을 잡고 썰어주셔도 좋답니다. Step 5 알맞은 그릇에 담아 맛있게 즐겨주세요.","['고단백', '저칼로리']",한식,일반
mzsrpVpiGkK8Sge2X3usabi9,매운어묵볶음,어묵 200g | 양파 1/2개 | 청양고추 1개 | 대파 1/3대 | 식물성유 적당량 | 참기름 1/2큰술 | 통깨 약간 | 간장 1큰술 | 맛술 2큰술 | 올리고당 1큰술 | 고춧가루 1큰술 | 설탕 1작은술 | 다진마늘 1/2큰술 | 후춧가루 약간,"Step 1 어묵은 먹기 좋게 썰어준 후, 체에 밭쳐 끓는 물을 뿌려 기름기를 빼주세요. Step 2 양파는 채를 썰고 청양고추와 대파는 어슷하게 잘라주세요. Step 3 팬에 약간의 기름을 두르고 어묵과 양파를 넣어 볶아주세요. Step 4 양파가 반쯤 익으면 양념재료를 넣어 2분 정도 더 볶고, 청양고추와 대파를 넣어 살짝 볶다가 마지막에 참기름과 통깨를 뿌려주세요. Step 5 그릇에 담아 반찬으로 곁들여주세요.",['고지방'],한식,일반
BiPQVQYiCtaUAxgWyL8Q37dL,가위면,표고버섯 3개  양파 개  청경채 1개  죽순 40g  마늘 3개  생강 1개  쪽파 3뿌리  대파 대  팔각 1개  간장 1작은술  청주 1작은술  고수 약간  아롱사태 200g  마늘 1개  물 7컵1.5L  밀가루중력분 2와 컵300g  미지근한 물 컵150g  소금 한 꼬집  산초기름 1큰술  고추기름 2큰술  치킨파우더 1큰술  연두 청양초 1큰술  두반장 1과 큰술  소금 약간  백후춧가루 약간,"Step 1 끓는 물에 분량의 육수 재료를 넣고 30분 정도 끓여서 육수를 내주세요. Step 2 양파, 죽순, 표고버섯은 편 썰고 청경채는 4등분하여 준비해 주세요. 대파, 마늘, 생강은 다지고 쪽파는 흰 부분만 준비합니다. Step 3 볼에 분량의 면 반죽 재료를 넣어 20분간 치댄 후 삼각형 모양으로 반죽해 주세요. Step 4 냄비에 물을 끓여 순서 3의 반죽을 가위로 잘라서 넣고 익혀주세요. Step 5 팬에 고추기름과 산초기름을 두르고 마늘, 생강, 쪽파, 대파, 팔각, 간장, 청주를 넣고 볶다가 두반장과 연두 청양초를 넣어 볶아주세요. Step 6 완성 순서 1의 육수에서 아롱사태를 꺼내 사방 2cm 크기로 썰어 그릇에 담고, 남은 육수와 순서 5를 넣고 치킨파우더, 백후춧가루, 소금으로 간을 해주세요. 그릇에 면을 담고 청경채와 고수를 얹으면 완성이랍니다. Tip. 면을 만들 때 반죽이 너무 질면 가위에 달라붙기 때문에 물을 조금씩 넣어가면서 반죽해야 해요. 밀가루 반죽을 할 때 여름에는 온도가 높아 빠르게 숙성되고 퍼지기 때문에 물을 적게 넣고, 겨울철은 온도가 낮기 때문 에 물을 조금 더 넣어 맞춘다.","['저칼로리', '고지방', '고염']",중식,일반
fsDxb2AwL7hGCDsrnAeptPgH,오렌지 생강 소스 참치 구이,"오렌지주스 500ml  생강 1개  버터 2티스푼  참치 150g  토마토 개  키위 개  올리브 5개  간마늘 티스푼  바질 2장  맛술 50ml  간장 50ml  엑스트라 버진 2티스푼  레시틴 2g  소금, 후추 약간  올리브유 약간","Step 1 맛술과 간장을 섞은 후 참치를 2시간 정도 담가 참치에 향이 배이도록 해주세요. 이때 참치가 얼었다 면 1시간 정도 소금물에 넣어서 녹인 후 사용해주세요. Step 2 오렌지 주스 250ml에 으깬 생강을 넣어 끓이고 끓기 시작하면 버터를 넣어 졸여내 소스를 만들어 주세요. 주스 Step 3 토마토는 뜨거운 물에 넣었다가 빼내 껍질을 벗겨서 과육만 1cm 크기로 썰고, 키위도 껍질을 벗겨 씨를 제거하고 같은 크기로 썰어주세요. 올리브와 바질을 다지고 썰어 둔 토마토, 키위, 마늘, 엑스트라 버진, 소금, 후추와 함께 섞어주세요. Step 4 남은 오렌지 주스에 레시틴을 넣어 살짝 끓이고 큰 볼에 옮겨 식힌 후 핸드 블렌더로 수면을 쳐서 거품을 만들어 주세요. Step 5 팬에 올리브유를 두르고 향이 배인 순서 1의 참치를 한쪽 면만 살짝 구워주세요. Step 6 완성 접시에 순서 2의 소스를 담고 구운 생선을 올린 후 섞어놓은 순서 4의 토마토와 순서 5의 거품을 올려 마무리 하면 완성이예요.","['고단백', '고지방', '고염']",양식,일반
9Fz78es134dMB4eTTCDW6jxJ,코다리꽈리고추조림,코다리 2마리 | 양파 1/2개 | 꽈리고추 한 줌 | 대파 1대 | 생강 1톨 | 올리고당 1/2큰술 | 실고추 약간 | 멸치(국물용) 3개 | 간장 4큰술 | 설탕 1큰술 | 올리고당 2큰술 | 다진마늘 1큰술 | 참기름 1/2큰술 | 후추 약간 | 깨소금 약간,"Step 1 코다리는 머리와 지느러미, 꼬리를 자르고 소금물에 씻어 물기를 제거한 후 34센치 정도로 토막을 내주세요. Step 2 양파는 굵게 채 썰고 꽈리고추는 씻어서 꼭지를 제거한 후 어슷하게 반으로 잘라주세요. 대파는 어슷하게 썰고 생강은 편으로 썰어주세요. Step 3 냄비에 물 2컵, 멸치와 다시마 생강 편을 넣고 5분 정도 끓인 후 건더기를 건져내어 다시물을 만들어주세요. 다시물에 조림 양념을 넣고 끓이다가 양파, 대파를 넣고 2분간 더 끓여주세요. Step 4 손질한 코다리를 넣고 거품을 제거한 후 중간 중간 양념장을 수저로 끼얹어 주면서 센불에서 약 15분 정도 조려주세요. 코다리를 수저로 너무 저으면 생선 살이 부서질 수 있답니다. Step 5 코다리에 간이 스며들고 거의 조려지면 마지막에 꽈리고추와 올리고당 12큰술을 넣고 센 불에서 12분간 더 윤기나게 조려주세요. Step 6 마지막에 깨소금과 실고추를 얹어주세요.",['고염'],한식,일반
R7pnT4Wf55NxArBuKzLWDLWk,채식 월남쌈,두부 모 200g  당근 개  오이 개  표고버섯 10개  파인애플 손질 80g  적근대 10장  적양배추 피클 100g  라이스페이퍼 10장  새싹 100g  올리브유 약간  소금 약간  간장 1.5큰술  맛술 1큰술  스윗칠리소스 1큰술  후춧가루 약간  땅콩버터 3큰술  식초 1큰술  케찹 큰술  간장 큰술  올리고당 1큰술  설탕 큰술  파인애플 국물 1큰술  파프리카 파우더 작은술  비건 마요네즈 5큰술  레몬즙 3큰술  설탕 1큰술  적채 통  물 2컵  설탕 1컵  식초 현미식초 1컵  굵은 소금 큰술  피클링 스파이스 큰술,"Step 1 당근과 오이는 6cm 길이로 채 썰어주세요. 파인애플도 길이대로 먹기 좋게 잘라주세요. 표고버섯은 기둥을 떼어내고 0.5cm 두께로 슬라이스해 주세요. 두부는 손가락 두께로 자른 후 키친타올에 올려 물기를 제거해 주세요. 적채 피클은 하루 전에 미리 만들어 준비해 주세요. Step 2 팬에 약간의 올리브유를 두르고, 두부를 올려주세요. 소금을 뿌려 사방을 돌려가며 노릇하게 구워주세요. Step 3 팬에 약간의 올리브유를 두르고 표고버섯을 볶다가 양념소스를 넣어 졸이듯이 볶아주세요. Step 4 볼에 소스 재료를 넣고 섞어 땅콩소스와 레몬 마요 소스를 만들어주세요. Step 5 볼에 따뜻한 물을 넣고 라이스페이퍼를 5초 정도 담근 후 꺼내 평평한 접시나 도마에 펼쳐주세요. 적근대를 먼저 깔고 준비한 재료를 올려 먹기 좋게 돌돌 말아주세요. tip 적근대 대신 케일을 넣어드셔도 좋아요. Step 6 월남쌈을 먹기 좋은 크기로 자른 후 기호에 따라 땅콩소스 또는 레몬 마요 소스를 곁들여 맛있게 즐겨주세요.","['고단백', '저칼로리', '고염']",채식,채식
qJ9wnVJepiPjVmYWozrWqkPa,멜론 가스파초와 셀러리 스틱,"멜론 개  오이 개  양파 10g  발사믹 리덕션 1티스푼  엑스트라 버진 2티스푼  셀러리 1줄기  크림치즈 1티스푼  래디쉬 개  블루베리 5개  올리브 2개  포도알 2개  소금, 후추 약간","Step 1 포도알, 레디쉬, 올리브는 얇게 썰고 셀러리는 섬유질을 제거한 후 손가락 한 마디 크기로 썰어주세요. Step 2 썬 셀러리 안에 크림 치즈를 넣고 올리브, 레디쉬, 포도, 블루베리 순으로 올려 주세요. Step 3 멜론은 껍질을 벗긴 후 씨를 제거하고 오이도 씨를 제거해 주세요. Step 4 준비된 멜론, 오이, 양파, 발사믹 리덕션, 엑스트라 버진을 넣어주세요. Step 5 핸드믹서나 블렌더로 곱게 갈아주세요. Step 6 완성 소금과 후추를 기호에 따라 넣고 냉장시킨 후 셀러리 스틱과 함께 곁들여 내면 완성이랍니다.","['저칼로리', '고지방', '고염']",양식,일반
Wb17nqZ5Rn56MrFgXBr21LiQ,감자채 전,감자 34개 400g  소금 작은술  밀가루 1큰술  식용유 약간,Step 1 감자를 얇게 채를 썰어 물에 담가 전분기를 제거한 후 채반에서 물기를 빼주세요. Step 2 볼에 감자채를 담고 소금과 밀가루를 넣어 섞어주세요. Step 3 달군 팬에 기름을 두르고 반죽을 올려 앞뒤로 노릇하게 구워주세요. 기호에 따라 초간장을 곁들여 주세요.,"['고지방', '고염']",채식,채식
P2vQNRh6uhP2mc5bSe7WEbB9,타코야끼,문어 120g  가쓰오부시 한줌  쪽파 반줌  파래가루 1큰술  마요네즈 2큰술  돈가스 소스 또는 우스터 소스 4큰술  식용유 2큰술  밀가루 110g  찹쌀가루 30g  베이킹 파우더 1작은술  소금 1작은술  다시마육수 360ml,"Step 1 반죽재료를 볼에 넣어 섞어주세요. 문어는 작게 썰고 쪽파는 송송 썰어주세요. Step 2 타코야끼 틀에 열이 올라오면 기름을 칠하고 반죽을 부어주세요. 문어와 쪽파를 넣고 익혀주세요. Step 3 반죽이 어느 정도 익으면 젓가락으로 돌려가며 모양을 잡아주세요. Step 4 타코야끼를 접시에 담고 마요네즈, 돈가스 소스 등을 취향에 맞게 뿌리고 파래가루와 가쓰오부시를 올려 맛있게 즐겨주세요.",['고지방'],일식,일반
MsA6heqwE56ugusjy4Y4EDg7,땅콩호박 오븐구이,"땅콩호박 약간  볶은 호박씨 2큰술  아몬드 2큰술  올리브오일 1큰술  녹인 무염버터 2큰술  소금,후춧가루 약간  오레가노잎생략 가능  씨겨자 1큰술  레몬즙 1큰술  꿀 1큰술","Step 1 땅콩 호박은 꼭지와 밑동을 제거하고 반으로 잘라주세요. 씨를 뺀 후 세로로 2등분 해주세요. Step 2 아몬드를 작게 다져 준비해주세요. 볼에 소스 재료를 담아 잘 섞어주세요. Step 3 땅콩호박에 올리브오일을 바르고 녹인 버터를 발라주세요. 소금과 후추를 뿌리고 오레가노잎을 골고루 올려주세요. tip. 버터는 전자레인지에서 30초 정도 녹여 준비해 주세요 Step 4 도로 예열된 오븐에서 30분 동안 황금빛 갈색이 될 때까지 구워주세요. Step 5 구운 땅콩 호박에 소스와 아몬드, 호박씨를 뿌려 완성해 주세요.","['고지방', '고염']",다이어트,다이어트
w9xaXdiN1Kb3cmFmLy6pq5od,김치말이두부찜,신김치 ½포기 | 두부 1모 | 느타리 한줌 100g | 양파 ½개 | 대파 ½대 | 채수 2+½컵 | 들기름 2큰술 | 간장 (국간장) 1큰술 | 된장 ½큰술 | 고춧가루 1큰술 | 김치국물 ⅓컵 | 다진 마늘 1큰술 | 설탕 1작은술 | 후춧가루 약간,"Step 1 양파는 굵게 채 썰고, 대파는 어슷하게 썰어주세요. 느타리버섯은 밑동을 자르고 먹기 좋게 찢고 두부는 손가락 두께로 잘라주세요. 볼에 양념 재료를 넣고 섞어주세요. tip. 김치의 염도에 따라 김치 국물의 양을 가감해 주세요. Step 2 달군 팬에 들기름 1큰술을 두르고 두부를 돌려가며 노릇하게 구워주세요. Step 3 김치를 넓게 깔고, 구운 두부를 올려 돌돌 말아주세요. Step 4 냄비에 들기름 1큰술을 두르고 대파12분량을 넣어 볶다가 파의 향이 올라오면 느타리버섯과 양파를 넣어 볶아주세요. 김치말이두부와 양념, 채수를 넣고 중불에서 25분 정도 끓여주세요. tip. 김치말이두부의 이음새 부분이 냄비의 바닥이 가도록 놓아야 풀리지 않아요. 채수를 넣을 때는 냄비의 가장자리부터 천천히 부어주세요. 기호에 따라 끓이는 중간에 채수를 가감해서 국물의 양을 조절해 주세요. Step 5 김치가 부드럽게 익으면 기호에 따라 부족한 간은 소금을 가감해서 조절한 후 나머지 대파 반을 올려 맛있게 즐겨주세요.","['고단백', '저칼로리', '고지방', '고염']",한식,일반
U6HrVEP5SfUktdhtWh7xYG8B,BOLT샌드위치,치아바타 1개  베이컨 6조각  토마토 12개  양파 14개  양상추 2장  마요네즈 2큰술  소금. 후추 약간씩  슬라이스치즈 1장,"Step 1 구운 빵의 안쪽 면에 마요네즈를 각각 1큰술씩 바르고 양상추, 양파, 토마토를 얹어주세요. Step 2 토마토 위에 소금, 후추를 살짝 뿌린 후 베이컨, 치즈를 얹어주세요. Step 3 나머지 한쪽 빵으로 덮고 재료가 잘 붙도록 샌드위치를 살짝 눌렀다가 반으로 잘라주세요.","['고지방', '고염']",양식,일반
4cnVL63eTLTbvHnnbzYpTToz,고등어무조림,고등어(중간 사이즈) 2마리 | 단호박(작은 사이즈) 1/3통 | 무 1/4개 | 양파 1개 | 대파 1대 | 붉은고추 1개 | 청양고추 1개 | 다시마 멸치 육수 2+1/2컵 | 청주 2큰술 | 소금 1작은술 | 간장 3큰술 | 고춧가루 2큰술 | 맛술 2큰술 | 고추장 1큰술 | 설탕 1큰술 | 다진마늘 1큰술 | 생강즙 1/2큰술 | 후추 약간,"Step 1 고등어는 내장을 제거해 물에 깨끗이 씻은 후, 물기를 제거하고 3등분으로 잘라주세요. 손질한 고등어에 청주와 소금을 뿌려 10분 정도 밑간을 해주세요. Step 2 단호박과 무는 도톰하게 썰고, 양파는 굵게 채를 썰어주세요. 대파와 붉은고추, 청양고추는 어슷하게 썰고 볼에 양념장 재료를 넣고 섞어주세요. Step 3 냄비에 무와 다시마 멸치 육수를 넣고 15분 정도 끓여주세요. Step 4 무가 반쯤 익으면 양파, 단호박, 고등어, 양념장을 넣은 후 강불에서 8분 정도 끓여주세요. Step 5 양념이 배면 중불로 줄인 후 대파와 붉은고추, 청양고추를 넣고 5분 정도 더 끓여주세요. Step 6 맛있게 졸여진 고등어무조림으로 푸짐한 한상을 완성해보세요.",['고염'],한식,일반
RrArssVMStX54Abykust1YJG,무말랭이무침,무말랭이 두줌 (100g) | 말린 고춧잎 10g | 통깨 약간 | 매실청 2큰술 | 국간장 1큰술 | 까나리액젓 1+½큰술 | 고춧가루 4큰술 | 간장 1+½큰술 | 물엿 4큰술 | 다진 파 1큰술 | 다진 마늘 1큰술 | 참기름 1큰술 | 통깨 ½큰술,"Step 1 말린 고춧잎은 깨끗이 씻어 미지근한 물에 1시간정도 불린 후 물기를 꼭 짜서 준비해주세요. tip 말린 고춧잎 말려진 정도에 따라 시간을 가감해서 불려주세요. Step 2 무말랭이는 흐르는 물에 바락바락 주물러 씻고 10분정도 물에 불린 후 물기를 짜서 준비해주세요. Step 3 무말랭이에 밑간 양념 재료를 넣고 간이 배도록 20분정도 재워주세요. Step 4 무말랭이와 고춧잎, 양념장 재료를 넣고 조물조물 무치고 통깨를 뿌려 완성해주세요.",['일반'],한식,일반
8Evg8gK8hWPVamAxLufoaDbd,묵은지 말이,묵은지 ½포기 | 밥 2공기 | 참치 1캔 (100g) | 깻잎 6장 | 양파 ¼개 | 통깨 약간 | 참기름 약간 | 참기름 1큰술 | 소금 ½작은술 | 설탕 1작은술 | 통깨 1작은술 | 참기름 1작은술 | 고춧가루 ½작은술 | 까나리 액젓 1큰술 | 설탕 ½큰술 | 들기름 ½큰술,"Step 1 묵은지는 물에 씻어서 물기를 꼭 짜주세요. 묵은지 양념 재료를 넣어 골고루 섞어주세요. tip. 묵은지를 양념하여 사용하면 신맛을 중 화시켜 주고 윤기와 고소한 맛을 더할 수 있어요 Step 2 볼에 기름을 뺀 참치캔과 다진 양파, 참치장 양념 재료를 넣어 섞어주세요. Step 3 볼에 밥과 밥 양념 재료를 넣어 골고루 섞어주세요. Step 4 김발에 묵은지를 넓게 펼쳐주세요. 밥을 고르고 얇게 펴고 깻잎을 깔아주세요. 참치장을 적당량 올린 후 묵은지를 말아주세요. Step 5 먹기 좋은 크기로 자른 후 깨소금을 뿌려 맛있게 즐겨주세요.","['고단백', '고지방', '고염']",한식,일반
ebeWj2ezRGsqZ9XDiui1SKaY,깻잎조림,"깻잎 80g | 양파 1개 | 홍고추, 청고추 1개씩 | 간장 5큰술 | 물 4큰술 | 다진 대파 1½큰술 | 고춧가루 1큰술 | 설탕 1큰술 | 맛술 1큰술 | 참기름 1/2큰술 | 다진 마늘 1큰술","Step 1 양념재료의 양파는 채썰고, 청홍고추는 어슷하게 썰어주세요. 나머지 양념재료와 썰어 둔 채소를 섞어주세요. Step 2 깻잎 2장마다 양념을 켜켜이 발라주세요. Step 3 냄비에 양념한 깻잎을 넣고 중불 이상에서 1분 끓이고 약불로 줄여서 35분간 더 끓여주세요. 취향에 따라 깻잎의 향을 살리려면 살짝만 익히고 깻잎의 향을 좋아하지 않는다면 조금 더 익혀주세요. Step 4 어울리는 그릇에 올려 밥 반찬으로 활용해보세요.",['저칼로리'],한식,일반
nHnxBC1ein8DqoHdvAbRK6yj,바나나 누텔라카나페,바나나 3개  바게트 13개  누텔라 6큰술  견과류 한줌  꿀 2큰술,"Step 1 바게트는 2센치 두께로 자르고, 바나나는 먹기 좋은 크기로 썰어주세요. 견과류는 잘게 다져주세요. Step 2 달군 팬에 바게트를 올려 앞뒤로 노릇하게 구워주세요. Step 3 구운 바게트에 누텔라를 고루 펴 바른 후, 바나나를 올리고 다진 견과류를 뿌려주세요. Step 4 접시에 담고 카나페 위에 꿀을 뿌려주세요.",['고당'],양식,일반
99ET9LQ448Pv1pt9WYbaL3Nq,붓카케 우동,우동면 2개  쯔유 우동용 6큰술  물 350mL  레몬 2조각  김밥 김 장  쪽파 1줄기  다진 생강 1큰술  청고추 56개  튀김가루 컵  차가운 물 컵  식용유 1컵,"Step 1 생수에 쯔유를 넣고 잘 저어준 후 냉동실에서 23시간 정도 얼려 시원하게 준비해 주세요. Step 2 냄비에 기름을 붓고 180도로 달궈주세요. 볼에 튀김가루와 찬물을 넣고 섞어주세요. Step 3 고추는 반으로 갈라 씨를 빼고 튀김옷을 입혀 바삭하게 튀겨주세요. Step 4 쪽파는 송송 썰고 김은 가위로 얇게 잘라주세요. Step 5 끓는 물에 우동면을 넣고 1분 데친 후 얼음물에 담가 헹궈주세요. Step 6 그릇에 면을 담고 쪽파와 레몬, 생강, 튀긴 고추를 올린 후 살얼음 낀 쯔유 국물을 자작하게 붓고 김을 올려 완성해 주세요.",['고지방'],일식,일반
3bPWwoJ4BxXirTFFoMc7L2mW,미소 청국장,두부 ½모 | 애호박 ⅓개 | 양파 ¼개 | 청양고추 ½개 | 대파 (10cm) 1개 | 멸치 다시마 육수 600ml | 청국장 1술(25g) | 된장 1술(20g) | 다진 마늘 ⅓술 | 고춧가루 약간,"Step 1 냄비에 멸치다시마 육수를 붓고 청국장, 된장을 잘 풀어 넣은 뒤 강불에서 4분 이상 끓여주세요. Step 2 반달썰기 한 애호박과 깍둑 썬 두부를 넣고 강불에서 끓여주세요. 재료가 어느 정도 익으면 반달썰기 한 양파와 어슷 썬 청양고추 그리고 다진 마늘을 넣고 3분 더 끓여주세요. Step 3 마지막으로 어슷하게 썬 대파와 고춧가루를 넣고 중불에서 3분 더 끓여주세요. Step 4 완성 구수한 향을 음미하며 따뜻할 때 맛있게 드세요","['고단백', '저칼로리', '고염']",한식,일반
qCPweSmSFderjUuc1NW1ZYY4,치킨토르티야랩,닭안심또는 닭가슴살 200g  로메인 6장  토마토 12개  피클 50g  빵가루 12컵  할라피뇨생략 가능 약간  토르티야 3장  체더치즈 슬라이스 한줌  튀김가루 3큰술  우유 3큰술  고운 고춧가루 12큰술  카레가루 1큰술  소금 약간  후추 약간  마요네즈 3큰술  머스터드 112큰술  올리고당 1큰술,"Step 1 닭안심은 가운데 힘줄을 제거하고, 세로로 2등분한 후 10분정도 우유에 담가주세요. 토마토는 4등분해서 씨를 제거해 굵게 채썰고, 피클은 편으로 얇게 썰어주세요. 로메인은 깨끗이 씻어 물기를 제거해주세요. Step 2 닭안심을 물에 씻은 후, 물기를 제거하고 닭양념에 10분간 재워주세요. 빵가루를 넓은 볼에 담고 양념한 닭안심에 골고루 묻힌 후, 170도로 달군 기름에서 바삭하게 튀겨주세요. Step 3 토르티야는 전자렌지에 20초간 데워주고, 머스터드소스 재료들을 고루 섞어주세요. 토르티야에 소스체더치즈 슬라이스로메인피클토미토닭안심소스할라피뇨 순으로 올리고 재료를 감싸듯이 접어주세요. Step 4 남은 샐러드 채소와 치킨, 머스터드 소스를 넣고 케이준치킨샐러드를 만들어 드셔도 좋아요. 치킨","['고단백', '저칼로리', '고지방']",양식,일반
orSB6i65hVsD4t7UekRjNmHS,두바이 초콜릿,다크 초콜릿 300g  코팅초콜릿핑크 30g  무염버터 50g  카다이프면 100g  피스타치오 스프레드 200g,Step 1 카다이프 면을 잘라 준비해주세요. 팬에 버터를 녹인 후 카다이프를 넣고 노릇한 황금색이 나도록 볶아주세요. Step 2 카다이프면에 피스타치오 스프레드를 넣고 섞어주세요. Step 3 핑크 초콜릿을 중탕 한 후 초콜릿 틀에 뿌린 후 냉장고에서 5분간 굳혀주세요. Step 4 다크 초콜릿을 중탕 한 후 초콜릿 틀에 부어 골고루 펼친 후 남은 초콜릿을 덜어내고 냉장고에서 15분 정도 굳혀주세요. Step 5 섞어둔 카다이프면과 피스타치오 스프레드를 넣어 평평하게 다진 후 나머지 초콜릿을 부어 평평하게 펼 친 후 냉장고에서 15분간 굳혀주세요. Step 6 굳은 초콜릿은 틀에서 꺼내 적당한 크기로 썰어 맛있게 즐겨주세요.,['고지방'],양식,일반
JBaJY3fYQzCn9c1DPdg5ZLdo,만둣국,왕만두 6개 (150g) | 달걀 1개 | 대파 ⅙대 | 멸치 다시마 육수 5컵 | 국간장 ½큰술 | 참치액젓 1큰술 | 다진 마늘 1작은술,"Step 1 달걀은 흰자, 노른자를 분리하고 약간의 소금을 넣어 풀고 대파는 어슷하게 썰어주세요. Step 2 달군 팬에 약간의 기름을 두르고 키친타월로 닦아 낸 후 달걀노른자와 흰자 순으로 약한 불에서 지단을 만들어 가늘게 채를 썰어주세요. Step 3 냄비에 육수를 넣고 끓으면 국물 양념 재료와 만두를 넣어주세요. 만두가 익어 떠오르면 대파를 넣고 한소끔 끓이고 마지막에 약간의 소금과 후춧가루를 넣어 간을 맞춰주세요. Step 4 그릇에 만두국을 담고 채썬 황백지단을 올려 맛있게 즐겨주세요. tip 기호에 따라 고명으로 김가루 또는 양념해서 볶은 쇠고기, 송송 썬 실파 등을 곁들여주세요.","['고단백', '고지방', '고염']",한식,일반
NZ6vQaWZCh9kwitCVTysx2VK,낙지볶음,낙지 3마리 | 양파 1/2개 | 대파 1/2대 | 양배추 2잎 | 청양고추 2개 | 실파(생략가능) 1대 | 참기름 약간 | 통깨 약간 | 밀가루 1/4컵 | 굵은소금 1큰술 | 고추기름 2큰술 | 소면 200g | 고춧가루 3큰술 | 간장 2큰술 | 맛술 1큰술 | 고추장 1큰술 | 올리고당 1큰술 | 다진마늘 1큰술 | 설탕 1큰술 | 생강즙 1/2큰술 | 후춧가루 약간,"Step 1 낙지는 내장과 먹물을 뺀 후 굵은소금과 밀가루로 바락바락 문질러 씻은 다음, 끓는 물에 살짝 데쳐 먹기 좋은 크기로 잘라주세요. Step 2 양배추와 양파는 굵게 채로 썰고, 대파와 청양고추는 어슷하게 썰어주세요. 실파는 송송 썰어주세요. Step 3 팬에 고추기름을 두르고, 약한불에서 양념장을 넣어 1분 정도 볶다가 양파와 양배추를 넣어 볶아주세요. Step 4 양파가 익으면 낙지와 대파, 청양고추를 넣고 양념과 재료가 고루 섞이도록 빠르게 볶다가 불을 끄고 참기름을 뿌려주세요. Step 5 끓는 물에 소면을 넣고 물이 끓어오르면 23번 찬물을 넣어 국수를 삶은 후 찬물에 헹궈 동그랗게 사리를 지어주세요. Step 6 접시에 낙지볶음을 담고 통깨와 실파를 뿌려준 후 소면사리를 곁들여주세요.","['고지방', '고염']",한식,일반
rWNoyQfxiYsWWPNmCzNsYx6p,사천식알배추찜,"알배추 1통400g  다진 돼지고기 150g  파프리카노랑, 주황 개씩  홍고추 1개  대파 대  실파 2줄기  고추기름 1큰술  식용유 1큰술  참기름 1큰술  통깨 약간  맛술 큰술  굴소스 1작은술  생강가루 한꼬집  후춧가루 약간  두반장 소스 1큰술  맛술 2큰술  간장 1큰술  설탕 큰술  다진마늘 큰술  생강가루 약간  멸치다시육수또는 물 컵","Step 1 .돼지고기는 키친타올에 올려 핏물을 제거한 후 밑간 양념에 10분 정도 재워주세요. Step 2 알배추는 겉잎을 떼어내고 뿌리쪽에 칼집을 4등분으로 넣은 후 나머지는 손으로 찢고 흐르는 물에 깨끗이 씻어 준비해주세요. Step 3 파프리카와 홍고추, 대파는 잘게 자르고 실파는 송송 썰어주세요. 볼에 소스재료를 모두 섞어주세요. Step 4 김오른 찜기에 알배추를 올리고 줄기가 익을 때까지 34분정도 쪄주세요.알배추의 크기에 따라 시간을 조절해서 쪄주세요. Step 5 달군 팬에 식용유와 고추기름을 두른 후 대파를 넣고 중약불에서 볶다가 향이 올라오면 밑간한 돼지고기를 넣어 볶아주세요. Step 6 돼지고기가 익으면 파프리카와 홍고추를 넣고 볶다가 소스 재료를 넣어 양념이 고루 섞이도록 볶고 마지막에 참기름을 넣어주세요. Step 7 접시에 찐 알배추를 담고 볶아 놓은 소스를 얹은 후 송송 썬 실파와 통깨를 뿌려주세요. 먹기 직전에 찐 알배추의 밑둥을 제거후 맛있게 즐겨주세요.","['고단백', '저칼로리', '고지방']",중식,일반
6Je1AkxkVgzaogrXonJp7y6S,톳 김밥,톳 장아찌 100g | 두부 ½모 | 흑미밥 2공기 | 김밥용 김 3장 | 오이 1개 | 당근 ½개 | 식용유 적당량 | 소금 약간 | 통깨 약간 | 들기름 1큰술 | 소금 ½큰술 | 식초 2큰술 | 물 2큰술 | 설탕 1큰술 | 소금 1작은술,"Step 1 두부는 1cm 두께로 길게 썰고 키친타월에 올려 물기를 제거해 주세요. 달군 팬에 기름을 넉넉히 둘러 노릇하게 구워주세요. Step 2 오이는 채를 썰어 절임 물에 10분간 절인 후 채반에서 물기를 빼주세요. 당근은 채를 썰어 주세요. Step 3 달군 팬에 기름을 약간 두르고 당근을 넣은 후 소금 간을 해 볶아주세요. Step 4 흑미밥에 밥 양념을 넣고 잘 섞어주세요. Step 5 김에 흑미밥을 얇게 펼치고 두부, 당근, 오이, 톳을 넣어 말아주세요. 완성된 김밥에 들기름을 바른 후 먹기 좋게 썰어 맛있게 즐겨주세요.","['고단백', '저칼로리', '고지방', '고염']",한식,일반
y55PcdXx3s1FzEdVLAXkDoJd,차돌박이숙주볶음,차돌박이 400g  숙주 300g  양파 12개  마늘 3쪽  청양고추 1개  실파 2대  굴소스 2큰술  통깨 약간  무순생략가능 12팩  참기름 1큰술  식용유 약간  간장 2큰술  맛술 1큰술  설탕 1큰술  다진마늘 12큰술  참기름 12큰술  후추 약간,"Step 1 차돌박이는 키친타월에 올려 핏물을 제거한 후, 고기양념 재료에 20분정도 밑간해주세요. Step 2 숙주는 흐르는 물에 깨끗이 씻은 후 체에 밭쳐 물기를 빼고, 양파는 굵게 채썰어 주세요. 마늘은 편으로 썰고 청양고추와 실파는 송송 썰어주세요. Step 3 달군 팬에 기름을 두르고, 마늘편과 양파채를 넣어 2분정도 볶아주세요. 마늘향이 올라오면 양념한 차돌박이를 넣어 볶아주세요 Step 4 차돌박이가 익으면 숙주와 청양고추, 굴소스를 넣고 숙주가 아삭하게 익을 정도로만 볶은 후 마지막에 참기름을 넣고 불을 꺼주세요. Step 5 차돌박이 숙주볶음에 통깨를 뿌린 후, 송송 썬 실파와 무순을 올려 장식해주세요.",['일반'],일식,일반
QJXZHkXMvHppufJHevvpNdCT,두부면 팟타이,두부면 100g  마늘 2톨  양파 개  대파 대  부추 한 줌 50g  숙주 한 줌 50g  베트남 고추 생략 가능 4개  칵테일 새우 8마리  달걀 2개  다진 땅콩 1큰술  라임 생략 가능 개  고수 생략 가능 약간  소금 약간  후춧가루 약간  식용유 약간  간장 1큰술  다진 마늘 1작은술  굴소스 1큰술  피쉬소스 큰술  스리라차 소스 1큰술,"Step 1 마늘은 편으로 썰고 양파는 얇게 채를 썰어주세요. 대파는 얇게 송송 썰고, 부추는 5cm 길이로 썰어주세요. Step 2 볼에 달걀과 소금, 후춧가루를 넣어 섞어주세요. 볼에 양념 재료를 넣어 섞어주세요. Step 3 두부면은 체에 밭쳐 흐르는 물에 헹궈주세요. Step 4 달군 팬에 오일을 두른 후 베트남 고추와 마늘, 대파, 채를 썬 양파를 노릇하게 볶아주세요. Step 5 새우와 숙주, 양념을 넣어 볶다가 두부면, 부추를 넣어 가볍게 섞어주세요. Step 6 팬 한쪽에 달걀을 넣어 스크램블 에그를 만들어 섞어주세요. Step 7 그릇에 담은 후 땅콩 가루, 고수, 라임즙을 뿌려 완성해 주세요. 기호에 따라 땅콩소스, 고수 등을 곁들여 드셔도 맛있게 드실 수 있답니다","['고단백', '저칼로리', '고지방', '고염']",다이어트,다이어트
otoQ5JpRjgNPpuDtsYUwpRxC,오이지무침,오이지 3개 | 홍고추 ½개 | 쪽파 3대 | 통깨 약간 | 고춧가루 1큰술 | 설탕 ½큰술 | 물엿 ½큰술 | 다진 마늘 ½큰술 | 참기름 1/2큰술,"Step 1 오이지는 동그랗게 썰고 20분 정도 찬물에 담가 짠맛을 빼주세요. 홍고추와 쪽파는 송송 썰어주세요. 오이지의 염도에 따라 물에 담구는 시간을 조절해주세요. Step 2 짠기를 뺀 오이지는 찬물에 헹군 후 건져 면포에 싸서 물기를 꼭 짜주세요. Step 3 볼에 양념 재료를 넣고 골고루 섞은 후 오이지와 홍고추, 쪽파를 넣어 조물조물 무쳐주세요. 통깨를 뿌려 완성해주세요. tip 오이지의 산미에 따라 식초를 가감해주세요.",['저칼로리'],한식,일반
nAhrs7fVHtjmWZB1wZEJ6bp3,명란 연근전,연근 12개600g  명란 100g  식용유 3큰술  찹쌀가루 12컵  유자청 12큰술  간장 12큰술  레몬즙 1큰술  다진 청양고추 1개 분량,Step 1 연근은 필러로 껍질을 제거하고 0.5cm 두께로 썰어 주세요. Step 2 명란은 반으로 갈라 속을 살살 긁어 내 껍질을 제거해 주세요. Step 3 연근에 명란을 채워주세요. 찹쌀가루를 약간 묻혀 털어내 주세요. Step 4 팬에 식용유를 두르고 5단에서 2분간 달궈주세요. Step 5 단에서 연근을 올려 3분 30초간 뒤집어가며 노릇하게 구워주세요. tip. 한 번에 연근을 많이 넣으면 팬의 온도가 떨어지니 2번에 나누어 넣어 구워주세요 Step 6 소스 재료를 섞어주세요. Step 7 완성된 명란 연근전을 접시에 담아 소스와 함께 맛있게 즐겨주세요.,['일반'],채식,채식
qAV8NaTqcdPbJWt2z3P2PwvH,비건 참나물 페스토,참나물 80g  잣 또는 캐슈넛 30g  마늘 1쪽  올리브오일 엑스트라버진 컵  소금 큰술  후춧가루 약간,"Step 1 냄비에 유리용기를 거꾸로 세워 넣고 찬물부터 끓여 열탕 소독한 후 건조시켜주세요. Step 2 참나물은 잎과 줄기를 떼어내고 깨끗이 씻어 물기를 제거해 주세요. Step 3 달군 팬에 잣을 넣고 약한 불에서 노릇하게 볶아주세요. Step 4 블렌더에 참나물과 잣, 마늘, 올리브오일, 소금을 넣고 곱게 갈아주세요. tip 기호에 따라 소금, 후추를 가감해서 페스토의 간을 맞추고 올리브유로 농도를 조절해 주세요. 참나물 특유의 풋내가 느껴질 경우 레몬즙 1큰술을 추가해 주세요. Step 5 유리용기에 참나물 페스토를 담고 윗면에 약간의 올리브오일을 부어 공기를 차단시켜주세요. tip 냉장고에서는 12일 정도 보관 가능하고 장기간 보관하실 때는 소분해서 냉동고에 넣어 보관해 주세요. tip 빵에 곁들여 먹거나 샐러드 드레싱, 파스타 소스 등으로 활용해 보세요.","['저칼로리', '고지방', '고염']",채식,채식
4bqXJz1z1MDJuTXzFcvEnUin,굴 알 아히요굴 감바스,굴 300g  통마늘 20쪽  브로콜리 14송이  양송이버섯 4개  방울토마토 5개  페페론치노 6개  바질 페스토 2큰술  올리브오일 1컵  소금 12작은술  후춧가루 약간  타임 생략 가능 약간  바게트 빵 또는 스파게티면생략 가능,"Step 1 굴은 옅은 소금물에 넣고 이물질을 제거하며 살살 흔들어 씻은 후 체에 밭쳐 물기를 빼고, 키친타올에 올려 수분을 제거해 주세요. Step 2 마늘은 편으로 썰고 양송이버섯과 브로콜리는 한 입 크기로 잘라주세요. 방울토마토는 먹기 좋은 크기로 썰고 페페론치노는 반으로 썰어주세요. Step 3 냄비에 올리브오일을 넣고 끓이다가 기포가 올라오면 마늘을 넣고 저어가며 중간불에서 끓여주세요. 마늘이 노릇하게 익으면 페페론치노와 양송이버섯을 넣고 저어가며 끓여주세요. Step 4 브로콜리와 방울토마토, 굴을 넣고 저어가며 끓여주세요. Step 5 굴이 익으면 불을 끄고, 바질 페스토를 넣어 섞어주세요. 소금과 후춧가루를 넣어 간을 맞추고 타임을 올려 마무리해 주세요. tip. 부족한 간은 바질 페스토 또는 소금을 가감해서 조절해 주세요 Step 6 기호에 따라 구운 바게트 곁들여 드시거나 삶은 파스타면을 넣고 볶아 맛있게 즐겨주세요.","['저칼로리', '고지방', '고염']",양식,일반
6KvL9Ldh8UwPAWkVRHdh4rFh,부추목이버섯 통들깨볶음,부추 120g  건목이버섯 5g  통들깨 1.5티스푼  간장 1.52티스푼  들기름 약간,"Step 1 부추는 3cm길이로 썰고, 목이버섯은 불려서 채를 썰어주세요. Step 2 냄비에 들기름을 두르고 목이버섯을 볶다가 간장을 분량에서 반량만 쳐서 간을 맞추세요. Step 3 부추를 볶은 목이버섯 위에 소복하게 얹고 약불로 줄여 뚜껑을 닫고 10초 정도 그대로 두세요. 부추의 아삭함이 남아있도록 볶아야 맛있어요. Step 4 뚜껑을 열고 남은 간장을 쳐주고 통들깨를 넣어 섞어준 다음 불에서 내려주세요. 통들깨가 없으면 통깨로 대체하고 참기름을 사용하세요. Step 5 완성된 요리를 그릇에 담아 마무리해주세요.","['저칼로리', '고지방', '고염']",채식,채식
Kpk1rhrWJWuNqL2c3giRmvck,소라 비빔국수,참소라 6개 | 소면 170g | 양파 ¼개 | 대파 ¼대 | 오이 ½개 | 당근 ⅙개 | 양배추 잎 2장 | 통깨 약간 | 된장 1큰술 | 청주 1큰술 | 고추장 2큰술 | 고춧가루 1큰술 | 맛술 1큰술 | 간장 1큰술 | 설탕 1+½큰술 | 식초 1큰술 | 물엿 1큰술 | 다진 마늘 1큰술 | 참기름 1큰술 | 생강가루 약간 | 후춧가루 약간,"Step 1 볼에 양념 소스를 넣고 섞어 양념장을 만들어주세요. Step 2 소라는 깨끗이 비벼 씻은 후 냄비에 넣고 소라가 잠길 정도의 물과 국물 밑간 재료를 넣어 물이 끓으면 1015분 정도 삶아주세요. Step 3 양배추와 당근, 양파, 대파는 채를 썰어주세요. 대파 채는 찬물에 담갔다가 물기를 빼 주세요 오이는 길이로 반 갈라 어슷하게 슬라이스 해 주세요. Step 4 삶은 소라는 젓가락으로 소라 살을 빼내고 쓸개가 붙어있는 내장을 제거한 후 반 갈라 가운데 내장과 침샘을 제거하고 먹기 좋은 크기로 썰어주세요. Step 5 끓는물에 소면을 펼쳐 넣고 젓가락으로 저어 면끼리 달라붙지 않도록 저어주고 물이 끓어오르면 찬물 반 컵을 23번 정도 반복해서 부어 국수를 삶아주세요. 흐르는 찬물에 소면을 여러 번 씻어 전분기를 없애고 채반에 밭쳐 물기를 빼주세요. Step 6 볼에 삶은 소면과 소라, 손질한 야채, 양념장을 넣고 골고루 섞어주세요. Step 7 그릇에 소라 비빔국수를 담고 대파 채를 올리고 통깨를 뿌려 맛있게 즐겨주세요.",['저칼로리'],한식,일반
9MAsKetNfupZjQ96Fn1QDErj,생미역 비빔국수,중면 200g | 생미역 150g | 오이 ½개 | 대파 ½대 | 양파 ⅓개 | 당근 ¼개 | 통깨 약간 | 소금 약간 | 고추장 2큰술 | 간장 1큰술 | 설탕 2큰술 | 다진 마늘 ½큰술 | 식초 1큰술 | 참기름 1큰술,"Step 1 오이와 당근, 대파는 5cm 길이로 채를 썬 후 대파는 찬물에 담가 매운맛을 빼주세요. 양파는 가늘게 채를 썰어주세요. Step 2 미역은 체에 밭쳐 흐르는 물에 헹군 후 먹기 좋은 크기로 잘라주세요. Step 3 볼에 양념 소스를 넣고 섞어 양념장을 만들어주세요. Step 4 끓는 물에 중면을 펼쳐 넣고 젓가락으로 저어 면끼리 달라붙지 않도록 저어주고 물이 끓어오르면 찬물 반 컵을 23번 정도 반복해서 부어 국수를 삶아주세요. 흐르는 찬물에 중면을 여러 번 씻어 전분기를 없애고 채반에 밭쳐 물기를 빼주세요. Step 5 볼에 소면과 손질한 야채, 양념장, 데친 미역을 넣어 골고루 섞어주세요. Step 6 그릇에 미역 비빔국수를 보기 좋게 담고 대파 채, 통깨를 뿌려 맛있게 즐겨주세요.",['저칼로리'],한식,일반
fZuC5DSY4QtNTr7pr3d9vmn6,가지볶음,가지 3개 | 양파 1/2개 | 청양고추 1개 | 홍고추 1개 | 대파 1/4개 | 참기름 1큰술 | 통깨 약간 | 식용유 적당량 | 간장 2큰술 | 굴소스 1큰술 | 맛술 1큰술 | 고춧가루 1작은술 | 설탕 1/2큰술 | 다진마늘 1/2큰술 | 후춧가루 약간,"Step 1 가지는 길이로 3등분 한 후 세로로 6등분해서 썰어주세요. 양파는 굵게 채를 썰고, 대파는 잘게 썰어주세요. 청양고추와 홍고추는 어슷하게 썰어주세요. Step 2 달군 팬에 식용유를 두르고 대파를 넣어 볶다가 향이 올라오면 가지와 양파를 넣고 센불에서 볶아주세요. Step 3 가지의 숨이 죽으면 양념재료를 넣고 볶다가 청양고추와 홍고추를 넣어 살짝 볶아주세요. Step 4 불을 끄고 참기름을 넣고 통깨를 뿌려주세요. Step 5 알맞은 그릇에 담아 맛있게 즐겨주세요.",['고지방'],한식,일반
i29FsEHyMBbkxdazqRQGkfqY,고추장감자조림,감자 (중간크기) 4개 | 양파 ½개 | 홍고추 ½개 | 대파 ¼대 | 참기름 1큰술 | 식용유 약간 | 통깨 약간 | 멸치다시마육수 (또는 물) 1컵 | 간장 2큰술 | 고추장 1큰술 | 고춧가루 1큰술 | 맛술 2큰술 | 설탕 1큰술 | 올리고당 1큰술 | 다진마늘 ½큰술 | 후춧가루 약간,"Step 1 감자는 껍질을 제거하고 동그랗게 2센치 두께로 잘라 찬물에 담가 전분기를 빼주세요. 양파는 한 입 크기로 썰고 홍고추와 대파는 어슷하게 썰어주세요. 볼에 양념 재료를 넣어 섞어주세요. Step 2 달군 팬에 약간의 기름을 두르고 감자와 양파를 넣고 3분 정도 골고루 중간불에서 볶아주세요. Step 3 감자가 반쯤 투명하게 익으면 양념 재료와 멸치다시육수를 넣어 중간불에서 뚜껑을 닫고 10분 정도 감자를 익히며 조려주세요. 감자의 수분 상태에 따라 멸치다시마육수를 가감해주세요. Step 4 감자가 익으면 홍고추, 대파를 넣어 섞고 마지막에 참기름과 통깨를 뿌린 후 불을 꺼주세요.",['고지방'],한식,일반
MJMmpnR7pdaS3GJva1RvW6zN,멜젓 강된장,양파 ¼개 | 애호박 ¼개 | 홍고추 1개 | 청양고추 1개 | 대파 ¼대 | 참기름 1큰술 | 멸치 다시마 육수 ½컵 | 새송이버섯 ½개 | 맬젓 1큰술 | 된장 1큰술 | 맛술 1큰술 | 고춧가루 1작은술 | 설탕 1작은술 | 다진 마늘 1큰술,"Step 1 양파와 새송이버섯, 애호박, 대파는 네모난 모양으로 잘게 자르고 홍고추와 청양고추는 송송 썰어주세요. Step 2 볼에 양념 재료를 넣고 고루 섞어주세요. Step 3 달군 냄비에 참기름을 두르고 양파와 새송이버섯, 애호박을 넣어 볶다가 양념 재료를 넣어 볶아주세요. Step 4 멸치 다시마 육수를 붓고 23분 정도 끓이다가 대파와 홍고추, 청양고추를 넣어 한소끔 끓여 마무리해주세요. Step 5 쌈채소와 함께 맛있게 즐겨주세요.","['저칼로리', '고지방']",한식,일반
fYDVA58BCapKb17vdYjb6YaK,양파 피클,적양파 3개  마늘 45쪽  타임 생략 가능 약간  물 2컵  설탕 1컵  식초 컵  소금 2작은술  피클링 스파이스 1큰술,Step 1 냄비에 물을 넣고 유리병을 거꾸로 담가 끓이면서 병을 소독한 후 꺼내어 물기를 제거해주세요. Step 2 양파는 물기를 제거한 후 링으로 얇게 썰어주세요.큰양파는 반달모양으로 썰어주세요. Step 3 냄비에 피클주스 재료를 넣고 끓여주세요. Step 4 소독한 유리병에 양파와 마늘을 넣고 끓인 피클주스를 뜨거울 때 부어주세요. tip.피클링 스파이스를 체에 걸러낸 후 부으면 먹을 때 편리해요. Step 5 한 김 식힌 후 뚜껑을 닫고 냉장보관해주세요. 양파 피클은 담근 후 하루 이상 지나면 드실 수 있답니다.,['일반'],채식,채식
fLxRUUeiMs8445iRqigt8B2W,고갈비,고등어 2마리 | 청고추 1/2개 | 홍고추 1/2개 | 실파 2줄기 | 전분 1/2컵 | 통깨 약간 | 맛술 2큰술 | 소금 1/2작은술 | 식용유 적당량 | 간장 2큰술 | 고추장 2큰술 | 고춧가루 1큰술 | 물엿 3큰술 | 참기름 2큰술 | 다진 파 1+1/2큰술 | 다진 마늘 1큰술 | 생강즙 1작은술 | 후춧가루 약간,"Step 1 손질한 고등어에 맛술과 소금을 솔솔 뿌려서 10분 정도 밑간해주세요. 자반고등어는 쌀뜨물에 10분 정도 담가 짠맛과 비린내를 제거한 후 사용해주세요. Step 2 홍고추와 청고추는 잘게 썰고, 실파는 송송 썰어주세요. 볼에 고추장 양념장 재료를 넣고 섞어주세요. Step 3 고등어의 물기를 제거하고 앞 뒤에 전분을 골고루 묻히고 털어준 다음 달군 팬에 기름을 넉넉히 두르고 고등어를 껍질쪽부터 노릇하게 굽고 뒤집어서 살쪽도 노릇하게 구워주세요. Step 4 팬에 남아 있는 기름을 닦은 후 구운 고등어의 살쪽부분에 고추장 양념장을 고루 펴 바르고 약불에서 타지 않게 앞뒤로 뒤집어 구워주세요. Step 5 접시에 구운 고등어를 담고 고추장 양념을 추가로 덧바른 후 고추와 실파, 통깨를 뿌려주세요. Step 6 맛있게 즐겨주세요.","['고지방', '고염']",한식,일반
YqShznyV6QJGPubyy397NzQE,김 두부 덮밥,부침 두부 1모  도시락 김 1봉  전분 가루 밀가루로 대체 가능 1큰술  밥 1공기  깨 약간  식용유 약간  간장 2큰술  맛술 1큰술  물 2큰술  생강가루 작은술  설탕 큰술  참기름 큰술,Step 1 볼에 소스 재료를 넣어 섞어주세요. Step 2 두부는 키친타월로 물기를 제거해주세요. 1cm 두께로 잘라주세요. 대략 6등분 해주시면 돼요. Step 3 두부를 김으로 감싼 후 전분 가루를 앞뒤로 살짝 묻혀주세요. Tip. 열을 가하면 김의 크기가 줄어들기 때문에 김은 너무 작게 붙이지 않는 것이 좋아요. Step 4 달군 팬에 오일을 두른 후 두부를 올려 약한 불에서 노릇하게 구워주세요. Step 5 섞어 둔 양념을 넣어 빠르게 조린 후 불을 꺼주세요. 양념이 금방 줄어들 수 있어서 빠르게 뒤집어주는 게 중요해요. Step 6 그릇에 밥을 담은 후 남은 양념을 밥에 끼얹어주세요. 두부를 가지런히 올린 후 통깨를 뿌려 완성해 주세요. 기호에 따라 쪽파 등을 뿌려 드셔도 좋답니다.,"['고단백', '저칼로리', '고지방']",채식,채식
96qX3RJ7ZQj1fMuUSu8Za6NF,고구마밥,고구마 1개 | 멥쌀 ⅔컵 | 현미 ⅓컵 | 물 1과 ⅓컵,"Step 1 요리 전 현미와 멥쌀을 2시간 정도 불려주세요. 고구마는 깨끗하게 씻은 후 23cm로 깍둑썰기 해주세요. Step 2 냄비에 불린 현미와 멥쌀을 부어주세요. Step 3 의 냄비에 손질된 고구마를 넣어 주세요. Step 4 냄비에 물 1과 13컵을 붓고 센 불에서 5분, 약불에서 10분간 끓여 주세요. Step 5 완성 다 익은 밥을 그릇에 옮겨 담아 드세요. Tip. 고구마의 껍질에는 전분을 분해하는 효소가 들어있어 소화를 촉진합니다. 암과 노화를 억제하 는 플라보노이드 성분도 풍부하게 들어있어요.",['일반'],한식,일반
udfSyNj4Ah8ZaFqvdLPsm65R,에어프라이어 고추장 두부 구이,두부 1모  소금 1작은술  쪽파 2대  통깨 약간  고추장 1큰술  간장 큰술  설탕 큰술  식용유 1큰술  후춧가루 약간  참기름 약간,"Step 1 두부는 면포로 물기를 제거한 후 격자무늬로 칼집을 넣고 소금, 후춧가루를 뿌려주세요. tip. 두부의 물기를 최대한 제거하는 것이 중요해요. 체에 밭쳐 충분히 물기를 제거한 후 면포로 꾹 눌러주세요. 두부는 익으면서 점점 벌어지기 때문에 반 정도의 깊이로 칼집을 넣어주세요 Step 2 쪽파를 송송 썰어 주세요. 볼에 양념 재료를 잘 섞어주세요. Step 3 종이호일 위에 두부를 올리고 양념 재료를 얹어주세요. 에어프라이어에서 200도로 20분간 구워주세요. tip. 에어프라이어마다 성능에 차이가 있을 수 있으니 시간을 잘 체크해 주세요 Step 4 접시에 구워진 두부를 담고 쪽파와 통깨를 뿌려 맛있게 즐겨주세요.","['고단백', '저칼로리', '고염']",채식,채식
HopCF6JGyL4WS1giMtfUfAJt,오렌지 비트 샐러드,오렌지 1개  비트 개  꽃상추 20g  치커리 20g  비타민 10g  연근 개  건자두 5개  고춧가루 큰술  매실액 2큰술 반  레몬즙 1큰술  참깨갈은것 1큰술  흑임자갈은것 1큰술  진간장 1큰술  들기름 1큰술  물 1큰술,"Step 1 오렌지는 껍질을 벗겨 원형으로 썰고, 연근과 비트는 얇게 슬라이스 해주세요. Step 2 연근은 끓는 물에 살짝 데쳐서 찬물에 헹궈 물기를 빼주세요. Step 3 분량의 재료들을 골고루 섞어 드레싱을 만들어주세요. 참깨와 흑임자를 곱게 갈아서 넣어주는게 좋답니다. Step 4 완성 준비된 채소들과 오렌지, 비트, 연근, 건자두를 골고루 섞어 그릇에 담고, 드레싱을 곁들이면 완성이예요. Tip. 연근의 다른 식감과 맛을 원할 때는 약 불의 기름에 살짝 튀겨서 곁들여도 좋아요. 연근은 자르면 단면이 검게 변하므로 찬물에 담그거나 식초물에 담가주세요.","['저칼로리', '고지방']",채식,채식
7qDrS41wsiFSbi7kWYEdyXAo,비건 베리 크럼블 케이크,통밀가루 150g  아몬드 가루 30g  베이킹파우더 6g  베이킹소다 3g  냉동 블루베리라즈베리 90g  두유 165g  레몬즙 15g  포도씨 오일 50g  황설탕 90g  통밀가루 30g  오트밀 60g  황설탕 40g  포도씨 오일 30g  냉동 블루베리 80g,"Step 1 크럼블 재료를 주걱으로 섞어주세요. Step 2 볼에 두유와 레몬즙, 포도씨 오일을 넣고 섞은 후 황설탕을 넣어 섞어주세요. Step 3 통밀가루, 아몬드 가루, 베이킹파우더, 베이킹소다를 모두 체 친 후 섞어주세요. Step 4 냉동 블루베리와 라즈베리를 넣고 섞어주세요. Step 5 오븐 틀에 유산지를 깔고 반죽을 넣은 후 크럼블을 올려주세요. Step 6 도로 예열한 오븐에서 35분간 구운 후 식혀주세요. tip. 오븐의 성능에 따라 굽는 시간에 차이가 있을 수 있어요","['고지방', '고당']",채식,채식
oxQn1gc1T1DUzoTg5QWPnJm3,두부 완두콩 달걀찜,두부 150g | 달걀 2개 | 완두콩 45g | 모유 또는 분유 60ml,"Step 1 두부는 흐르는 물에 씻어 물기를 빼고, 칼등으로 눌러 으깨주세요. Step 2 끓는 물에 완두콩을 삶아 껍질을 일일이 벗겨낸 후 칼로 잘게 다지거나 절구로 곱게 으깨주세요. Tip. 콩은 미리 하루 정도 불려야하며 냉동 콩이라면 불리지 않아도 됩니다. 콩은 손으로도 으깨질 정도로 푹 삶아주세요.닏 Step 3 그릇에 달걀을 풀고 부드러워지도록 모유 또는 분유를 넣어 고르게 섞은 후 체에 걸러주세요. Tip. 다시마 물을 살짝 넣어주면 맛이 더 좋아져 아기가 잘 먹어요. Step 4 내열 용기에 모든 재료를 넣고 찜기에 넣어 10분 정도 쪄내요. Step 5 회분으로 나눠 용기에 담아주세요.","['고단백', '저칼로리']",한식,일반
SS6pmfeR7U5qktXxH1XoPwnv,간장 계란밥,달걀 2개 | 밥 2공기 | 김가루 적당량 | 간장 1큰술 | 버터 2큰술 | 통깨 약간 | 쪽파 (대파로 대체 또는 생략 가능) 2줄기 | 참기름(또는 들기름) 1큰술,"Step 1 달군 팬에 버터를 두른 후 달걀프라이를 겉면이 타듯이 노릇하게 구워주세요. Step 2 쪽파는 송송 썰어주세요. Step 3 그릇에 따뜻한 밥을 담은 후 달걀프라이를 얹어주세요. Step 4 간장과 참기름을 둘러주고 통깨와 쪽파, 김가루를 뿌려 완성해주세요.","['고단백', '고지방', '고염']",한식,일반
ow7AK1YoAqwYGKs4NoSZGLmr,파기름 비빔면,중국 당면 반 줌100g  오이 개  쪽파 3뿌리  팔각 1개  생강 1개  청양고추 2개  파기름 컵  참기름 1작은술  치킨파우더 1큰술  소금 약간  간장 1작은술  설탕 1작은술  마른 고추 후레이크 약간,"Step 1 넓적당면은 물에 1시간 정도 미리 불려서 끓는 물에 데친 후 찬물에 헹군 뒤 체에 받쳐 준비해 주세요. Step 2 쪽파는 송송 썰고, 오이는 가운데 씨를 빼고 어슷 썰고, 생강과 청양고추는 채 썰어 준비해 주세요. Step 3 팬에 파기름을 넣고, 팔각과 생강으로 향을 낸 후 쪽파, 청양고추, 치킨파우더, 소금, 간장, 설탕을 넣고 끓여주세요. Step 4 순서 1의 당면을 오이와 섞어 그릇에 담은 후 순서 3의 소스를 부어 비벼주세요. Step 5 완성 마른 고추 후레이크와 참기름을 얹어 완성해주세요. Tip. 파기름의 향을 진하게 내고 싶다면, 파를 더 넣어 한 번 더 끓여주세요","['저칼로리', '고지방', '고염', '고당']",중식,일반
Bv4X1DMxX61Boys8VD4J3N2P,토마토 솥밥,토마토 2개  그린올리브 68개  불린 현미 2컵  채수 물로 대체 가능 2컵  통마늘 68알  양파 개  소금 약간  후춧가루 약간  올리브오일 약간  바질잎 생략 가능 23장,"Step 1 불린 현미는 채반에 받쳐 물기를 빼주세요. Step 2 씻은 토마토는 꼭지를 떼고 1개는 굵게 다지고, 나머지는 아랫부분에 십자로 칼집을 넣어주세요. 양파는 굵게 다지고 바질잎은 채를 썰어주세요. Step 3 달군 팬에 올리브오일을 두르고 통마늘을 볶다가 토마토와 양파를 넣고 소금, 후추로 간을 해 볶아주세요. 불을 끄고 바질잎을 넣어주세요. Step 4 냄비에 불린 현미와 볶은 재료를 넣고 올리브와 토마토, 채수를 넣어주세요. 뚜껑을 닫아 중불에서 끓이다가 밥물이 끓어오르면 약불로 줄여 1015분 정도 익혀주세요. Step 5 완성된 솥밥에 올리브오일을 약간 두르고 소금으로 간을 한 후 밥을 잘 섞어주세요.","['고지방', '고염']",채식,채식
41faBG1A8wBxgeE2fAaC7pLY,상하이 파스타,파스타면 2인분160g  새우 6마리  오징어 1마리100g  마늘 3알  대파 12대  양파 12개  청경채 1개  면수 1컵  간장 1큰술  고춧가루 1작은술  식용유 1큰술  치킨스톡 12큐브,"Step 1 새우는 껍질을 제거하고 등부분에 칼집을 넣어주세요. 오징어는 내장을 제거한 후 둥근 링 모양으로 썰어주세요. Step 2 마늘은 편썰고 양파는 채썰고 대파는 송송 썰어주세요. Step 3 냄비에 물 1.5L를 붓고 9단에서 4분 30초간 끓여주세요. Step 4 파스타면을 넣고 9단에서 8분 30초 저어가며 끓여주세요. Step 5 팬에 식용유를 두른 후 다진마늘, 대파, 양파를 넣고 5단에서 3분간 볶아주세요. Step 6 새우와 오징어, 청경채를 넣고 고춧가루와 간장을 넣어 7단에서 1분 30초간 볶아주세요. Step 7 삶은 면과 면수 1컵, 스톡을 넣고 7단에서 3분간 볶아 완성해주세요. Step 8 접시에 파스타를 담아 맛있게 즐겨주세요.","['고단백', '고염']",양식,일반
5but9gmk2Eyt47BTHDUcNksZ,새우카츠샌드,식빵 4장  새우 4마리  양배추 2잎  로켓잎또는 치커리 한줌  밀가루 5큰술  빵가루 1컵  달걀 1개  마요네즈 3큰술  돈가스 소스 3큰술  소금 약간  후추 약간,"Step 1 로켓잎또는 치커리은 먹기 좋게 자르고, 양배추는 곱게 채를 썰어 찬물에 담갔다가 물기를 제거해주세요. Step 2 새우는 꼬리 한마디만 남기고 껍질을 벗겨 배쪽에 칼집을 3번 넣은 후 등을 펴서 준비해두고 약간의 소금, 후추를 뿌려주세요. Step 3 새우에 밀가루달걀빵가루달걀빵가루 순으로 옷을 묻혀 170도의 기름에 넣어 바삭하게 튀겨주세요. 새우를 납작한 모양으로 눌러서 모양을 잡아주세요. Step 4 식빵 양면에 마요네즈를 펴 바르고 양배추채를 올리고 돈가스 소스를 얇게 바른 새우튀김 2마리 로켓잎또는 치커리을 올린 후 식빵으로 덮어주세요. Step 5 식빵을 먹기 좋게 3등분으로 잘라주세요. Step 6 도시락이나 색다른 한끼로 활용하실 때, 산뜻한 과일을 곁들이면 더욱 맛있게 즐기실 수 있어요.","['고단백', '고지방', '고염']",일식,일반
BMKALbp9quYS6zg5Aa9eXULb,닭가슴살 김밥,김밥 김 1과 장  현미밥 130g  소분한 닭가슴살 장조림 100g  빨간. 노란 파프리카 30g  청상추 3장  참기름 큰술  소금 1꼬집  검은깨또는 통깨 약간,"Step 1 청상추는 흐르는 물에 씻은 뒤 물기를 털어내주고, 빨강 노랑 파프리카는 채 썰어주세요. Step 2 큰 볼에 현미밥과 참기름, 소금, 검은깨를 넣고 골고루 섞어 양념해주세요. Step 3 김발에 거친 면이 위로 올라오도록 김밥 김 1장을 펼치고, 양념한 밥을 얇게 펴 올린 뒤 김밥 김 12장을 덮어주세요. Step 4 청상추와 닭가슴살 장조림, 파프리카를 올린 뒤 돌돌 말아주세요. Step 5 완성 김밥을 펼친 뒤 한 입 크기로 썰어 밀폐용기에 담으면 완성이에요. Tip. 양배추, 당근 등 다른 채소를 넣어도 좋아요.","['고단백', '저칼로리', '고지방', '고염']",다이어트,다이어트
hk5UNkHm1EwdWABZp55vrJgE,연어스테이크,연어스테이크용 2조각400g  레몬 1개  딜생략가능 약간  양파 12개  버터 1큰술  올리브오일 약간  올리브오일 1큰술  화이트와인또는 청주 1큰술  소금 14작은술  후추 약간  디종 머스터드 1큰술  씨겨자생략가능 1큰술  우유 5큰술  화이트와인또는 청주 3큰술  올리고당 2큰술  레몬즙 1큰술  소금 약간,"Step 1 연어는 밑간재료에 20분정도 재워주세요. 양파는 다져서 준비하고, 레몬 12개는 4등분으로 잘라주세요. Step 2 새로 달군 팬에 버터를 녹이고, 다진양파를 넣은 후 투명해질 때까지 볶아주세요. 소스재료를 넣어 섞고, 12분정도 끓여 소스를 만들어주세요. Step 3 달군 팬에 약간의 올리브오일을 두르고 밑간한 연어를 넣어 센불에서 앞뒤로 1분정도 표면을 익힌 후 약한불로 줄여 23분정도 더 익혀주세요. 오븐으로 조리하실 경우 180도로 예열한 오븐에서 1215분정도 익혀주세요. Step 4 접시에 구운 연어스테이크를 담고 소스를 얹은 후 딜과 레몬을 곁들여주세요. 기호에 따라 감자샐러드나 야채샐러드와 함께 드셔도 좋답니다.","['고단백', '저칼로리', '고지방']",양식,일반
HiiPEeZPpmFtDMZ5PGGmxpYD,성게알과 아부르가 스파게티,"스파게티면 100g  마늘 5개  대파 30g  방울토마토 5개  이태리 파슬리 5줄기  조개 스톡 200ml  페페론치노 1개  성게알 50g  화이트 와인 50ml  엑스트라 버진 1티스푼  쏘렐 5장  아부르가 1티스푼  그라나 파다노 치즈 약간  꽃소금 약간  소금, 후추 약간  올리브유 약간","Step 1 냄비에 꽃소금을 한 줌 넣고 물을 끓인 후 스파게티 면을 5분간 삶아주세요. Step 2 팬에 올리브유를 두르고 마늘을 손으로 으깬 후 천천히 구워 향을 낸 뒤, 고추와 대파를 넣어 볶고, 성게알 반을 넣어 볶아준 후 화이트 와인을 부어 잡내를 제거해주세요. Step 3 완성 조개 스톡에 삶아낸 면을 넣어 스톡의 양이 반으로 줄어들 때까지 계속 비빈 뒤 엑스트라 버진과 토마토, 이태리 파슬리, 소금간을 하고 접시에 담아 남아있는 성게알과 쏘렐, 아부르가, 그라나 파다노 치즈를 곁들여서 마무리합니다.","['고지방', '고염']",양식,일반
isG26o4bJpRpXMJssHpRA91Q,양배추김치,양배추 1/2통(800g) | 부추 80g | 양파 1/2개 | 굵은소금 1/2컵 | 물 1컵 | 통깨 약간 | 고춧가루 1/2컵 | 다진마늘 3큰술 | 생강 갈은 것 1큰술 | 양파 갈은 것 1/2컵 | 설탕 3큰술 | 멸치액젓 4큰술 | 매실청 1/4컵 | 소금 1작은술,"Step 1 깨끗이 씻은 양배추는 한 입 크기로 썰어주세요. 부추는 4cm길이로 썰고, 양파는 채썰어주세요. Step 2 볼에 양배추와 물, 굵은소금을 켜켜이 넣어 중간중간 뒤집어 가며 30분1시간 정도 절여 주세요. 절여진 양배추는 물에 헹군 후 체에 밭쳐 물기를 빼주세요. Step 3 양념재료를 볼에 넣어 잘 섞어주세요. Step 4 절인 양배추와 양념을 섞은 후, 부추와 양파를 넣어 가볍게 버무려주세요. Step 5 적당한 그릇에 담아 맛있게 즐겨주세요.",['고염'],한식,일반
UrUffpmpQrD4XLcBGcrChJVQ,스테이크샐러드,쇠고기등심 또는 채끝살 300g  방울토마토 10개  미니새송이 한줌  표고 5개  적양파 13개  잎채소 한줌  라임생략가능 1개  올리브유 약간  소금 약간  후추 약간  올리브오일 3큰술  발사믹식초 2큰술  올리고당 2큰술  레몬즙 2큰술  다진마늘 1작은술  소금 12작은술,"Step 1 쇠고기는 키친타월에 올려 핏기를 제거한 후 약간의 올리브유, 소금, 후추를 뿌려 20분정도 밑간해주세요. 타임 또는 로드메리 등의 허브를 함께 올려 밑간하셔도 좋답니다. Step 2 볼에 드레싱재료를 넣고 섞어주세요. Step 3 방울토마토는 4등분으로 자르고 미니 새송이, 표고는 한입 크기로 잘라주세요. 적양파는 채를 썰고, 잎채소는 먹기 좋게 잘라 흐르는 물에 씻은 후 물기를 제거해주세요. Step 4 달군 팬에 올리브유를 두르고 쇠고기를 올려 센 불에서 앞뒤로 각각 1분씩 구워 준 후, 중불에서 2분정도 구워 주세요. 구운 쇠고기는 호일에 싸서 5분 정도 둔 후 썰어주세요. 육즙이 고기 안에 퍼져 더욱 부드러운 스테이크가 된답니다. Step 5 새로 달군 팬에 미니 새송이와 표고를 넣고 약간의 소금, 후추를 뿌려 노릇하게 구워 주세요. Step 6 접시에 스테이크, 미니 새송이, 표고버섯, 방울토마토, 적양파와 잎채소를 담은 후 먹기 직전에 드레싱을 뿌려 즐겨주세요.","['저칼로리', '고염']",양식,일반
QUg1nhniXKPRvd6Mvte6b8oQ,꼬막 솥밥,쌀 2컵  꼬막 1kg  청양고추 3개  쪽파 5대  다시마 육수 300ml  양조간장 4큰술  고춧가루 1큰술  올리고당 1큰술  통깨 1큰술  참기름 1큰술  청주 1큰술,"Step 1 꼬막은 소금 1큰술을 넣은 물 1리터에 담가 검정 비닐을 덮은 뒤 3시간 이상 냉장실에서 해감해요. 해감이 다 되면 꼬막을 박박 문질러서 물일 막아질 때까지 깨끗이 씻어내주세요. Step 2 끓는 물에 꼬막과 청주 1큰술을 넣고 젓가락을 이용해 한 방향으로만 휘휘 저어 주세요. 꼬막이 입을 벌리기 시작하면 불을 끄고 잘 익은 꼬막을 건져 살과 껍질을 분리해주세요. Step 3 청양 고추는 어슷 썰고 쪽파는 5cm 길이로 송송 썰어주세요. Step 4 양념장 재료를 모두 넣어 양념장을 만들어주세요. Step 5 면적이 넓고 낮은 솥에 불린 쌀과 다시마 육수를 부어 센 불에서 5분, 끓기 시작하면 약한 불로 줄여 10분간 밥을 지어요. Step 6 밥이 다 되면 밥 위에 꼬막 살을 올려 5분간 뜸을 들여주세요. Step 7 완성이에요 양념장에 썰어둔 청양 고추와 쪽파를 넣고 잘 섞은 뒤, 완성된 밥에 취향껏 곁들여 즐겨주세요.",['고염'],양식,일반
t4D7DkKwr4ik4xmDEhctnRCC,들깨무채국,무우 ¼개(150g) | 멸치 다시마 육수 700ml | 다진 마늘 ⅓술 | 들기름 2술 | 들깨가루 2술 | 국간장 1술 | 소금 약간,"Step 1 냄비에 들기름을 두른 뒤 채 썬 무와 다진 마늘을 넣고 약불에서 5분 볶아주세요. Step 2 멸치다시마 육수를 넣고 강불에서 4분 끓인 뒤 들깨가루, 국간장, 소금을 넣고 중약불에서 6분 더 끓여주세요. Step 3 어슷하게 썬 대파를 넣고 중약불에서 2분 더 끓여주세요. Step 4 완성 따끈할 때 맛있게 드세요","['고지방', '고염']",한식,일반
HSCZfvMagDVjXtfphHjixqm2,토마토 주스,토마토 6개,Step 1 토마토는 깨끗이 씻어 반으로 썰어주세요. Step 2 토마토를 휴롬 착즙기에 넣고 착즙해 주세요. Step 3 시원하게 즐기고 싶다면 얼음을 담은 컵에 착즙한 주스를 부어 드세요. tip. 라임 조각이나 샐러리 잎으로 장식해도 좋아요,['일반'],채식,채식
nRWSw93nVKJR9wpAGa94EKnn,도토리묵사발,도토리묵 1모(350g) | 배추김치 1컵 | 당근 1/3개 | 오이 1/3개 | 적채 3잎 | 실파 2대 | 통깨 약간 | 다시마멸치육수 3컵 | 식초 2큰술 | 국간장 1큰술 | 설탕 1/2큰술 | 소금 1/2작은술 | 식초 1큰술 | 참기름 1큰술 | 설탕 1작은술,"Step 1 다시마멸치육수에 국물양념 재료를 넣고 섞은 후 냉장고에 넣어 차갑게 준비해주세요. Step 2 도토리묵은 길게 채를 썰어주세요. 냉장고에 있던 단단한 묵을 사용하실 경우, 묵을 체에 밭쳐 끓는 물에 살짝 담갔다가 빼서 준비해주세요 Step 3 오이와 당근, 적채는 채를 썰고 배추김치는 잘게 썰어 김치양념에 넣어 조물조물 섞어주세요. 실파는 송송 썰어주세요. Step 4 그릇에 도토리묵과 김치, 당근, 오이, 적채를 담고 차게 준비한 육수를 부은 후 송송 썰은 실파와 통깨를 뿌려주세요. 조미김을 채썰어 곁들여도 맛있답니다 김치",['저칼로리'],한식,일반
Ufk1SvxPBRWi3nKsiW5mCeun,양배추비트물김치,무 1/3개 | 양배추 1/2통 | 쪽파 6대 | 굵은 소금 3큰술 | 홍고추 5개 | 사과 1개 | 파프리카 1개 | 양파 1/2개 | 마늘 60g | 비트 30g | 생강 10g | 물 1컵 | 물 9컵(1.8L) | 매실청 2큰술,"Step 1 무는 한입 크기로 나박하게 썰고 양배추는 겉잎을 떼어내고 무와 비슷한 크기로 썰어주세요. 쪽파는 4cm 길이로 잘라주세요. Step 2 무, 양배추를 볼에 담고 굵은 소금을 뿌려 30분간 절여주세요. Step 3 홍고추는 반을 갈라 씨를 빼주세요. 나머지 양념 재료도 적당한 크기로 잘라 함께 믹서에 갈아주세요. Step 4 국물 재료를 잘 섞은 후 STEP3를 망에 넣고 즙만 짜서 넣어주세요. Step 5 절인 무와 양배추는 체에 밭쳐 물기를 빼주세요. Step 6 김치통에 무, 양배추, 쪽파를 넣고 국물을 부은 후 하루 동안 실온에 두고 숙성해주세요. Step 7 TIP. 냉장 보관하고 먹기 직전에 돌나물과 사과를 썰어 곁들여주세요.",['고염'],한식,일반
AifPYKsiEaFdKvKMNuP8eKSu,아보카도연어오픈샌드위치,"곡물빵 2장  훈제연어 슬라이스 4줄  아보카도 1개  적양파 피클 약간  레몬 14개  달걀 2개,  루꼴라 약간  소금 약간  후춧가루 약간  파슬리 가루 약간  크러쉬드 레드페퍼 약간  올리브오일 약간  달걀 2개  물 1리터  식초 3큰술  소금 1큰술","Step 1 빵을 적당한 크기로 자른 후 달군팬에 노릇하게 구워주세요. Step 2 냄비에 물, 식초, 소금을 넣고 끓으면 달걀을 넣고 한방향으로 저어 23분 정도 익혀 수란을 만들고 체에 밭쳐 물기를 빼주세요. Step 3 아보카도는 반으로 가른 후, 씨를 빼고 껍질을 벗겨 0.5cm 두께로 슬라이스 해주세요. 레몬은 웨지모양으로 잘라주세요. Step 4 접시에 빵을 올린 후 올리브오일을 뿌려주세요. 아보카도를 보기 좋게 올린 후 연어를 얹어주세요. Step 5 수란을 얹은 후 한쪽에 적양파 피클과 루꼴라를 올리고 소금, 후춧가루,크러쉬드 레드페퍼, 파슬리 가루를 뿌려 완성해주세요. Step 6 레몬을 뿌린 후 맛있게 즐겨주세요.","['고단백', '고지방', '고염']",양식,일반
h8NwyK2bVzTup4M8QpBhWTSW,채식 배추된장국,배추 ⅓포기 | 무 100g | 대파 ½대 | 청양고추 ½개 | 홍고추 ½개 | 쌀뜨물 5컵 | 두부 ½모 | 다시마 (5cm 너비) 1장 | 된장 2큰술 | 다진 마늘 1작은술 | 고춧가루 1작은술,Step 1 무는 나박 썰고 대파와 고추는 어슷하게 썰어주세요. Step 2 두부는 깍뚝 썰어주세요. Step 3 끓는 물에 배추를 넣고 2분간 데쳐주세요. 데쳐진 배추는 12cm 길이로 잘라주세요. Step 4 냄비에 쌀뜨물과 무를 넣고 5분간 끓이다가 양념 재료와 데친 배추를 넣고 5분간 끓여주세요. tip. 다시마를 한 장 넣으면 더욱 감칠맛을 낼 수 있어요 Step 5 두부를 넣어주세요. Step 6 마지막에 대파와 고추를 넣어 한소끔 더 끓여 완성해주세요. tip 부족한 간은 소금으로 해주세요,"['고단백', '저칼로리', '고염']",한식,일반
zdcgFEr5MR5Ht5my8MDGuN6F,꼬막비빔밥,새꼬막 500g | 밥 2공기 | 참기름 약간 | 통깨 약간 | 양파 1/2개 | 쪽파 2줄기 | 홍고추 1/2개 | 청양고추 2개 | 부추 약간 | 고춧가루 1큰술 | 간장 2큰술 | 설탕 1큰술 | 다진 마늘 1/2큰술 | 생강가루 약간,Step 1 해감한 꼬막은 깨끗이 씻어 내열 용기에 담고 꼬막이 약간 잠길 만큼 물을 12컵 부어주세요. Step 2 법랑 접시 위에 석쇠를 놓고 내열 용기를 올려 올려 1단에 넣고 광파오븐 수동 요리 스팀 레인지에서 10분간 조리해 주세요. Step 3 양념 재료의 채소는 잘게 썰어 볼에 담고 양념장 재료를 넣고 섞어주세요. Step 4 꼬막의 껍데기를 떼어내고 살만 발라준 다음 양념장을 넣고 조물조물 무쳐주세요. Step 5 그릇에 밥을 담고 꼬막을 올린 다음 김 가루와 통깨를 올려 완성해주세요.,['저칼로리'],한식,일반
8P2XxCu5ik179P99NPmMSYE7,리스샐러드,바질 2줌 약 40g  방울토마토 15개 150g  모짜렐라 치즈 100g  그린 올리브 10알  올리브오일 3큰술  레몬즙 2큰술  소금 약간  후추 약간,"Step 1 접시에 바질을 리스모양으로 동그랗게 올려주세요. Step 2 바질에 방울토마토와 올리브를 올려주세요. Step 3 결대로 찢은 모짜렐라 치즈를 올려주고, 레몬즙에 올리브오일과 소금, 후추를 넣어 드레싱을 완성해 주세요. Step 4 먹기 직전 리스 샐러드에 드레싱을 뿌려 맛있게 즐겨주세요.","['저칼로리', '고지방', '고염']",다이어트,다이어트
UhqEFUR6SGqi7ZA43xDceqsr,표고버섯 파프리카 볶음,표고버섯 810개  양파 개  당근 개  파프리카 개  다진 마늘 1큰술  식용유 약간  통깨 약간  참기름 1큰술  간장 1큰술  채수 50mL  소금 약간  후춧가루 약간,"Step 1 표고버섯은 기둥을 떼어내고 0.5cm 두께로 슬라이스해 주세요. 기둥은 손으로 찢어주세요. Step 2 양파와 당근, 파프리카는 채를 썰어 주세요. Step 3 달군 팬에 기름을 약간 두르고 다진 마늘을 넣어 볶다가 당근과 양파를 넣어주세요. 양파가 투명해지면 표고버섯과 파프리카를 넣어 볶다가 양념 재료를 넣어 23분 정도 볶아주세요. Step 4 완성된 표고버섯 파프리카 볶음에 참기름을 두르고 통깨를 뿌려 맛있게 즐겨주세요.","['저칼로리', '고지방']",채식,채식
CPyxS5tW8UKA6N6rok7Wqzwi,낫또 김밥,시판 낫또 2팩 100g  우엉 2줄 300g  오이 1개  세발나물 두 줌 60g  현미밥 3공기  김밥용 김 4장  고추냉이 약간  간장 3큰술  맛술 2큰술  설탕 2큰술  올리고당 2큰술  물 컵  간장 1큰술  연겨자 약간  소금 작은술  참기름 1큰술,"Step 1 깨끗이 씻은 우엉은 껍질을 얇게 벗긴 후 채칼이나 칼로 가늘게 채를 썰어주세요. tip. 식촛물에 우엉을 1시간 정도 담가 두면 우엉의 아린 맛을 제거할 수 있어요 채칼을 사용하여 채를 썰게 되면 더욱 간단하답니다 Step 2 오이는 1cm 두께로 도톰하게 잘라주세요. 세발나물은 깨끗이 씻어 체에 밭쳐 물기를 빼주세요. Step 3 달군 팬에 오일을 약간 두른 후 우엉의 숨이 죽을 때까지 볶다가, 우엉 조림 재료를 넣어 물기가 없을 때까지 졸여주세요. 마지막에 참기름과 통깨를 살짝 뿌려주세요. tip. 올리고당은 거의 다 졸여졌을 때 넣어야 더욱 윤기도 나면서 쫀득한 식감으로 만들 수 있어요 Step 4 낫또에 낫또 양념 재료를 넣어 골고루 섞어주세요.볼에 밥과 밥 양념 재료를 넣어 골고루 섞어주세요. Step 5 김발에 김을 올리고 현미밥을 고르게 편 후 세발나물, 우엉, 오이, 낫또, 고추냉이를 적당량 올려 김밥을 말아주세요. Step 6 적당한 크기로 잘라주세요. Step 7 맛있게 즐겨주세요. 기호에 따라 김밥 위에 남은 낫또를 올린 후 쪽파와 깨 등을 올려 먹으면 더욱 비주얼도 좋고 맛있게 드실 수 있답니다","['저칼로리', '고지방', '고염']",채식,채식
Pjy1RQNA8kYUjvppJBSRCM9F,콩나물무침,콩나물 300g | 실파 2대 | 통깨 약간 | 다진 파 1작은술 | 다진 마늘 ½작은술 | 참기름 1큰술 | 깨소금 ½큰술 | 간장 (국간장) ½작은술 | 소금 한꼬집,"Step 1 콩나물은 다듬어 씻고, 실파는 2센치 길이로 썰어주세요. Step 2 냄비에 물 2컵과 약간의 소금을 넣고, 끓으면 콩나물을 넣은 후 뚜껑을 열고 2분 정도 삶아주세요. 콩나물을 찬물에 헹군 후 체에 건져 물기를 빼주세요. tip. 적은 양의 물에서 빠르게 조리하는 것이 비타민 손실을 막아주며 콩나물의 아삭한 식감을 살릴 수 있어요 Step 3 볼에 콩나물과 실파, 양념 재료를 넣어 조물조물 섞어주세요. 기호에 따라 고춧가루 12큰술을 넣어 만들면 매콤하게 드실 수 있답니다. Step 4 콩나물을 접시에 담고 통깨를 뿌려주세요.",['고염'],한식,일반
tg2DqpEVwGzQMS66bSehzAxQ,채식구절판,표고 2개 | 오이 1/2개 | 당근 1/2개 | 숙주 한 줌 | 애호박 1/4개 | 우엉 1토막 | 목이버섯 약간 | 소금 약간 | 식용유 약간 | 밀가루 1컵 | 물 1컵 | 소금 3꼬집 | 참기름 2방울 | 간장 1큰술 | 맛술 1큰술 | 설탕 1/2큰술 | 다진 마늘 1작은술 | 참기름 1큰술 | 후춧가루 약간 | 연겨자 1/2큰술 | 식초 5큰술 | 설탕 1큰술,"Step 1 목이버섯은 찬물에 담가 불린 후 물기를 짜고 곱게 채를 썰어주세요. Step 2 오이는 굵은 소금으로 닦은 후 4등분 하여 껍질을 얇게 돌려 깎고 채를 썰어주세요. Step 3 표고는 기둥을 떼고 가로로 편을 썬 다음 얇게 채를 썰어주세요. tip. 표고 기둥도 손으로 찢어 함께 사용해도 좋아요 Step 4 우엉, 애호박, 당근을 얇게 편을 썰고 곱게 채를 썰어주세요. Step 5 볼에 간장소스를 넣고 섞어 준비해주세요. Step 6 달군 팬에 기름을 약간 두른 후 표고오이애호박당근 순으로 볶아주세요. tip. 채소를 볶을 때 고운 소금을 한 꼬집씩 넣어 간을 해주세요 Step 7 달군 팬에 숙주 한 줌과 물 1컵을 넣고 숙주를 데친 후 접시에 덜고, 물이 자작한 상태에서 채를 썬 우엉과 간장소스  분량을 넣고 졸인 후 접시에 덜어주세요. Step 8 우엉을 볶은 팬에 목이버섯을 넣고 나머지 간장소스를 넣은 후 볶아주세요. Step 9 볼에 밀전병 재료를 넣고 섞은 후 잘 섞어주세요. tip. 전병 반죽에 치자가루나 식용 색소를 조금 섞어주면 다양한 색을 낼 수 있어요 Step 10 약한 불에서 팬에 기름을 두른 후 닦아내고 숟가락으로 밀전병 반죽을 한술 떠 팬에 붓고 둥글고 얇게 펼쳐 부쳐주세요. Step 11 접시에 준비한 재료를 둥글게 돌려 담고 가운데 전병을 올려 완성해주세요. tip. 밀전병 위에 허브나 잣 대추 등을 올려 꾸며주면 더욱 예뻐요","['저칼로리', '고지방', '고염']",한식,일반
JubndjhhffmS93z4L81HbswD,오이선,오이 1개 | 쇠고기(불고기용) 50g | 달걀 1개 | 홍고추 ½개 | 당근 ⅙개 | 간장 1작은술 | 설탕 ½작은술 | 다진파 1작은술 | 다진 마늘 ½작은술 | 참기름 1작은술 | 통깨 약간 | 후춧가루 약간 | 물 1컵 | 굵은 소금 ½큰술 | 연겨자 1작은술 | 간장 ½작은술 | 설탕 1큰술 | 식초 1큰술 | 물 1큰술,"Step 1 오이는 소금으로 비벼서 씻고 길이로 이등분하여 잘라주세요. 비스듬하게 0.5센치 정도 간격으로 일정하게 칼집을 세 번 내고 네 번째에 토막을 내어 잘라 소금물에 20분 정도 절여주세요. 절인 오이는 흐르는 물에 씻어 물기를 제거해주세요. Step 2 쇠고기는 곱게 채를 썰고 핏물을 제거한 후 고기 양념 재료에 10분 정도 재워 밑간을 해주세요. Step 3 홍고추와 당근은 4센치 길이로 곱게 채를 썰어주세요. 볼에 겨자 소스 재료를 고루 섞어 소스를 만들어 냉장고에 넣어 차게 준비해주세요. Step 4 달걀은 약간의 소금을 넣고 섞은 후 체에 내리고 약한 불에서 지단을 만들어 4센치 길이로 곱게 채를 썰어주세요. Step 5 달군 팬에 약간의 식용유 두른 후 물기를 제거 한 오이당근쇠고기 순으로 센 불에서 각각 볶아 식혀주세요. tip 센 불에서 빠르게 볶아야 야채의 색이 선명하게 유지돼요. Step 6 오이의 칼집을 넣은 사이사이에 볶은 당근, 지단, 쇠고기, 홍고추를 가지런하게 채운 후 겨자소스를 뿌려주세요.","['고단백', '저칼로리', '고염']",한식,일반
GisC1uEwLSveBdT396zFz3xY,들깨 미역 무솥밥,쌀 250g | 다시마육수 300ml | 건미역 10g | 무 100g | 양파 70g | 표고 3개 | 다진마늘 1큰술 | 다진 양파 1큰술 | 올리브오일 1큰술 | 들기름 1큰술 | 통깨 1큰술 | 들깨가루 2큰술 | 쯔유 1큰술 | 진간장 3큰술 | 물 1큰술 | 매실액 1큰술 | 통깨 (빻아서) 1큰술 | 참기름 1/2큰술,"Step 1 쌀은 깨끗이 씻어 물기를 빼고 30분 정도 불려주세요 미역은 물에 30분 정도 불린 후 흐르는 물에 34번 씻어 물기를 빼고 잘게 다져 준비해 주세요. Step 2 무는 얇게 깍뚝 썰어주세요. 양파는 잘게 다지고, 표고버섯도 얇게 썰어 준비해 주세요. Step 3 솥에 올리브오일을 두르고, 다진 마늘과 다진 양파, 미역, 쯔유를 넣고 약불에서 살짝 볶아주세요. Step 4 솥에 무, 불린쌀, 다시마 육수를 넣고 중불에서 끓여주세요. 끓기 시작하면 바닥까지 저어준 후, 들깨가루를 넣고 자른 버섯을 넣고 뚜껑을 닫고 약불에서 8분 정도 밥을 지어주세요. Step 5 분후 불을 끄고 10분정도 뜸 들여 주세요. 마지막에 들기름과 깨를 넣고 마무리 해 주세요. 곁들임 양념장과 함께 섞어 맛있게 즐겨주세요.","['저칼로리', '고지방']",한식,일반
4D2ykWoPKEfNCM3vHTej9tkA,도미찜,도미 1마리 | 대파 1대 | 청양고추 1개 | 홍고추 1개 | 생강 1톨 | 실고추(생략가능) 약간 | 생강즙 2큰술 | 맛술 2큰술 | 소금 약간 | 진간장 2큰술 | 물 3큰술 | 설탕 1큰술 | 다진마늘 1/2큰술 | 후춧가루 약간,"Step 1 도미의 비늘과 내장을 제거하고 깨끗이 씻어 등에 칼집을 내주세요. 도미에 밑간 재료를 뿌린 후 10분 정도 밑간을 해주세요. Step 2 대파와 청양고추, 홍고추는 5cm길이로 채를 썰고, 달걀은 흰자와 노른자를 분리하여 지단을 부친 뒤 얇게 채 썰어주세요. Step 3 찜기에 물과 생강을 넣고, 찜기 위에 파를 깔아준 후 도미와 고추를 올려 1520분 정도 쪄주세요. 달군 팬에 양념재료를 넣어 35분간 끓여주세요. Step 4 접시에 도미찜을 담고, 달걀 지단과 실고추를 보기 좋게 올려주세요. 양념을 끼얹어 내주세요. 양념을 뿌리지 않고 따로 그릇에 담아 찍어 드셔도 좋아요 Step 5 쫄깃한 식감과 담백한 맛이 일품인 도미를 즐겨보세요.","['고단백', '저칼로리']",한식,일반
uJrJcJ1CuD7Ldnfdv4hf68dC,비건 버터,캐슈넛 100g  물 100g  뉴트리셔널 이스트 2g  소금 24g  아가베 시럽 메이플 시럽으로 대체 가능 4g  애플 사이다 비네거 식초로 대체 가능 4g  정제 코코넛 오일 200g  포도씨 오일 40g,"Step 1 오일을 제외한 모든 재료를 믹서기에 넣고 곱게 갈아주세요. tip. 캐슈넛을 다른 재료와 함께 30분 정도 불리면 더 곱게 갈 수 있어요 tip. 뉴트리셔널 이스트란 영양 효모로, 치즈, 견과류와 비슷한 맛이 나서 비건 요리에 자주 사용하는 재료에요. Step 2 코코넛 오일과 포도씨 오일을 혼합해 조금씩 넣어가면서 약 1분간 갈아주세요. Step 3 용기에 담아 냉장 또는 냉동실에서 굳혀 주세요.  tip. 수증기가 맺힐 수 있으니 뚜껑을 연 상태로 굳혀 주세요  tip. 성능이 좋은 믹서기를 사용할수록 부드러운 질감의 버터를 만들 수 있어요",['고지방'],채식,채식
D7uVXYy4brqaPf7gcRQ7nQ7p,표고버섯탕수,표고버섯 8개  양파 12개  파인애플 14개  목이버섯 5개  청고추 1개  홍고추 1개  대파 14대  전분가루 3큰술  간장 2큰술  굴소스 1큰술  식초 3큰술  올리고당 2큰술  설탕 2큰술  물 13컵  전분가루 12컵  물 14컵  달걀흰자 1개  물 2큰술  전분가루 1큰술,"Step 1 표고버섯은 기둥을 떼어 4등분하고 파인애플과 양파, 목이버섯은 먹기 좋은 크기로 자르고 대파는 잘게 썰어주세요. 청고추와 홍고추는 링으로 썰어주세요. Step 2 표고버섯에 전분가루를 골고루 묻힌 후 튀김옷을 묻혀 170도의 기름에서 튀기고, 키친타월에 올려 기름기를 빼주세요.먹기 직전에 한 번 더 바삭하게 튀겨주세요 Step 3 냄비에 약간의 기름을 넣고 대파와 양파를 넣어 볶다가 소스 재료와 파인애플, 목이버섯를 넣고 끓여주세요. Step 4 소스가 바글바글 끓으면 녹말물을 넣고 골고루 저어주세요. 농도가 걸죽해지면 청고추와 홍고추를 넣고 불을 꺼주세요. Step 5 접시에 튀긴 표고버섯을 담고 소스를 곁들여주세요.","['저칼로리', '고지방']",중식,일반
vTtaenZvCEya1qhCimnZXch5,오이달래무침,오이 1개 | 달래 1/2단(100g) | 굵은소금 약간 | 통깨 약간 | 고춧가루 2큰술 | 멸치액젓 1큰술 | 식초 1큰술 | 설탕 1/2큰술 | 매실청 1큰술 | 다진마늘 1/2큰술 | 참기름 1작은술,"Step 1 달래는 뿌리 안쪽의 불순물과 지저분한 겉껍질을 떼어내고, 깨끗이 씻어 먹기 좋은 길이로 잘라주세요. Step 2 오이는 굵은 소금에 비벼 씻은 후 길게 4등분하고, 씨부분을 제거해 어슷하게 일정한 두께로 썰어주세요. Step 3 볼에 오이와 양념재료를 넣고 무친 후 달래를 넣어 가볍게 섞어주세요. Step 4 접시에 오이달래무침을 담고 통깨를 뿌려주세요.","['저칼로리', '고염']",한식,일반
965acUYaHCf3ERUHPrzPiD6a,광어 구이 아쿠아빠짜,"광어 마리  바지락 20개  아스파라거스 2줄기  방울토마토 5개  마늘 5개  화이트 와인 100ml  타임 5줄기  버터 1티스푼  엑스트라 버진 2티스푼  이태리 파슬리 5줄기  케이퍼 10알  적양파 20g  레몬 개  처빌 5장  소금, 후추 약간  올리브유 약간","Step 1 아스파라거스는 어슷 썰고 방울토마토는 반으로 썰고 적양파는 얇게 썰어 준비해 두세요. 팬에 올리브유를 두르고 마늘은 약불에 마늘 향을 내며 굽고 바지락을 넣어 볶아주세요. 이때 기름이 튈 수 있으니 파이 팬이나 뚜껑을 살짝 덮어주세요. 뚜껑을 덮은 상태에서 화이트 와인을 넣어주세요. Step 2 조개들이 살짝 잠길 정도로 물을 붓고 끓인 뒤 뚜껑을 열고 케이퍼, 토마토, 아스파라거스, 이태리 파슬리를 넣어 다시 끓여주세요. Step 3 다른 팬에 올리브유를 두르고 광어를 앞뒤로 구운 후 버터와 타임을 넣어 향을 더해주세요. Step 4 완성 만들어진 조개 스튜에 엑스트라 버진과 후추를 넣어 마무리하여 접시에 담고 구운 광어와 썰어 둔 적양파와 처빌을 곁들이면 완성이예요.",['고지방'],양식,일반
Ga33FSFo6VUiZeufi6RhgucE,호박범벅,단호박 (중간사이즈) 2개 | 강낭콩(또는 호랑이콩) 1컵 | 삶은 팥 1/3컵 | 찹쌀가루 3큰술 | 물 4컵 | 설탕 1큰술 | 소금 1/2작은술 | 찹쌀가루 1/2컵 | 뜨거운물 2+1/2큰술,"Step 1 단호박은 반으로 잘라 속을 파내고, 전자렌지에 2분 정도 돌려 껍질을 벗긴 후 잘게 잘라주세요. Step 2 냄비에 팥과 물을 넣고 10분 정도 끓이다가 끓인 물은 버리고, 다시 물을 넉넉히 부어 팥이 무르도록 40분 정도 삶아주세요. Step 3 냄비에 단호박과 물 2컵을 넣고 끓이고, 단호박이 무르게 삶아지면 주걱으로 으깨주세요. Step 4 강낭콩과 삶은 팥, 물 2컵을 넣고 5분 정도 끓이다가, 물 12컵과 찹쌀가루를 망울없이 섞은 것을 저어가며 넣어 끓여주세요. Step 5 익반죽한 새알심은 동그랗게 모양을 잡아 끓는 물에 넣고, 2분 정도 끓여 떠오르면 바로 찬물에 넣었다가 건져내주세요. Step 6 마지막에 새알심을 넣고 설탕과 소금으로 간을 맞춰주세요. 기호에 따라 설탕 또는 올리고당을 가감해 즐겨주셔도 좋아요","['고염', '고당']",한식,일반
wTBwbhy12CLRGGSShCVdnLqw,마파두부,두부 부침용 1모  다진 돼지고기 150g  양파 12개  홍고추 1개  청고추 1개  대파 13대  실파 1대  고추기름 2큰술  물 1컵  참기름 12큰술  맛술 2큰술  두반장 112큰술  간장 1큰술  고춧가루 12큰술  설탕 12큰술  다진마늘 12큰술  생강가루 14작은술  소금 약간  후추 약간  전분가루 2큰술  물 2큰술,"Step 1 두부는 2센치 크기로 썰어주세요. 끓는 물에 약간의 소금을 넣고, 두부를 넣어 1분 정도 데쳐주세요. Step 2 양파와 홍고추, 청고추는 잘게 자르고 대파, 실파는 송송 썰어주세요. Step 3 달군 팬에 고추기름을 두르고 대파, 홍고추, 양파를 넣어 볶아주세요. 다진 돼지고기와 양념재료를 넣고 볶다가 돼지고기가 익으면 청고추를 넣고, 물을 부어 2분 정도 더 끓여주세요. Step 4 국물이 끓어오르면 두부를 넣고, 녹말물을 조금씩 넣으면서 농도를 걸쭉하게 맞춰 주세요. 참기름을 두르고 불을 꺼주세요. Step 5 접시에 밥을 담고 마파두부를 올린 후, 송송 썬 실파를 뿌려주세요.","['고단백', '저칼로리', '고지방', '고염']",중식,일반
Wfw8wb9xB9QmcGorh33F4tXd,찹스테이크,쇠고기 등심 300g  파프리카빨간색 12개  양송이버섯 8개  오이고추 2개  마늘 3쪽  양파 12개  올리브유 약간  버터 1큰술  파슬리가루 약간  스테이크소스 4큰술  케첩 2큰술  굴소스 1큰술  머스터드소스 12큰술  다진 마늘 1작은술  소금. 후추 약간씩,"Step 1 쇠고기는 키친타올에 올려 핏물을 제거하고, 사방 3센치 크기로 자른 후 올리브유 1큰술과 마늘편, 약간의 소금, 후추를 뿌려서 5분 정도 재워주세요. Step 2 오이고추와 파프리카, 양파는 먹기 좋은 크기로 잘라주세요. 마늘은 편으로 썰고, 양송이버섯은 2등분해서 잘라주세요. 볼에 소스재료를 넣고 잘 섞어주세요. Step 3 팬에 버터 1큰술을 두르고, 마늘편과 고기를 넣어 고기의 겉면을 익히다가 손질한 야채를 넣고 1분 정도 볶은 후, 약간의 소금과 후추로 간을 해주세요. Step 4 소스를 넣어 골고루 섞어지면 불을 끄고 파슬리가루를 뿌려주세요.","['저칼로리', '고지방', '고염']",양식,일반
dYxnz6f3zPKb6JcjqmXBuLtx,달걀토마토 샐러드,삶은 달걀 2개  대추토마토 10개  블랙 올리브 4개  구운 호두 56개  새싹 채소 30g  홀그레인 머스터드 12큰술  식초 1과 12큰술  다진 양파 2작은술  꿀 2작은술  소금 약간  올리브유 1작은술,"Step 1 새싹 채소를 찬물에 담갔다가 건져 물기를 털어주세요. Step 2 블랙 올리브는 물에 담가 염분을 충분히 뺀 후 길이 방향으로 4등분 하여 잘라주세요. Step 3 대추토마토는 꼭지를 떼어 반으로 가르고, 삶은 달걀은 4등분 하여 잘라주세요. Step 4 드레싱 재료를 볼에 담아 골고루 섞어주세요. Step 5 그릇에 새싹 채소와 토마토, 삶은 달걀, 올리브를 넣어 가볍게 섞은 뒤 드레싱의 절반을 넣어 살짝 버무려주세요. TIP. 삶은 달걀을 버무리면 모양이 으스러지지만, 달걀 노른자의 고소함이 고루 퍼져 요리 맛을 더 좋게 합니다. 모양이 신경쓰인다면 삶은 달걀을 마지막에 그릇에 담으세요. Step 6 호두를 손으로 부수어 뿌린 뒤 남은 드레싱을 모두 부어주세요.","['고단백', '저칼로리']",양식,일반
jEE71yJ1WQmyUnbvxap3cz9P,야끼스파게티,스파게티면 130g  양배추 3잎  양파 12개  마늘 3쪽  베이컨슬라이스 4장  달걀 2개  페페론치니또는 건고추 2개12개  가츠오부시 1줌  올리브유 약간  굴소스 2큰술  간장 1큰술  맛술 1큰술  설탕 12큰술  케첩 12큰술  후춧가루 약간,"Step 1 베이컨과 양배추는 먹기 좋은 크기로 자르고, 양파는 채썰고 마늘은 편으로 썰어주세요. 페페론치니는 잘게 다져주세요. Step 2 끓는 물에 약간의 소금과 스파게티면을 넣어 6분 정도 삶은 후 체에 밭쳐 물기를 빼주세요. 물기를 뺀 면을 넓은 접시에 펼쳐 담고, 약간의 올리브유 넣어 버무려주세요 Step 3 팬에 기름을 두르고 달걀을 한쪽 면만 익혀 반숙으로 달걀후라이를 만들어주세요. Step 4 팬에 약간의 올리브유를 두르고 마늘편과 양파, 페페론치니를 넣고 1분 정도 볶아주세요. Step 5 양파가 반쯤 익으면 양배추와 베이컨을 넣고 볶다가, 소스와 삶은 스파게티면을 넣어 골고루 섞이도록 볶아주세요. Step 6 그릇에 야끼스파게티를 담고, 가츠오부스를 올린 후 반숙 달걀후라이를 얹어주세요. 기호에 따라 마늘칩 또는 채썬 김, 송송썬 실파를 곁들이셔도 좋답니다","['고단백', '고염']",일식,일반
igHQZbnU6qhjw3EBr2GLJAA7,해물파전,쪽파 두줌 | 굴 1/2컵 | 새우살 1/2컵 | 조갯살 1/2컵 | 오징어 1마리 | 달걀 1개 | 청양고추 1개 | 홍고추 1개 | 식용유 적당량 | 부침가루 2컵 | 해물 데친 물 2컵 | 간장 2큰술 | 맛술 1큰술 | 식초 1큰술,"Step 1 오징어는 껍질을 벗겨 잘게 자르고 새우살과 굴, 조갯살은 소금물에 흔들어 씻어주세요. Step 2 냄비에 물 2컵과 약간의 소금을 넣고, 끓어오르면 손질한 해물을 넣어 30초 정도 살짝 데쳐주세요. 해물을 데친 물은 버리지 말고, 따로 차게 식혀 준비해주세요. 반죽재료로 사용됩니다 Step 3 쪽파는 다듬어 깨끗이 씻은 후 쪽파의 머리부분이 굵으면 반으로 가르고, 프라이팬 길이에 맞게 잘라주세요. 홍고추, 청양고추는 어슷하게 썰어주세요. 프라이팬 Step 4 볼에 반죽재료를 넣어 섞고, 달걀은 약간의 소금을 넣고 풀어 달걀물을 만들어주세요 Step 5 달군 팬에 기름을 넉넉히 두르고, 반죽을 한 국자 올려 둥글게 펴주세요. 그 위에 쪽파를 가지런히 펼쳐 얹고, 해물을 올린 후 반죽을 살짝 뿌려주세요. Step 6 앞, 뒤를 노릇노릇하게 지져내고 한 면에 청양고추와 홍고추, 계란물을 올리고 뒤집어 익힌 후 불을 꺼주세요. Step 7 접시에 해물파전을 담고 전간장을 곁들여 주세요. 간장 재료에 송송썰은 청양고추와 잘게 썰은 양파를 섞어주셔도 좋아요","['고단백', '고지방', '고염']",한식,일반
8Fm4pqRKt1zfvYQqZCURaCJm,식혜,엿기름 3컵 | 물 15컵 | 쌀(멥쌀) 2컵 | 설탕 1+1/2컵 | 생강 1톨(30g) | 잣(생략가능) 약간 | 대추(생략가능) 1개,"Step 1 엿기름에 미지근한 물 10컵을 붓고 1시간 정도 불렸다가 엿기름을 바락바락 주물러서 뿌연 엿기름 물을 만들어 체에 걸러 따라 내고 엿기름에 다시 물 5컵을 부어 주물러서 남은 엿기름 물을 체에 걸러 빼주세요. Step 2 엿기름 물이 모두 모아지면 물을 고운 체에 한번 더 거르고 30분 정도 가만히 두어 앙금을 가라앉혀 주세요. Step 3 쌀을 씻고 물 2컵을 붓고 전기밥솥에 고두밥을 지어주세요. Step 4 고두밥에 가라앉은 앙금이 들어가지 않게 엿기름 물의 맑은 윗물을 따라 부은 후 고루 섞고 밥솥을 보온으로 하고 60도에서 4시간 정도 밥알을 삭혀주세요. 보온밥솥에 다 넣지 못한 남은 엿기름 물은 따로 준비해주세요. Step 5 밥알이 510알 정도 떠오르면, 밥알의 일부는 건져 단물이 빠지도록 찬물에 헹구어 당분을 빼고 생수에 담가 냉장 보관해주세요. 약간의 삭힌 밥알을 미리 건져 찬물에 헹군 후 생수에 담가 냉장보관하고 먹기 직전에 식혜에 넣으면 밥알이 동동 뜨는 식혜를 만들 수 있답니다. Step 6 큰 냄비에 옮겨 담고 남은 엿기름의 윗물을 붓고 설탕과 생강을 편으로 썰어 넣은 후 끓기 시작하면 불을 중약불로 줄여 10분 정도 거품을 걷어가며 끓여주세요. 설탕은 기호에 따라 가감해서 당도를 조절해주세요. Step 7 완성된 식혜는 생강을 건지고 차게 식힌 후 그릇에 담고 기호에 맞게 밥알과 잣, 대추 등을 고명으로 띄워주세요.","['고지방', '고당']",한식,일반
G8T3giBySXH4vh2QMBxRGkVh,피자컵떡볶이,떡볶이 떡 450g  옥수수통조림 100g  베이컨 100g  토르티야 2장  피자치즈 100g  파슬리가루 약간  다진 양파 12개  다진 마늘 2큰술  토마토소스 7큰술  올리고당 4큰술  고추장 1큰술,"Step 1 기름을 두른 팬에 다진 마늘과 다진 양파를 넣고 볶다가 향이 올라오면 토마토소스, 올리고당, 고추장을넣어주세요. 냄비에 물을 넣고 끓으면 떡을 살짝 데쳐서 부드럽게 만들어주세요. 양념에 떡과 베이컨을 넣고 간이 배도록 조려 떡볶이를 만들어주세요. Step 2 평평한 곳에 토르티야를 놓고 동그란 틀이나 그릇을 이용하여 작은 원 모양으로 찍어주세요 Step 3 찍어낸 토르티야를 머핀 틀에 넣어 컵 모양으로 깔고 떡볶이, 옥수수, 피자치즈 순으로 올려 채워주세요. Step 4 파슬리가루를 살짝 뿌리고 180도로 예열한 오븐에 1015분간 구워주세요. Step 5 예쁜 접시에 담아 마무리해주세요.","['고지방', '고염']",양식,일반
3nrrdrCwqmBN9b6j7PEBf9cu,채식 짜장면,양파 3개  대파 대  다진 마늘 1큰술  춘장 6큰술  생강가루 큰술  식용유 6큰술  중화면 34인분  설탕 2큰술  소금 약간  후춧가루 약간  표고버섯 불린 물 컵  오이 개  물 2큰술  전분 1큰술,"Step 1 양파는 깍둑썰고, 대파는 송송 썰어주세요. 오이는 채를 썰어 준비해주세요. Step 2 웍 팬에 식용유와 춘장을 넣고 3분간 볶아주세요. 볶은 춘장은 따로 덜어주세요. tip. 춘장을 볶으면 떫은맛을 제거할 수 있어요. 춘장에서 고소한 냄새가 나면 완성이에요 Step 3 춘장을 볶은 기름에 다진 마늘과 대파를 넣고 볶아 향을 낸 후 양파를 넣고 2분간 볶아주세요. Step 4 양파에 볶은 춘장과 후춧가루, 생강가루, 설탕을 넣고 표고 불린 물을 조금씩 추가하며 볶아주세요. tip. 건표고 45개에 물 2컵을 넣고 하루정도 불려 준비해주세요 Step 5 전분 물을 넣고 저어 짜장 소스를 완성해주세요. Step 6 끓는 물에 면을 넣고 8분간 삶은 후 흐르는 물에 헹궈 전분기를 빼주세요. Step 7 그릇에 삶은 면과 짜장 소스를 담고 채를 썬 오이를 올려 맛있게 즐겨주세요. tip. 면이 너무 차갑지 않도록 마지막에 뜨거운 물로 헹궈주세요","['저칼로리', '고지방', '고당']",중식,일반
ewjgE7Wm4SZ7SzNMPHFv29Ln,치미추리 스테이크,스테이크용 소고기 300g  생파슬리 50g  마늘 45알  소금 1작은술  레드페퍼 약간  레드와인 식초 일반 식초로 대체 가능 2큰술  올리고당 2큰술  레몬즙 1큰술  레몬 제스트 생략 가능 약간  올리브오일 컵  후춧가루 약간,"Step 1 스테이크용 고기는 굽기 전 실온에 꺼내 소금, 후추를 넉넉히 뿌리고 올리브오일을 약간 발라 주세요. Step 2 파슬리는 줄기를 잘라내고 잎을 굵게 다져주세요. 마늘은 잘게 다져주세요. Step 3 볼에 다진 파슬리와 마늘을 넣고 소금, 식초, 올리브오일, 레몬즙, 레몬 제스트, 레드페퍼, 후춧가루를 넣어 섞어주세요. tip. 고수, 바질, 민트 등의 허브를 섞으면 더욱더 다채로운 향미를 즐길 수 있어요 Step 4 달군 팬에 스테이크를 넣어 앞뒤로 3분 정도 구워주세요. 구운 스테이크를 먹기 좋게 썰어 접시에 담아주세요. Step 5 만들어둔 치미추리 소스를 얹어 맛있게 즐겨주세요. 소스는 냉장고에서 3일 정도 숙성 후 먹으면 더욱더 좋아요","['고지방', '고염']",양식,일반
3uUyFxMzG36tZwKVEtJGeMci,포항초 샐러드,포항초 두 줌  적양파 14개  석류 약간  간장 2큰술  식초 1큰술  올리고당 1큰술  설탕 12큰술  레몬즙 12작은술  고춧가루 14작은술  다진 마늘 14작은술,"Step 1 포항초는 깨끗이 씻어 물기를 제거하고 연한 잎을 떼어내어 사용합니다. 적양파를 얇게 채 썰어주세요. 손질하고 남은 포항초의 줄기와 겉잎은 국에 넣거나 데친 후에 양념을 무쳐 나물 반찬으로 만들어도 좋아요. Step 2 석류는 23등분하고 알맹이만 떼어냅니다. Step 3 포항초, 적양파, 석류알을 그릇에 담고 드레싱 재료를 잘 섞어 뿌려주세요. 포항초는 참나물 또는 영양부추로 대체할 수 있어요.",['일반'],다이어트,다이어트
47RcdRamcCncByKMrakupdx5,황진선 고추기름,식용유 800ml  굵은 고춧가루 100g  대파잎 부분 23대  생강 12톨  팔각 2개  산초 1작은술  베트남 고추 2g  소금 1작은술  물 약간,"Step 1 대파의 파란 부분은 적당한 크기로 썰어주세요. 생강은 편으로 썰어주세요 Step 2 팬에 식용유를 붓고 센 불로 끓여주세요. 손질한 생강, 대파, 양파, 팔각을 넣은 후 서서히 온도가 오르게 끓여 주세요. 뽀글뽀글 소리가 나기 시작하면 그때 불의 온도를 약불로 낮춰주세요. tip. 불의 세기는 중불에서 시작해 주세요. 기름은 온도가 올라갈수록 아지랑이가 피어오르고 뽀글뽀글 소리가 난답니다. 물이 끓는 것과 다르게 조용하기 때문에 옆에서 꼭 지켜봐주세요 tip. 온도를 서서히 올려야 재료 본연의 맛이 잘 담긴답니다 tip. 양파 겉에 질긴 껍질, 샐러리 잎, 마늘 꼭지 부분을 활용해도 좋아요 tip. 팔각은 생략해도 좋아요 Step 3 베트남 고추, 산초를 넣어주세요. tip. 베트남 고추, 산초는 생략해도 좋아요 tip. 베트남 고추 대신 청양 고춧가루, 베트남 고춧가루로 대체해도 좋아요 Step 4 큰 볼에 고춧가루, 물을 넣고 고춧가루가 뭉치지 않도록 잘 풀어 준비해 주세요. tip. 볼은 내열용기나 스텐 재질을 사용해주세요 tip. 고춧가루에 기름을 바로 부으면 탈 수 있기 때문에 필요한 과정이에요 Step 5 재료의 색이 초록색에서 갈색으로 변하면서 거뭇하게 튀겨지면 모든 재료를 건져주세요. tip. 재료를 건질 때 뜨거운 기름이 묻어 튈 수 있으니 조심해 주세요. 물이 있는 볼이나 싱크대에 부어 버려주세요 Step 6 고춧가루를 풀어 준비한 볼에 고추기름을 한 국자씩 조심히 부어 완성해 주세요. tip. 채반으로 거른 고춧가루는 많이 타지 않았을 경우 만두 소로 사용하거나 밥에 비벼 먹으면 맛있어요 tip. 고추기름은 냉장고에 보관한 후 최대한 빠르게 섭취 하는게 좋아요",['고지방'],중식,일반
msD1T4Mx6BtBdXyXG3XJAWDR,훈제오리무쌈말이,"훈제오리 300g | 쌈무 1팩 | 오이 ½개 | 레드양파 ⅓개 | 크래미 맛살 2개 | 파프리카 (빨강, 주황) ½개씩 | 알파파 (또는 무순) 약간 | 깻잎 1묶음 | 황도 1쪽 (생략가능) | 스위트칠리 소스 (시판) 약간 | 연겨자 ½큰술 | 설탕 1+½큰술 | 올리고당 1큰술 | 간장 1작은술 | 다진 마늘 ½작은술 | 통깨 약간","Step 1 오이와 파프리카는 6cm길이로 자른 후 채를 썰어주세요. 크래미와 황도는 길이대로 먹기좋게 자르고 레드양파는 얇게 채를 썰고 찬물에 담갔다가 물기를 제거해주세요. 깻잎과 알파파또는 무순는 물에 깨끗이 씻어 물기를 빼주세요. Step 2 볼에 소스 재료를 넣고 고루 섞어주세요. Step 3 달군 팬에 훈제오리를 넣고 노릇하게 구운 후 키친타올에 올려 기름기를 빼 주세요. Step 4 물기를 살짝 제거한 쌈무에 반으로 자른 깻잎을 올리고 크래미, 채썬 야채, 황도, 무순, 알파파, 훈제오리 적당량 올린 후 부채꼴 모양으로 말아주세요. Step 5 접시에 훈제오리 무쌈말이를 담고 겨자 소스를 곁들여 주세요.","['저칼로리', '고지방']",한식,일반
EWqDs9WBNe2VcVJMP8AwGLEz,참치타다키,냉동참치 1토막100g  어린잎채소 한 줌  라임 또는 레몬 1개  래디사 약간  올리브오일 약간  통깨 약간  소금. 후추 약간씩  올리브오일 2큰술  다진 사과 1큰술  홀그레인머스터드 1큰술  식초 1큰술  소금 12작은술  후추 약간  라임즙 또는 레몬즙 약간,"Step 1 볼에 찬물과 소금 1큰술을 넣고 냉동참치를 1분 정도 담갔다 키친타월이나 면포에 싸서 냉장실에서 30분간 해동해주세요. Step 2 참치에 올리브오일과 소금을 골고루 발라 밑간을 해두세요. 통깨, 후추를 섞어 넓은 그릇에 담고 참치를 올려주세요. Step 3 참치를 굴려가며 통깨, 후추를 골고루 묻혀주세요. Step 4 달군 팬에 올리브오일을 두른 후 참치를 올리고 한 면당 10초 정도씩 돌려가며 구워주세요. Step 5 어린잎채소는 찬물에 담갔다 물기를 제거하고 라임과 래디시는 얇게 슬라이스해주세요. 참치를 먹기 좋은 크기로 잘라 어린잎채소와 함께 그릇에 담아주세요. Step 6 라임, 래디시로 장식하고 드레싱 재료를 잘 섞어 먹기 전에 뿌려주세요. Step 7 완성된 요리를 그릇에 담아 마무리해주세요.","['고단백', '고염']",일식,일반
Cu4eKVgvYy9uxAMd7E9pzC9A,간장비빔국수,오이 1/2개 | 다진쇠고기 80g | 어린잎채소 한줌 | 청양고추 1개 | 소면 200g | 통깨 약간 | 진간장 1/2큰술 | 설탕 1작은술 | 다진마늘 1/2작은술 | 참기름 1/2큰술 | 후춧가루 약간 | 진간장 2+1/2큰술 | 올리고당 1큰술 | 참기름 2큰술,"Step 1 오이는 가늘게 채를 썰어 약간의 소금을 뿌려 절인 후 물기를 빼주세요. 청고추는 링으로 썰고, 어린잎채소는 찬물에 담갔다가 물기를 빼주세요. Step 2 쇠고기는 키친타월에 올려 핏물을 뺀 후 고기양념에 재워주세요. 볼에 국수 양념재료를 모두 넣어 섞어주세요. Step 3 달군 팬에 약간의 기름을 두르고 쇠고기를 볶아주세요. Step 4 끓는물에 소면을 펼쳐 넣은 후 젓가락으로 면끼리 달라붙지 않도록 저어주고, 물이 끓어오르면 찬물 반 컵을 23회 반복해서 부어 국수를 삶아주세요. 흐르는 찬물에 소면을 여러 번 씻어 전분기를 없애고 체에 밭쳐 물기를 빼주세요. Step 5 볼에 삶은 국수와 국수양념재료, 볶은 쇠고기를 넣고 골고루 섞어주세요. Step 6 그릇에 간장비빔국수를 담고 오이채, 청고추, 어린잎새싹을 순서에 맞게 먹음직스럽게 올려담아 주세요. Step 7 통깨를 뿌려 마무리하고, 맛있게 즐겨주세요.","['저칼로리', '고지방', '고염']",한식,일반
w7kqKj3AftPof3VXh3yVykvn,시금치프리타타,시금치 한줌60g  베이컨 3줄  양파 12개  방울토마토 5알  버터 2큰술  슈레드모짜렐라치즈 1컵  그라나파다노 치즈 약간생략가능  달걀 4개  우유 12컵  소금 약간  후춧가루 약간,Step 1 볼에 달걀물재료를 넣어 섞고 체에 내려주세요. Step 2 시금치는 깨끗이 씻고 뿌리부분은 제거한 후 적당한 크기로 자르고 방울토마토는 길이로 반을 갈라 썰어주세요. 양파는 채를 썰고 베이컨은 한입크기로 썰어주세요. Step 3 달군 팬에 버터를 넣고 양파와 베이컨을 넣어 볶다가 시금치를 넣고 살짝 숨이 죽이면 불을 꺼주세요. Step 4 볶은 재료에 달걀물을 붓고 방울토마토를 얹은 후 슈레드모짜렐라치즈을 올리고 190도 예열한 오븐에 1520분정도 구워주세요. 익은 정도는 이쑤시개로 찔러 달걀물이 묻어 나오지 않을때까지 구워주시면 돼요. Step 5 시금치 프리타타에 갈은 그라나파다노 치즈를 뿌려주세요. tip 오븐을 이용하지 않고 팬에서 익힐때는 약한불에서 달걀이 반쯤 익을 때까지 저어두며 익히다가 치즈를 얹고 뚜껑을 덮은 후 치즈가 녹을 때까지 은근히 익혀주세요.,"['고단백', '고지방']",양식,일반
8Ksd98MzZJG9VcCFjHhCkf65,코다리강정,코다리 2마리 | 전분가루(옥수수전분) 1컵 | 페페론치노(또는 건고추) 8개(2개) | 실파 2줄기 | 통깨 약간 | 식용유 적당량 | 맛술 2큰술 | 소금 약간 | 후춧가루 약간 | 고추장 1큰술 | 간장 1큰술 | 굴소스 1큰술 | 물엿 2큰술 | 설탕 1큰술 | 참기름 1/2큰술 | 다진마늘 1/2큰술 | 생강가루 한꼬집 | 물 1/3컵,"Step 1 코다리는 대가리와 꼬리, 지느러미, 내장을 제거하고 씻은 후 3센치 길이로 토막내어 밑간 재료에 20분간 재워주세요. Step 2 페페론치노는 반으로 자르고, 실파는 송송 썰어주세요. Step 3 코다리에 전분가루를 고루 묻히고 170도의 기름에 튀겨 건져내고 센 불에서 한번 더 튀겨 바삭하게 준비해 주세요. Step 4 팬에 강정소스와 페페론치노를 넣고 바글바글 끓으면 중약불로 줄인 후 튀긴 코다리를 넣어 강정소스가 고루 베이도록 섞어주세요. Step 5 접시에 코다리강정을 담고 송송 썬 실파와 통깨를 뿌려주세요.",['고지방'],한식,일반
Zj9vbCLzQegH8KK7qRqabD4d,발사믹 양파 구이,양파 4개  로즈마리 생략 가능 약간  녹인 버터 3큰술  올리브오일 2큰술  발사믹 식초 컵  설탕 1큰술  소금 작은술  후춧가루 약간,Step 1 양파는 껍질을 벗긴 후 반으로 잘라주세요. 저희는 작은 양파 6개를 사용해서 만들었어요 Step 2 볼에 소스 재료를 넣어 섞어주세요. Step 3 오븐 팬에 소스를 넣고 양파를 한번 버무려 로즈마리와 함께 올려주세요. 쿠킹포일로 덮은 후 190도로 예열한 오븐에서 20분 정도 구워주세요. 오븐 Step 4 양파를 뒤집어서 2025분 정도 더 구워주세요. Step 5 기호에 따라 빵에 곁들여 맛있게 즐겨주세요. 빵에 크림치즈를 바른 후 발사믹 양파구이를 올려 드시면 더욱 맛있게 드실 수 있답니다,['고지방'],양식,일반
gM1FTmQHpctgHpWqjnL5Ny78,석류레몬샷,석류 3개  레몬 2개,Step 1 석류와 레몬을 깨끗이 씻어주세요. Step 2 석류와 레몬은 필러로 겉 껍질을 벗겨주세요. Step 3 휴롬 착즙기에 손질한 석류와 레몬을 넣고 착즙해 주세요. tip. 흰껍질도 같이 사용해도 괜찮아요 tip. 착즙 후 남은 퍼프를 잘 말리면 티로 우려 마실 수 있어요 Step 4 병에 담아 냉장 보관하고 하루에 100ml씩 섭취해주세요.,['일반'],채식,채식
ruXLjmtf8gJ5hz3NJdshHSaF,버섯 오믈렛,표고버섯 3개40g  만다리버섯 50g  달걀 3개  소금 약간  후춧가루 약간  올리브오일 1큰술  파마산 치즈 약간  다진 파슬리 약간,"Step 1 만다리버섯은 밑동의 이물질을 가볍게 털어내고 표고와 양송이는 4등분해 주세요. tip. 양송이, 느타리 등의 버섯으로 대체할 수 있어요 양송이 Step 2 볼에 달걀을 넣고 소금을 넣고 풀어주세요. Step 3 팬에 올리브오일을 두르고 버섯을 넣고 소금으로 간을 해 7단에서 2분 30초간 볶아주세요. 볶은 버섯은 접시에 덜어주세요. Step 4 버섯을 볶은 팬에 달걀물을 붓고 3단에서 젓가락으로 풀어가며 1분 30초간 익혀주세요. Step 5 단에서 뚜껑을 덮어 1분간 익힌 후 인덕션에서 내려 5분 뜸을 들여주세요. Step 6 넓은 접시에 달걀을 놓고 파마산 치즈를 갈아서 뿌린 후 볶아둔 버섯을 넣고 반으로 접어주세요. Step 7 다진 파슬리와 후춧가루를 뿌려 맛있게 즐겨주세요. tip. 기호에 따라 채소나 베이컨 등을 곁들여 즐겨도 좋아요","['고단백', '저칼로리', '고지방', '고염']",양식,일반
k3J7GP6EUg4FiAkPiRAWCEWu,파채불고기,소고기(설도) 300g | 양파 80g | 당근 30g | 대파 100g | 배 ½개 | 진간장 5큰술 | 국간장 1큰술 | 올리고당 1큰술 | 후추 1작은술 | 설탕 2큰술 | 다진 마늘 1큰술 | 맛술 1큰술,"Step 1 소고기는 물에 30분 정도 담가 핏물을 제거해주세요. Tip. 불고기용 소고기는 얇아서 오랫동안 핏물을 빼지 않아도 된답니다 Step 2 양파, 당근은 채 썰고 대파는 길이 78cm, 두께 0.5cm 크기로 채 썰어주세요. Step 3 배는 껍질을 벗기고 믹서에 곱게 간 뒤 소고기에 넣어주세요. Tip. 혹시 배가 없다면 배 음료 80g을 넣어주세요. 음료 Step 4 진간장, 국간장을 넣고 골고루 섞어주세요. Step 5 순서 4에 올리고당, 후추, 설탕, 마늘, 맛술을 넣고 잘 버무린 뒤 냉장고에서 30분 정도 숙성시키고 꺼내 기름을 두르지 않은 팬에 넣고 센불로 5분 정도 볶아주세요. Tip. 센불에서 빠르게 익히는 게 중요하고 너무 자주 뒤섞지 않는 게 좋아요 Step 6 양파, 당근을 넣고 당근이 익을 때까지 2분 정도 볶아주세요. Step 7 완성 볶은 불고기 위에 채 썬 대파를 올려서 맛있게 즐겨보세요 불고기","['고단백', '고지방', '고염', '고당']",한식,일반
3F6tu4d3UHzyAFBJhq6biJsS,시금치 통닭,닭 1마리800g  시금치 300g  밥 1공기  감자 1개  다진 마늘 2큰술  페페론치노 4개  버터 2큰술  소금 1작은술  올리브오일 2큰술  후춧가루 약간,"Step 1 감자는 껍질째 깨끗이 씻어 4등분해 주세요. 닭은 반으로 쪼갠 후 흐르는 물에 씻어주세요. 감자와 닭에 밑간 재료를 섞어 발라주세요. Step 2 법랑 접시에 석쇠를 놓고 밑간한 닭과 감자를 올린 후 3단에 넣고 광파오븐 자동 요리 에어프라이에서 프라이드 치킨 0.6kg를 선택한 후 조리해 주세요. 조리가 시작되면 조절 기능으로 17분 추가해 주세요. 도중에 멜로디가 울리면 닭고기를 뒤집은 후 계속 조리해 주세요. tip. 오븐으로 전송버튼을 누르면 시간을 조절 할 필요 없이 간단하게 설정할 수 있어요 Step 3 달군 팬에 버터 1큰술과 다진 마늘 1큰술을 넣어 볶다가 시금치, 페페론치노를 넣고 볶아주세요. 시금치가 반쯤 볶아졌을 때 소금 2꼬집과 후춧가루로 간을 해주세요. Step 4 달군 팬에 버터와 다진 마늘을 넣고 볶은 후 밥을 넣고 볶다가 소금 한 꼬집과 후춧가루로 간을 해주세요. 볶은 밥을 꾹꾹 눌러 아래 면을 노릇하게 구워주세요. Step 5 넓은 접시에 눌린 밥을 깔고 볶은 시금치, 구운 닭과 감자를 올린 후 맛있게 즐겨주세요.","['고지방', '고염']",양식,일반
XxhG6ytmaxWe6oog2c9EucWn,애호박전 모음,애호박 1개 | 돼지고기 갈은 것 30g | 두부 1/4모 | 양파 1/4개 | 당근 1/5개 | 다진마늘 1/2작은술 | 다진파 1/2작은술 | 달걀 2개 | 부침가루 4큰술 | 소금 1/2작은술 | 후춧가루 약간 | 식용유 약간 | 애호박 2/3개 | 당근 1/4개 | 부침가루 1/2컵 | 찬물 1/2컵 | 달걀 1개 | 홍고추 1개 | 쑥갓 약간 | 소금 약간,"Step 1 애호박 동그랑땡 깨끗이 씻은 애호박은 0.5cm두께로 썰고, 작은 틀이나 뚜껑 등으로 애호박 속을 찍어 파내어주세요. 2. 파내어진 애호박 속부분과 양파, 당근은 잘게 다져주세요. 두부는 면보자기에 넣어 물기를 짜주세요. 3. 볼에 돼지고기 갈은 것과 잘게 다진 야채와 두부, 다진마늘, 다진파, 소금, 후춧가루를 넣어 골고루 섞어주세요. 4. 동그랗게 파내어진 애호박 속을 동그랑땡소로 채워주세요. 5. 애호박동그랑땡에 부침가루를 묻히고, 풀어놓은 달걀물에 담갔다가 건져주세요. 6. 달군팬에 약간의 기름을 두르고, 애호박동그랑땡을 올려 노릇하게 익혀주세요. 다진 Step 2 애호박채전 깨끗이 씻은 애호박, 당근, 양파를 채썰어주세요. 2. 볼에 채썬 야채들과 부침가루, 물, 달걀, 소금을 넣어 골고루 섞어주세요. Tip 찬물로 반죽을 해야 더 바삭하게 드실 수 있어요 3. 달군 팬에 넉넉하게 기름을 두르고, 수저로 반죽을 올린 후 동그랗게 모양을 잡아 노릇하게 부쳐주세요. 4. 접시에 애호박채전을 담고 초간장을 곁들여주세요. 초간장 재료 간장 1큰술, 식초12큰술, 물 2큰술, 청양고추 1개 Step 3 애호박전 애호박은 깨끗이 씻어서 0.5cm두께로 썰어주세요. 홍고추는 어슷썰기 해주세요. 2. 썰어놓은 애호박에 소금을 골고루 뿌리고, 약 5분 후 애호박에 생긴 물기를 닦아주세요. 3. 애호박에 부침가루를 묻히고 풀어놓은 달걀물에 담갔다가 건져주세요. 4. 달군팬에 약간의 기름을 두르고 애호박을 올린 후, 썰어 둔 홍고추와 쑥갓을 얹어 앞뒤로 약불에서 노릇하게 익혀주세요. Step 4 완성 다양한 맛과 매력이 있는 애호박전을 맛있게 즐겨주세요.","['고단백', '저칼로리', '고지방', '고염']",한식,일반
d7qPTvFoqyBB37kXvWkbXREm,냉이 바지락 솥밥,쌀 2컵 | 바지락 800g | 냉이 한 줌 (100g) | 홍고추 1개 | 간장 ½큰술 | 참기름 1큰술 | 물 2컵 | 청주 2큰술 | 간장 3큰술 | 맛술 1큰술 | 올리고당 1작은술 | 고춧가루 1작은술 | 다진 마늘 ½작은술 | 통깨 약간,Step 1 해감한 바지락은 바락바락 비벼 씻어주세요. 물이 끓어오르면 청주 2큰술을 넣어 데친 후 바지락살과 껍질을 분리해주세요. 바지락 삶은 물은 면 보자기에 걸러 육수로 준비해 주세요. tip. 해감이 안 된 바지락은 비벼 씻고 물 1L에 소금 1큰술을 넣고 바지락을 담군 후 검은 비닐을 씌워 1시간 이상 해감해 주세요. Step 2 냉이는 다듬어 깨끗이 씻고 끓는 물에 약간의 소금을 넣어 데친 후 먹기 좋은 크기로 잘라주세요. 홍고추는 잘게 잘라 양념간장 재료에 넣고 섞어주세요. Step 3 솥에 참기름을 두르고 불린 쌀과 간장을 넣어 볶다가 바지락 육수 2컵을 부은 후 뚜껑을 닫고 센불에서 끓여주세요. 밥물이 끓기 시작하면 불을 중약불로 줄여 10분 정도 끓여주세요. 쌀은 깨끗이 씻어 30분 정도 불려 사용해주세요. Step 4 밥물이 잦아들면 냉이와 바지락살을 올리고 10분 정도 약한 불에서 익혀주세요. Step 5 불을 끄고 5분 정도 뜸을 들인 후 주걱으로 위 아래 가볍게 섞고 양념 간장을 곁들여 맛있게 즐겨주세요.,"['고지방', '고염']",한식,일반
roE6Y46GuNMCxMmVtZgz2BdW,채식 백김치,배추 ¾개 (700g) | 무 ¼개 (400g) | 쪽파 한 줌 (100g) | 파프리카 (생략 가능) 1개 | 배 ½개 | 사과 ½개 | 마늘 3쪽 | 생강 1쪽 | 굵은 소금 4큰술 | 물 1L | 다시마 (10*10cm) 1장 | 찹쌀가루 1큰술 | 다시마 물 1컵,"Step 1 배추의 밑동에 칼집을 넣어 사 등분 한 후 깨끗이 씻어 한입 크기로 썰어주세요. 무는 나박 썰어주세요. tip. 배추의 심지는 얇게 저며 함께 절여주세요 Step 2 배추와 무에 굵은 소금 2큰술을 뿌려 20분 정도 살짝 숨이 죽을 정도로 절여주세요. Step 3 냄비에 물과 다시마를 넣어 팔팔 끓인 후 다시마는 건져낸 후 식혀주세요. Step 4 냄비에 찹쌀풀 재료를 넣고 잘 섞어준 후 중약불에서 저어가며 끓이다가 묽고 끈적한 농도가 나면 불을 끄고 식혀주세요. Step 5 파프리카는 씨를 빼고 얇게 채를 썰어주세요. 배와 사과는 껍질째 나박 썰어주세요. 쪽파는 4cm 길이로 썰어주세요. 마늘과 생강은 편썰어주세요. Step 6 볼에 굵은 소금 2큰술과 식힌 다시마 물과 찹쌀풀을 넣고 섞어 국물을 만들어 주세요. Step 7 소독한 유리병에 절인 배추와 무, 배와 사과, 마늘, 생강, 파프리카를 켜켜이 넣은 후 국물을 부어주세요. Step 8 실온에서 하루 정도 숙성시킨 후 냉장고에 넣어주세요. tip. 12달 이내로 드시는 것이 좋아요",['고염'],한식,일반
w7jQF1t6CfVWX2HFDzByPjJd,찹쌀 탕수육,돼지고기 등심 250g  식용유 1작은술  다진 생강 작은술  튀김기름 4컵  감자 전분 1과 컵150g  찹쌀 가루 컵50g  베이킹파우더 2작은술10g  물 컵160g  두반장 1작은술  식초 1큰술  물 3큰술  설탕 4큰술  케첩 5큰술,"Step 1 돼지고기 등심은 4x5cm 크기로 0.5cm 두께로 썰어 칼등으로 살짝 두들겨 준비해 주세요. Step 2 분량의 재료를 골고루 섞어서 튀김 반죽을 만들어 순서 1의 돼지고기를 버무려 주세요. Step 3 분량의 재료를 골고루 섞어서 소스를 만들어 주세요. Step 4 순서 2의 튀김 반죽을 입힌 돼지고기를 가열한 기름에 하나씩 넣어 바삭하게 튀겨 주세요. Step 5 뜨거운 팬에 식용유을 두르고 다진 생강을 볶아 향을 내준 뒤 순서 3의 소스를 넣고 끓여주세요. Step 6 완성 순서 5에 바삭하게 튀긴 돼지고기를 넣고 버무려 완성해 주세요. Tip. 튀김을 한 후 튀김기름은 식혀서 밀폐하여 그늘진 곳에 보관하면 산패를 막아 재사용이 가능해요. 또한 가장 적정한 튀김 온도는 170180도로, 소량의 튀김 반죽을 넣었을 때 2초 후에 반죽이 떠 오르면 튀김하기에 좋답니다.","['고단백', '고지방']",중식,일반
44MDpSsQtS58znBK4JsfJ5Jt,양배추 땅콩소스 샐러드,양배추 14개200g  적양배추 잎 23장 50g  샐러리 100g  사과 1개  당근 12개80g  땅콩버터 2큰술  통깨 2큰술  레몬즙 2큰술  간장 1큰술  다진마늘 1작은술  소금 2꼬집  물 34큰술,Step 1 양배추는 겉잎을 떼어내고 물에 10분 이상 담가 두었다가 흐르는 물에 헹궈주세요. Step 2 샐러리는 반으로 썬 후 얇게 어슷 썰어주세요. 양배추와 적양배추는 채를 썰어주세요. 사과는 껍질 채 깨끗이 씻어 채를 썰어주세요. 당근은 껍질을 필러로 벗긴 후 채를 썰어주세요. Step 3 볼에 드레싱 재료를 모두 넣어 섞어주세요. 마지막에 물을 조금씩 넣어가며 원하는 농도로 맞춰주세요. Step 4 손질해 둔 채소에 드레싱을 넣고 가볍게 버무려주세요. Step 5 접시에 담아 맛있게 즐겨주세요. tip. 먹기 전 다진 견과류를 뿌리면 아삭한 식감을 더할 수 있어요,['저칼로리'],채식,채식
YK55BtdocmL2q7UW7ieKTE3r,굴미역국,건미역 (불린 미역) 20g (2컵) | 굴 200g (1컵) | 무 1/6개 | 다시마멸치육수 6컵 | 들기름 1큰술 | 소금 약간 | 국간장 1큰술 | 맛술 1큰술 | 다진 마늘 1/2큰술 | 후춧가루 약간,"Step 1 불린 미역은 먹기 좋은 크기로 잘라주세요. 찬물에 건미역을 넣고 20분 정도 불리고 깨끗하게 헹군 후 사용해주세요. Step 2 굴은 소금물에 넣고, 이물질을 제거하며 살살 흔들어 씻은 후 체에 밭쳐 물기를 빼주세요. Step 3 무는 사방 3센치로 나박 썰기 해주세요. Step 4 달군 냄비에 들기름을 두르고 미역을 중약불에서 3분 정도 볶다가 다시마 멸치육수와 무를 넣고 끓여주세요. Step 5 무가 익으면 국물 양념 재료와 굴을 넣고 12분 정도 끓여주세요. Step 6 기호에 따라 소금으로 가감해 간을 맞춰 맛있게 즐겨주세요.","['고지방', '고염']",한식,일반
HcbRguq74txyDtQou8BrQ9uG,삼겹살김치말이찜,생삼겹살 3줄(350g) | 신김치 1/6포기(500g) | 양파 1/2개 | 대파 1/2대 | 청양고추 1개 | 홍고추 1개 | 다시마멸치육수 2+1/2컵 | 다진마늘 1큰술 | 생강즙 2큰술 | 맛술 2큰술 | 후춧가루 약간 | 간장 1큰술 | 고춧가루 1큰술 | 김치국물 1/4컵 | 생강즙 1큰술 | 맛술 1큰술 | 설탕 1작은술,"Step 1 삼겹살에 칼집을 낸 후 4등분8cm 정도 길이으로 잘라주세요. 고기 밑간 재료에 10분 정도 고기를 재워주세요. Step 2 김치를 넓게 깔고, 삼겹살을 올려 돌돌 말아주세요. Step 3 양파는 굵게 채썰고, 대파와 청양고추, 홍고추는 어슷하게 썰어주세요. 양념재료는 모두 섞어주세요. Step 4 냄비에 삼겹살 김치말이와 양념을 넣고, 다시마멸치육수를 부어 뚜껑을 닫고 중불에서 20분 정도 끓여주세요. tip. 김치말이의 이음새 부분이 냄비의 바닥에 가도록 놓아야 말이가 풀리지 않아요 Step 5 김치가 부드럽게 익으면 양파, 대파, 청양고추를 넣고 510분 정도 중간불에서 더 끓여주세요. Step 6 기호에 따라 부족한 간은 소금으로 조절하시면 더욱 맛있게 즐기실 수 있어요.","['고지방', '고염']",한식,일반
yomUAruHGHwedVCLGnbAUpru,하와이안무스비,밥 2공기  스팸 1캔200g  달걀 46개  오이 12개  묵은지 14포기  김밥용 김 3장  깨 1작은술  참기름 약간  소금 약간  맛술 1큰술  소금 12작은술  후추 약간,"Step 1 오이는 6센치 길이의 편으로 썰고, 묵은지 또는 잘익은 김치는 양념을 털어내고 6센치 길이로 썰어주세요. 김치 Step 2 스팸은 길게 5등분으로 자르고, 달군 팬에 넣어 노릇하게 구워 주세요. Step 3 달걀지단재료를 고루 섞은 후 체에 내리고 약한불에서 스팸두께로 달걀을 말아주세요. 달걀물을 체에 거르면 껍질이나 알끈이 제거되어 더 매끈하고 부드러운 달걀말이가 돼요 Step 4 밥은 참기름 1큰술과 깨 1작은술, 약간의 소금으로 간을 해주세요. Step 5 네모난 통에 랩을 깔고 밥오이지단스팸묵은지밥 순서로 올린 후 랩을 이용해서 빼주세요. Step 6 김을 반으로 2등분하고, 무스비를 김으로 돌돌 감싸 먹기 좋은 크기로 잘라주세요. Step 7 특별한 한 끼나 도시락으로 활용하기 좋아요.","['고단백', '저칼로리', '고지방', '고염']",양식,일반
JK1hXXe9SzkAxptJm3SebBtk,찹쌀 샤오마이,찹쌀 200g  불린 샤미 30g  생강즙 30g  치킨파우더 30g  참기름 40g  간장 10g  설탕 2g  노두유 1g  백후추 2g  강력분 300g  달걀 노른자 1개  물 100g  소금 1g,"Step 1 찹쌀은 3시간 물에 불려 찜기에 찌고, 분량의 소스 재료는 골고루 섞어주세요. Step 2 볼에 찹쌀과 소스를 넣고 치대주세요. Step 3 순서 2에 샤미를 넣고 섞어주세요. Step 4 둥근 피를 준비하고 속재료를 중앙에 넣어주세요. Step 5 완성 검지와 엄지로 잡아서 모양을 만들고 찜기에서 5분간 쪄주세요. Tip.1. 찹쌀을 찔 때 일반적으로 밥을 할 때보다 밥물의 양을 적게 잡아 주세요. 2. 채소나 육류를 더하면 식감이 살고 모양이 더 좋아진답니다.",['저칼로리'],중식,일반
9vcjjSd98vJbFzu29vV1CYqo,삼치간장조림,삼치 1마리  청주 1큰술  녹말가루 4큰술  마늘 2쪽  홍고추 1개  숙주 한 줌  실파 1대  식용유 약간  후추.통깨 약간씩  간장 2큰술  맛술 2큰술  올리고당 2큰술  물 2큰술  생강즙 2큰술  설탕 12큰술  후추 약간,"Step 1 삼치는 흐르는 물에 깨끗이 씻어 내장과 지느러미를 제거하고 먹기 좋은 크기로 자른 후 청주와 후추를 뿌려 10분간 재워주세요. 물기를 제거하고 녹말가루를 앞뒤로 골고루 묻힙니다. Step 2 달군 팬에 식용유를 넉넉히 두르고 삼치를 올려 노릇하게 구워주세요. Step 3 마늘은 편으로 썰고 홍고추는 어슷하게 썹니다. 숙주에 소금과 후추를 뿌려 살짝 볶아주세요. Step 4 다른 팬에 데리야키 소스와 마늘, 홍고추를 넣고 끓어오르면 삼치를 넣어 졸여주세요. Step 5 그릇에 볶은숙주를 깔고 삼치를 올린 후 송송 썬 실파와 통깨를 뿌려 마무리해주세요.",['고염'],일식,일반
E1BQcpAThphmQZF44Q6KCGa5,카레홍합탕,홍합 600g  양파 개  셀러리 생략 가능 1대  대파 1대  청양고추 또는 페페론치노 1개 2개  물 4컵  카레가루 3큰술  올리브오일 약간  소금 약간  후춧가루 약간,"Step 1 홍합은 수염을 제거하고 소금물에 깨끗이 문질러 씻어 불순물을 제거해 주세요. Step 2 양파는 굵게 채썰고, 대파와 청양고추는 어슷 썰어주세요. 셀러리는 송송 썰어주세요. Step 3 달군 냄비에 오일을 두르고 양파와 셀러리, 대파를 넣어 볶아주세요. Step 4 홍합을 넣어 볶다가 물을 넣어 센 불에서 끓여주세요. Step 5 카레가루와 청양고추를 넣고 소금, 후춧가루를 넣어 완성해 주세요.","['고지방', '고염']",양식,일반
Py8FpzqnQtQky2Zi1zeyiCcX,ABC 주스,비트  개 1컵  사과 112개 2컵  당근  개 1컵  물 1컵,"Step 1 깨끗이 씻은 사과와 당근, 껍질을 벗긴 비트는 깍뚝 썰어 주세요. Step 2 블렌더에 사과, 당근, 비트, 물을 넣고 갈아주세요. Step 3 완성된 주스는 컵에 담아 맛있게 즐겨주세요. 냉장 보관시 3일 내로 드시는 것이 좋아요",['일반'],채식,채식
9oPtK2ewkZ2egYBx7WH6S8sZ,건새우애호박전,건새우 1컵(머리 뗀 후 30g) | 애호박 1/2개 | 양파 1/4개 | 당근 1/4개 | 청양고추 1개 | 식용유 적당량 | 부침가루 1컵(120g) | 찬물 1컵(200ml) | 달걀 1개 | 진간장 1큰술 | 식초 1큰술 | 물 1/2큰술 | 송송 썬 청양고추 1/2개 | 다진 양파 1/2큰술,"Step 1 건새우는 머리를 떼고 찬물에 5분 정도 불린 후 체에 밭쳐 물기를 빼주세요. Step 2 깨끗이 씻은 애호박, 양파, 당근은 채를 썰어주세요. 청양고추는 얇게 송송 썰어주세요. Step 3 볼에 반죽 재료를 넣고 잘 섞어주세요. 초간장 재료는 분량대로 섞어주세요. Step 4 반죽에 건새우, 애호박, 양파, 당근, 청양고추를 넣어 섞어주세요. Step 5 달군 팬에 식용유를 넉넉히 두른 후, 반죽을 한 국자씩 떠서 동그랗게 편 후 앞뒤로 노릇하게 부쳐주세요. Tip. 기름이 충분히 달궈졌을 때 반죽을 올려야 바삭하게 구울 수 있어요. Step 6 초간장을 곁들여 맛있게 즐겨주세요.","['고단백', '고지방', '고염']",한식,일반
3tce64hqLnNUmkCSBb9NrTei,고등어간장조림,손질한 고등어 2마리  깐마늘 8알  대파 흰부분 12대  들기름 12큰술  간장 2큰술  물엿 2큰술  매실청 12큰술  맛술 2큰술  물 2큰술  생강가루 약간  후춧가루 약간  맛술 1큰술  소금 약간,"Step 1 고등어는 윗부분에 십자로 칼집을 낸 후 밑간 재료를 뿌려 10분 정도 간을 해주세요. Step 2 마늘은 편으로 썰고, 대파는 가늘게 채썰어 차가운 물에 담가주세요. Step 3 양념재료를 모두 섞어 팬에 넣고, 양념이 끓으면 마늘과 고등어를 넣고 5분 정도 양념을 뿌려가며 졸여주세요. Step 4 뚜껑을 덮어 약불에서 20분 정도 익힌 후, 마지막에 들기름을 넣고 불을 꺼주세요. Step 5 완성 접시에 고등어를 담고, 채썬 대파를 올려 완성해주세요.",['일반'],일식,일반
hadAyv1AyZ7Z3WY7pTHQztzH,날치알 수정교자,새우 200g  죽순 30g  돼지고기 A 지방 50g  날치알 50g  감자전분 30g  치킨파우더 30g  설탕 2g  백후추 1g  소금 1g  참기름 40g  밀전분 200g  끓는 물 200g  기름 30g,"Step 1 새우는 손질하여 준비하고 죽순은 채 썰어주세요. Step 2 볼에 순서 1과 분량의 소스를 넣고 치대어 속재료를 준비해 주세요. Step 3 피를 준비해 주세요. Step 4 피 중앙에 속재료를 넣어주세요. Step 5 속재료를 감싸듯 오무려 감싸주세여. Step 6 동그랗게 다듬고 매끄러운 부분이 위로 보이게 놔주세요. Step 7 피를 소량씩 뜯어서 동그랗 게 비빈 후 누른 것을 여러 장 만들고 중심에 한 장 한 장 붙여주세요. Step 8 완성 꽃 모양을 만들듯 겹쳐 붙이고 찜기에서 7분간 쪄주세요. Tip. 날치알은 먹기 직전에 해동하여 사용합니다. 날치알 특유의 비린맛을 제거하기 위해 흐르는 물에 씻어 짠맛을 없애고, 물기를 제거한 후 화이트와인이나 청주에 5분간 담가주세요.","['고단백', '저칼로리']",중식,일반
rAALYJRZrVdLtFDGhNEm8fDK,샐러드 파스타,숏파스타 150g  방울토마토 10개  선 드라이 토마토 30g  루꼴라 약간  그린 올리브 8개  키드니빈 통조림 컵  올리브오일 4큰술  레몬 제스트 1큰술  레몬즙 2큰술  소금 1작은술  후춧가루 약간  다진 마늘 1작은술  비정제 설탕 1큰술  다진 파슬리 약간,"Step 1 끓는 물에 소금 큰술을 넣고 파스타를 10분 정도 삶은 후 찬물에 가볍게 헹군 후 채반에서 물기를 빼주세요. 키드니빈은 흐르는 물에 가볍게 헹궈 준비해 주세요. Step 2 볼에 삶은 파스타와 방울토마토, 올리브, 키드니빈, 선 드라이 토마토를 담고 드레싱 재료를 넣어 섞어주세요. Step 3 접시에 담고 루꼴라를 곁들여 맛있게 즐겨주세요.",['고염'],양식,일반
V6Y9nsDkHCW64RaHET3ohCiL,간장 가지덮밥,가지 3개  양파 1개  전분 2큰술  쪽파 2대  식용유 약간  통깨 약간  후춧가루 약간  소금 약간  설탕 약간  물 4큰술  간장 3큰술  미림 2큰술  청주 2큰술  설탕 2큰술  생강가루 약간,Step 1 가지는 깨끗이 씻어 꼭지를 자르고 1cm 두께로 길게 썰어주세요. Step 2 가지에 소금과 설탕을 넣고 20분간 절여주세요. Step 3 절인 가지의 물기를 제거하고 밀가루옷을 얇게 입혀주세요. Step 4 마늘은 편을 썰어 구워주세요. 달군 팬에 기름을 두르고 중약불에서 가지를 앞뒤로 노릇하게 34분간 구워주세요. Step 5 소스재료를 섞은 후 가지를 구운 팬에 붓고 팔팔 끓여준 불을 약불로 줄이고 구워둔 가지를 넣고 23분간 졸여주세요. Step 6 양파는 얇게 링으로 썰어 찬물에 담가 매운기를 제거하고 채반에서 물기를 제거해 주세요. Step 7 그릇에 밥을 담고 양파를 소복히 올린 후 통깨를 뿌리고 구운 가지를 가지런히 올려주세요. 쪽파와 후춧가루를 뿌려 완성한 후 맛있게 즐겨주세요.,"['고지방', '고염', '고당']",채식,채식
T6xPcDi31Sx6bZZjPxxujrBb,전복황태삼계탕,삼계탕용 닭 2마리 | 전복 2미 | 황태 80g | 불린찹쌀 1/2컵 | 불린녹두 1/2컵 | 참기름 2큰술 | 물 1.8L | 대추 6개 | 깐마늘 7개 | 미삼 4뿌리 | 황기 4개 | 깐은행 8알 | 간장 6큰술 | 설탕 1큰술 | 고운 고춧가루 1큰술 | 다진마늘 1/2큰술 | 연겨자 1/2작은술 | 참깨 약간 | 당근 1/8개 | 쥬키니 호박 1/8개,"Step 1 생닭을 흐르는 물에 씻고 지방과 꽁지, 날개 끝 부분을 가위로 잘라주세요. 전복은 솔로 문질러 깨끗하게 씻고 전복의 이빨을 제거해주세요. Step 2 당근과 쥬키니 호박은 잘게 다져주세요. 곁들임 양념장 재료는 모두 섞어주세요. Step 3 닭 속에 불린 찹쌀과 불린 녹두를 넣고 한방팩 재료를 넣어주세요. Step 4 닭의 한쪽 다리에 칼집을 내어 칼집 낸 곳에 반대쪽 다리를 넣어주세요. tip.조리용 실로 묶어서 만들어도 좋아요. Step 5 달군 냄비에 참기름을 두르고 황태를 넣어 중불에 2분 정도 볶아주세요. Step 6 볶은 황태에 물, 삼계닭과 전복을 넣고 뚜껑을 덮어 중불에 60분간 끓여주세요. tip. 기호에 맞게 국물에 소금 한 작은술 정도를 넣어 간을 맞춰주시면 좋아요. Step 7 곁들임 양념장과 김치를 삼계탕과 함께 먹으면 맛이 더욱 풍부해진답니다. Step 8 먹고 남은 국물에 죽야채 재료를 넣고 중불에 34분간 끓여 삼계죽도 만들어 드셔도 좋아요.","['저칼로리', '고지방', '고염']",한식,일반
9rENMmTtPQKVnNndQwhsz7F1,콘치즈,스위트콘 1캔340g  피망 12개  양파 14개  슬라이스치즈 2장  피자치즈 1컵  버터 12큰술  파슬리가루 약간  마요네즈 3큰술  설탕 12큰술  소금 한꼬집  후춧가루 약간,"Step 1 옥수수는 체에 밭쳐 물기를 빼고 피망과 양파는 잘게 썰어 물기를 짜주세요. Step 2 볼에 피망과 양파, 옥수수, 소스 재료를 넣어 골고루 섞어 주세요. Step 3 오븐용기에 버터를 발라준 후 야채와 버무린 옥수수를 담고, 피자치즈슬라이스치즈피자치즈 순으로 올려주세요. Step 4 도로 예열한 오븐에 넣어 15분 정도 치즈가 노릇하게 녹을 때까지 구운 후 파슬리가루를 뿌려주세요. 프라이팬을 사용할 때는 달군 팬에 버터를 넣고 야채와 버무린 옥수수를 살짝 볶고, 슬라이스치즈와 피자치즈를 올려 약불에서 뚜껑을 닫아 치즈가 녹을 때까지 구워주세요 에어프라이어를 사용할 때는 180도에서 10분 정도 치즈가 노릇하게 녹을 때까지 구운 후 파슬리가루를 뿌려주세요. Step 5 치즈가 녹은 따뜻한 상태일 때 맛있게 즐겨주세요.","['저칼로리', '고지방']",양식,일반
o4chm3LXSbp8V7FD7WC9QVbs,멜젓 소스와 미나리 삼겹살,흑돼지 삼겹살 500g | 새송이버섯 2개 | 미나리 한 줌 | 양파 ⅙개 | 청양고추 2개 | 마늘 3쪽 | 멜젓 튜브 2큰술 | 맛술 2큰술 | 물 1큰술 | 다진 마늘 1작은술 | 고춧가루 1작은술,"Step 1 깨끗이 씻은 미나리는 57cm 길이로 먹기 좋게 썰어주세요. 새송이버섯은 편으로 얇게 썰어주세요. Step 2 양파는 굵게 다지고 청양고추는 어슷하게 썰어주세요. 마늘은 편으로 썰어주세요. Step 3 작은 스테인리스 소스볼에 소스 양념 재료를 넣고 썰어 놓은 양파와 마늘, 청양고추를 넣어 주세요. Step 4 달군 팬에 삼겹살과 새송이버섯을 구워주세요. Step 5 멜젓소스는 삼겹살과 함께 팬에서 끓여주세요. 구워진 삼겹살은 먹기 좋게 썰어주세요. Step 6 그릇에 미나리를 소복하게 올리고 멜젓소스와 구운 삼겹살, 새송이버섯을 담아 맛있게 즐겨주세요.","['저칼로리', '고지방']",한식,일반
6FtCg1PAe85iU6N1itaS7vki,뿌리채소덮밥,연근 12개120g  우엉 23개100g  찹쌀가루 1큰술  식용유 12컵  치커리 1장  방울토마토 2개  참기름 약간  통깨 약간  밥 1공기  물 3큰술  간장 1큰술  맛술 1큰술  설탕 1큰술  다진마늘 1작은술  생강가루 약간,"Step 1 우엉은 지저분한 부분을 칼로 긁어 흐르는 물로 씻어주세요. 0.5센치 두께로 썬 후 식초물에 10분 정도 담가주세요. 연근은 깨끗이 씻은 후 필러로 껍질을 벗기고, 0.5센치 두께로 썬 후 식초물에 담가주세요. tip. 우엉을 식초물에 살짝 데치거나 담갔다가 사용하면 갈변현상도 막고 우엉의 아린 맛도 줄일 수 있어요 Step 2 우엉과 연근을 깨끗한 천 위에 올려 물기를 제거해 주세요 Step 3 찹쌀가루에 우엉과 연근에 골고루 묻혀주세요. Step 4 도로 달군 기름에 우엉과 연근을 튀긴 후 채반에 받쳐 식혀주세요. Step 5 냄비에 양념 재료를 넣어 조린 후 튀긴 우엉과 연근을 넣고 골고루 섞어주세요. Step 6 볼에 밥을 담고 조린 우엉과 연근을 올린 후 치커리와 방울토마토를 곁들여 맛있게 즐겨주세요.",['고지방'],채식,채식
AF3YTaDoJTbPBnXC9PtKyFZH,미국 피칸 페스토 파스타,파스타면 200g  소금  후추  미국 피칸 50g  브라운 양송이 양송이로 대체 가능 45개 40g  로즈마리 10g  파마산치즈 40g  소금 1작은술  마늘 1쪽  올리브오일 2컵,"Step 1 끓는 물에 미국 피칸을 넣고 30초간 데친 후 물기를 제거해 주세요. Step 2 버섯을 채썰어 준비해 주세요. Step 3 달군 팬에 올리브오일을 1작은술 두르고 데친 피칸을 볶아주세요. Step 4 피칸을 접시에 덜어 두고, 썰어둔 버섯을 넣고 볶아주세요. Step 5 볶은 피칸과 버섯은 고명으로 쓸만큼 덜어두고, 블렌더에 피칸과 버섯, 마늘, 파마산치즈, 올리브오일, 로즈마리, 소금을 넣고 갈아 페스토를 완성해 주세요. Step 6 끓는물에 소금 1큰술과 올리브오일 1큰술을 넣고 810분 정도 면을 삶아주세요. Step 7 삶은 면은 채반에 받쳐 물기를 빼 주세요. Step 8 팬에 만들어둔 페스토와 면을 넣고 면수 1국자를 부어 잘 섞어 주세요. Step 9 볶아둔 미국 피칸과 버섯을 넣어 로즈마리잎을 올려 완성해 주세요.","['저칼로리', '고지방', '고염']",양식,일반
NyJJNsDvCHAvVcXtqr7xvaV6,에그베네딕트,달걀 4개  슬라이스햄 4장  시금치 한줌  토마토 1개  잉글리쉬머핀 2개  다진마늘 1작은술  파슬리가루 약간  후추 약간  마요네즈 2큰술  씨겨자또는 머스터드  1큰술  물 1리터  식초 3큰술  소금 12큰술  버터 80g  달걀노른자 2개  레몬즙또는 식초 12큰술  소금 약간,"Step 1 시금치는 깨끗이 씻어 밑동을 자르고, 토마토는 링으로 슬라이스해 약간의 소금, 후추를 뿌려주세요. Step 2 팬에 올리브오일을 두른 후 다진마늘을 넣고, 향이 올라오면 시금치를 넣고 숨이 죽을때까지 살짝 볶다가 약간의 소금과 후추를 뿌려주세요. 햄은 그릴팬 또는 팬에 살짝 구워서 준비해주세요. Step 3 냄비에 식촛물재료를 넣고 살짝 끓어오르면 수저로 냄비 가장자리를 원모양으로 돌리면서 물중앙에 그릇에 깨어놓은 달걀을 넣어 23분 정도 익혀 수란을 만들어주세요 Step 4 버터는 중탕으로 녹이거나 전자렌지에 40초 정도 녹여주세요. 볼에 달걀 노른자를 넣어 푼 후, 따뜻한 물이 있는 냄비 위에 볼을 얹고 녹인 버터를 조금씩 넣으면서 거품기로 섞어주세요. 레몬즙과 약간의 소금, 후추로 간을 해주세요 Step 5 잉글리쉬머핀을 반으로 잘라 빵스프레드를 바른 후, 시금치토마토햄수란 순서로 얹어주세요 Step 6 접시에 담고 소스를 얹은 후, 약간의 후추와 파슬리가루를 뿌려 마무리해 주세요.","['고단백', '고지방', '고염']",양식,일반
VhBzGCXjWKnwXB8wf8sNVk34,상그리아,레드와인 750mL  탄산수 750mL  사과 1개  오렌지 1개  라임 2개  레몬 2개  비정제 설탕 컵,Step 1 과일은 베이킹소다를 이용해서 깨끗하게 씻어주세요. Step 2 깨끗이 씻은 과일은 껍질째 슬라이스 해주세요. Step 3 손질한 과일과 설탕을 섞어주세요. tip. 썰고 남은 양 모서리는 꾹 짜서 과즙도 함께 넣어주세요 Step 4 보관용기에 설탕에 버무린 과일을 넣고 와인과 탄산수를 부어주세요. tip. 설탕의 양을 늘리면 더욱 달달하게 드실 수 있어요 Step 5 맛있게 즐겨주세요. tip. 밀폐하여 냉장고에서 하루 숙성해 주세요 tip. 일주일간 보관 가능해요,['고당'],양식,일반
9AsmRdgARPSVWrJfH418rCQE,호박국,조선호박 1kg | 대파 40g | 홍고추 1개 | 물 1L | 국간장 ½큰술 | 새우젓 1큰술,"Step 1 조선호박은 속을 제거한 뒤 3cm 두께로 썰어주세요. Step 2 대파, 홍고추는 총총 썰어주세요. Step 3 냄비에 순서 1과 물을 넣은 뒤 뚜껑을 덮고 한소끔 끓여주세요. Tip. 호박이 많고 물이 다소 적은 듯 해야 맛있습니다. Step 4 새우젓을 넣고 5분 정도 더 끓여주세요. Tip. 호박이 뭉근해질때까지 끓여주세요 Step 5 대파와 홍고추, 국간장을 넣어 완성해 주세요. Step 6 완성 따뜻할 때 국물을 음미하며 맛있게 즐겨보세요.","['고단백', '고염']",한식,일반
nuKnwBSAbZJzswX23eMT1VWz,김치말이국수,소면 200g | 김치 150g | 오이 1/4개 | 삶은달걀 1개 | 청고추 1/2개 | 홍고추 1/4개 | 통깨 약간 | 올리고당 1/2큰술 | 설탕 1큰술 | 참기름 1/2큰술 | 냉면육수 900ml | 김치국물 6큰술 | 식초 1큰술 | 설탕 1+1/2큰술 | 참기름 약간,"Step 1 냉면육수와 국물양념 재료를 모두 섞어 30분 정도 냉동실에 넣어 살얼음이 얼도록 해주세요. Step 2 김치는 먹기 좋은 크기로 썰어 김치 양념재료를 넣어 버무려주세요. 오이는 채썰고, 청홍고추는 송송 썰어주세요. 삶은 달걀은 이등분으로 잘라주세요. Step 3 끓는물에 소면을 펼쳐 넣은 후 젓가락으로 저어 면끼리 달라붙지 않도록 해주세요. 물이 끓으면 찬물 반 컵을 23회 반복해서 부어 국수를 삶아주세요. Step 4 흐르는 찬물에 소면을 여러 번 씻어 전분기를 없애고, 돌돌 말아 채반에 밭쳐 물기를 빼 주세요. Step 5 그릇에 삶은 국수를 담고, 김치, 오이, 청홍고추, 삶은달걀을 올린 후 살얼음이 생긴 육수를 붓고 통깨를 뿌려 마무리 해주세요.","['고단백', '저칼로리']",한식,일반
LVAm8vXL6FdsxTfAb6RrP1ht,묵은지 들기름 볶음,묵은지 ¼ 포기(400g) | 대파 ¼대 | 들기름 1큰술 | 통깨 약간 | 멸치 다시마 육수 1컵 | 들기름 2큰술 | 식용유 1큰술 | 설탕 ½큰술 | 참치액젓 ½큰술 | 다진 마늘 1작은술,"Step 1 묵은지를 찬물에 여러 번 헹궈 속 양념을 털어내고 물기를 제거해 주세요. tip 묵은지의 염도가 높을 때는 찬물에 20분 정도 담가 짠 기를 빼 주세요 Step 2 묵은지를 먹기 좋게 자르고 대파는 어슷하게 썰어주세요. Step 3 냄비에 들기름과 식용유를 두르고 대파와 다진 마늘을 넣어 볶다가 향이 올라오면 묵은지와 설탕, 참치액젓을 넣어 달달 볶아주세요. Step 4 묵은지에 멸치 다시마 육수를 붓고 뚜껑을 닫은 후 1012분 정도 묵은지가 투명해질 때까지 중간 불에서 끓여주세요. Step 5 묵은지가 부드럽게 익으면 마지막에 들기름과 통깨를 뿌려 맛있게 즐겨주세요.","['고단백', '고지방', '고당']",한식,일반
SyRXB1s98K1pUgygqB9wwPHD,고추전,아삭이고추 7~8개 | 다진 돼지고기 150g | 두부 1/2모(150g) | 양파 1/4개 | 부침가루 1큰술 | 계란 흰자 1개 | 홍고추 1개 | 굴소스 1큰술 | 청주 1/2큰술 | 다진 마늘 1/2큰술 | 생강가루 약간 | 참기름 약간 | 소금 약간 | 후춧가루 약간 | 달걀 1개 | 부침가루 3큰술 | 진간장 2큰술 | 물 1큰술 | 설탕 1큰술 | 식초 1큰술 | 다진 양파 약간 | 청고추 약간,"Step 1 양파는 곱게 다지고 홍고추는 송송 썰어 준비해 주세요. 두부는 칼등으로 으깨 주세요. tip. 수분이 많은 두부의 경우 물기를 꽉 짜주세요 Step 2 볼에 다진 돼지고기와 양파, 두부, 계란 흰자, 부침가루 1큰술과 양념 재료를 넣고 버무려 완성해 주세요. tip. 계란 노른자는 반죽 재료로 써주세요 Step 3 아삭이고추는 길게 반으로 갈라 속을 털어주세요. Step 4 아삭이고추의 안쪽 부분에 튀김가루를 묻힌 후 속 재료를 넣어주세요. tip. 속 재료를 꾹꾹 눌러 잘 고정시켜주세요 Step 5 아삭이고추 윗면에 부침가루를 살짝 뿌린 후 반죽 면에만 달걀물을 묻혀주세요. Step 6 법랑 접시에 유산지를 깔고 식용유를 충분히 두른 후 고추의 반죽 부분이 아래를 향하도록 올려주세요. 법랑 접시를 3단에 넣고 광파오븐 수동 요리 구이에서 10분간 구워주세요. Step 7 고추전을 초간장과 함께 맛있게 즐겨주세요.","['고단백', '저칼로리', '고지방', '고염']",한식,일반
d6CBm5LXP4xV7VSFzjZuk8c7,치즈오믈렛,달걀 3개  체더슬라이스 1큰술  버터 1큰술  우유 2큰술  소금. 후추 약간씩  토마토 13개  양파 14개  올리브유 2큰술  케첩 2큰술  핫소스 12큰술  설탕 12큰술  식초 12큰술  파슬리가루 약간  레몬즙 약간  소금.후추 약간씩,"Step 1 볼에 달걀을 넣고 달걀물 양념 재료를 더해 잘 섞어주세요. Step 2 토마토와 양파는 잘게 다져 살사소스 재료와 섞어주세요. Step 3 팬에 버터를 두른 후 달걀물을 준비해주세요. Step 4 달걀물을 넣고 고루 섞어 익히다가, 반쯤 익으면 달걀 위에 체더슬라이스를 넣고 타원형으로 접어주세요. Step 5 접시에 오믈렛을 담고 살사소스를 곁들여주세요.","['고단백', '고지방']",양식,일반
X8AAyzqYpR8DmbcVgWRg41df,비트수프,비트 2개  채수 600mL  올리브오일 1큰술  소금 약간  후춧가루 약간  검은깨 생략 가능 1작은술  식물성 요거트 생략 가능 1큰술,"Step 1 비트는 껍질을 벗긴 후 사방 12cm 크기로 깍뚝 썰어주세요. Step 2 냄비에 올리브오일을 두르고 비트를 넣어주세요. 소금, 후춧가루를 넣고 중불에서 5분 정도 볶아주세요. Step 3 채수를 넣고 뚜껑을 닫아 비트가 뭉근하게 익도록 15분 정도 끓여주세요. 다 익은 비트를 믹서에 넣고 1분간 곱게 갈아주세요. tip. 수프의 농도는 채수를 가감하여 취향에 맞게 조절해 주세요 Step 4 완성된 비트수프를 그릇에 담아 검은깨, 식물성 요거트 등을 취향에 맞게 곁들여 즐겨주세요.","['고지방', '고염']",양식,일반
xuGCU1WCamszG5Tm3bTj1eYY,애호박찌개,돼지고기 (앞다리살 또는 목살) 200g | 애호박 1/2개 | 양파 1/2개 | 대파 1/2대 | 청양고추 1/2개 | 홍고추 1/2개 | 다시마 멸치 육수(또는 쌀뜨물) 3컵 | 고추장 2큰술 | 고춧가루 1큰술 | 다진 마늘 1/2큰술 | 국간장 1큰술 | 새우젓 1/2큰술 | 맛술 1큰술 | 후춧가루 약간,"Step 1 돼지고기를 한 입 크기로 썰고, 밑간 재료에 버무려주세요. Step 2 애호박과 양파는 한 입 크기로 썰고, 대파와 청양고추, 홍고추는 어슷 썰어주세요. Step 3 냄비에 약간의 기름을 두르고 밑간 한 돼지고기를 넣어 2분 정도 볶아 표면이 살짝 익으면 분량의 물과 양념재료를 넣어 10분 정도 끓여주세요. tip. 깔끔한 국물 맛을 위해 중간중간 거품은 걷어내주는 게 좋아요. Step 4 손질한 애호박과 양파를 넣고 한소끔 더 끓여주세요. Step 5 마지막에 대파와 청양고추, 홍고추를 넣어주세요. tip. 부족한 간은 새우젓이나 국간장으로 맞춰주세요.","['고단백', '고지방', '고염']",한식,일반
kvbTcVJg9XVTe8Csj8LLQF28,감자수프,감자중간사이즈 3개  양파 12개  대파흰부분 14대  물또는 닭고기육수 3컵  우유 2컵  생크림 1컵  버터 2큰술  파르메산 치즈가루 2큰술  소금 약간  후추 약간,"Step 1 감자는 껍질을 벗겨 적당한 크기로 자르고, 찬물에 5분 정도 담가 둔 후 물기를 빼 주세요. 대파는 어슷하게 썰고 양파는 채를 썰어주세요. Step 2 냄비에 버터와 양파, 대파를 넣고 2분 정도 볶다가 감자를 넣고 약간의 소금, 후추를 뿌려 볶아주세요. Step 3 볶은 감자와 대파, 양파에 물을 넣고 끓이다가 감자가 익으면 한김 식힌 후, 믹서기 또는 핸드믹서기로 덩어리 없이 곱게 갈아주세요. Step 4 우유,생크림을 넣어 중약불에서 끓이다가 농도가 걸쭉해지면 파르메산 치즈가루와 소금, 후추로 간을 해주세요. Step 5 스프볼에 감자스프를 담고, 기호에 따라 구운 베이컨 또는 치즈가루, 파슬리가루, 구운 빵을 곁들여주세요.","['고지방', '고염']",양식,일반
omwbwT6dCErxKPMsdyE96wEA,원팬 새우 파스타,스파게티면 150g  새우 칵테일 새우 또는 냉동 새우로 대체 가능 8마리  마늘 4톨  양파 개  페퍼론치노 3개  방울토마토 6개  시금치 한 줌  치킨스톡 고형 조각  소금 약간  후춧가루 약간  파마산 치즈 약간  물 4컵  올리브유 적당량,"Step 1 손질한 새우는 키친타월에 올려 물기를 제거해 주세요. 시금치는 깨끗이 씻어 먹기 좋은 크기로 찢어 주세요. 방울토마토는 반으로 잘라주세요. 손질이 되어 있지 않은 새우는 수염을 자르고 내장을 이쑤시개로 빼서 손질 후 사용해 주세요. Step 2 마늘은 편으로 썰고, 양파는 굵게 다져주세요. 페페론치노는 굵게 다져주세요. Step 3 달군 팬에 올리브 오일을 두른 후 마늘과 양파, 페페론치노를 넣어 노릇하게 볶아주세요. 토마토와 시금치를 넣어 1분 정도 볶아주세요. Step 4 스파게티와 물, 소금, 후춧가루, 치킨스톡을 넣어 7분 정도 익혀주세요. 새우를 넣고 뒤집어 가며 23분간 익힌 후 불을 끄고 올리브오일을 2큰술 정도 넣어 잘 섞어주세요. tip. 스파게티면이 들어갈 수 있는 크기의 팬을 사용해주세요. 팬이 작다면 스파게티 면을 반으로 잘라 사용하셔도 좋아요. Step 5 파마산 치즈를 넣고 파슬리 가루를 뿌려 완성해 주세요.","['고단백', '고지방', '고염']",양식,일반
QY5yohubRx9KeCpFXtjCxNgL,단호박 양갱,단호박 200g  물 5와 컵1L  잣 10g  호두 10g  한천가루 10g  설탕 3큰술  꿀 2큰술,"Step 1 단호박은 껍질을 벗기고 찜통에 찐 다음 체에 내리고 잣과 호두는 프라이팬에 볶아서 잘게 다져놔 주세요. Step 2 깊이가 있는 냄비에 물과 호박, 한천, 설탕을 넣고 약한 불에서 나무주걱으로 저어가며 잘 섞어주세요. Step 3 완성 분 정도 지나 어느 정도 졸여지면 꿀과 잣, 호두를 넣어 마무리하고 넓은 틀에 넣어 굳히면 완성이예요. Tip. 한천이 냄비에 붙으면 덩어리져 버릴 수 있으니 잘 섞은 다음 끓여 주세요","['저칼로리', '고당']",일식,일반
YpVNpKE4dDFe22UfNSvB7ah8,불고기 파전,쇠고기(불고기용) 200g | 쪽파 한 줌 | 양파 ⅓개 | 청양고추 1개 | 홍고추 1개 | 달걀 1개 | 식용유 약간 | 간장 1+½큰술 | 설탕 1큰술 | 다진 마늘 ½큰술 | 참기름 ½큰술 | 후춧가루 약간 | 부침가루 2컵 | 찬물 2컵,"Step 1 쇠고기는 핏물을 제거하고, 먹기 좋게 썰어 불고기 양념에 10분 정도 재워주세요. Step 2 쪽파는 4cm 길이로 썰고, 양파는 채를 썰어주세요. 청양고추와 홍고추는 얇게 링으로 썰어주세요. Step 3 볼에 반죽 재료와 쪽파, 양파를 넣고 가볍게 섞어주세요. Step 4 달군 팬에 기름을 두르고 반죽을 넣어 펼치고 양념한 쇠고기를 골고루 나누어 올려주세요. 남은 반죽을 2큰술을 쇠고기 위에 올려 구워주세요. Step 5 풀어 놓은 달걀과 청,홍고추를 넣고 뒤집어 약불에서 2분간 구워주세요. Step 6 적당한 크기로 잘라 그릇에 담아주세요. 기호에 따라 초간장을 곁들여 맛있게 즐겨주세요.","['고단백', '고지방', '고염']",한식,일반
Q5berEGKj3YbsqsPihZ37Bcf,후무스 플래터,불린 병아리콩 4컵  소금 1큰술  올리브오일 4큰술  참깨 2큰술  레몬즙 2큰술  마늘 2톨  볶은 아몬드 컵  커민 1작은술  소금 1작은술  후춧가루 약간  방울토마토 8개  올리브 컵  올리브오일 약간  파슬리 34줄기  삶은 병아리콩 약간  키드니빈 약간  파프리카 파우더 생략 가능 약간,Step 1 병아리콩은 4시간 이상 불린 후 병아리콩의 두 배 정도의 물을 붓고 소금 1큰술을 넣어 30분 정도 삶아주세요. tip. 병아리콩 삶은 물 2컵은 따로 빼두세요 Step 2 방울토마토는 반으로 썰어주세요. Step 3 블렌더에 삶은 병아리콩과 함께 갈아줄 재료를 넣고 병아리콩 삶은 물을 넣어가며 갈아주세요. tip. 삶은 병아리콩 한줌 은 따로 빼두세요 tip. 그릭 요거트 같은 농도가 되면 완성이에요 Step 4 후무스를 그릇에 담고 가니시로 장식해 맛있게 즐겨주세요.,['고염'],양식,일반
NSzNww5N4mMtafqrXtfD9nGr,눈송이탕수육,돼지고기 안심 또는 목살 300g  레몬생략가능 14개  청피망 13개  적채 1잎  적양파 13개  찹쌀가루 12컵  맛술 1큰술  간장 1작은술  생강가루 14작은술  소금 14작은술  후추 약간  전분가루 1컵  물 1컵  식용유 4큰술  진간장 2큰술  올리고당 2큰술  식초 3큰술  설탕 2큰술  물 13컵  물 2큰술  전분가루 1큰술,"Step 1 돼지고기는 사방 2센치 크기로 자른 후 키친타올에 올려 핏물을 제거해주세요. 고기양념 재료에 10분 정도 밑간 해주세요. Step 2 피망과 적양파, 적채는 한입크기로 자르고 레몬은 반달모양 링으로 슬라이스해주세요. Step 3 돼지고기에 찹쌀가루를 골고루 묻히고, 튀김옷 재료를 섞어 튀김옷을 입힌 후 160도로 달군 기름에 고기를 넣어 바삭하게 튀겨주세요. Step 4 냄비에 소스재료를 넣어 한소끔 끓인 후 손질한 야채를 넣어 재빨리 버무리고, 녹말물을 넣어 걸쭉해지면 불을 꺼주세요. Step 5 접시에 눈송이탕수육을 담고 소스를 곁들여주세요.","['고단백', '저칼로리', '고지방']",중식,일반
NE8XMfzY2csujoJmxeG8umHz,애호박새우젓국,애호박 1/2개 | 양파 1/2개 | 대파 1대 | 청고추 1개 | 홍고추 1개 | 다시마 멸치육수 4컵 | 다진마늘 1/2큰술 | 새우젓 1큰술 | 소금 약간,"Step 1 애호박은 반으로 갈라 도톰하게 반달모양으로 썰어주세요. 양파는 채썰고, 대파와 청홍고추는 어슷 썰어주세요. Step 2 냄비에 다시마멸치 육수와 애호박, 양파를 넣어 5분 정도 끓여주세요. Step 3 양파가 투명해지면 대파, 청홍고추를 넣고 2분 정도 더 끓여주세요. Step 4 국물양념 재료를 넣고 한소끔 더 끓여주세요. Step 5 밥과 함께 곁들여 즐겨주세요.",['일반'],한식,일반
fwAphDQzbH8SXTpNcLGhdhqt,연어달걀찜,달걀 4개  생연어 연어 통조림 또는 훈제연어 100g  물 2컵  가쓰오부시 반 줌  맛술 1큰술  설탕 1작은술  소금 1큰술  후춧가루 약간  맛술 2큰술  레몬즙 1큰술  설탕 1큰술  올리고당 2큰술  생강 슬라이스 1톨,"Step 1 연어에 소금, 후춧가루, 맛술을 뿌려 510분 정도 재워주세요. tip. 연어 통조림이나 훈제연어는 간이 되어있으니 소금을 생략해도 좋아요 Step 2 냄비에 물을 넣고 끓으면 가쓰오부시를 넣어 불을 꺼주세요. 5분 정도 우러나면 체에 밭쳐 육수를 걸러 차갑게 식혀주세요. Step 3 볼에 달걀을 풀어 곱게 체에 내린 후 소금으로 간을 맞추고, 설탕과 가쓰오부시 육수를 넣어 잘 섞어주세요. Step 4 연어는 한입 크기 12cm 두께 로 잘라 찜용 그릇에 담고 달걀 물을 그릇의 560 정도만 채워 랩을 씌워주세요. tip. 표면의 거품이 없어야 매끄러운 달걀찜이 되요. 달걀찜 위에 올릴 연어 한 두조각을 빼두세요 Step 5 찜기에 그릇을 넣고 뚜껑을 닫은 후 중약불로 810분 정도 익혀주세요. 나머지 달걀 물을 그릇의 890 채워 찜기에 810분 정도 더 익혀 주세요. Step 6 작은 냄비에 소스 재료를 넣고 한번 끓어 오르면 불을 꺼 주세요. Step 7 완성된 달걀찜 표면에 소스를 12큰술 두르고 기호에 따라 레몬 슬라이스, 파슬리 등을 이용해 장식해 맛있게 즐겨주세요.","['고단백', '저칼로리', '고염', '고당']",일식,일반
2ezirRjjNTkcf5BSEx28wPrW,채소초밥,불린 현미 1컵  백미 1.5컵  물 2.5컵  다시마 5cm 너비 12장  현미 식초 3큰술  비정제당 2큰술  소금 1큰술  표고버섯 23개  새송이버섯 2개  가지 1개  총각무 2개  생고추냉이 1큰술  김밥 김 또는 감태 5cm X 10cm 크기 1장  빨간색 파프리카 1개  간장 1큰술  맛술 1큰술  비정제당 1작은술  물 2큰술  식용유 1큰술,"Step 1 냄비에 불린 현미와 씻은 쌀을 담고 물과 다시마를 넣어 센 불에서 끓여 주세요. 물이 끓으면 중약불로 줄여 10분간 더 끓인 다음, 불을 끄고 10분 정도 뜸을 들여 주세요. Step 2 단촛물 재료를 잘 섞어주세요. 큰 볼에 밥과 단촛물을 넣고 주걱으로 살살 섞어 주세요. 밥이 마르지 않도록 젖은 면보를 덮어 주세요. Step 3 깨끗이 씻은 파프리카는 꼭지를 떼고 길게 6등분 한 후 씨를 제거하고 오븐 팬에 담아 주세요. 170도로 예열된 오븐에 넣고 30분 정도 구워주세요. 구워진 파프리카는 껍질을 벗겨주세요. 밥짓기와 동시에 조리하면 시간을 단축할 수 있어요 Step 4 표고버섯 밑동은 얇게 잘라내고 슬라이스 해 주세요. 새송이버섯은 0.5cm 두께로 슬라이스 해 주세요. Step 5 달군 팬에 기름을 두른 후 표고버섯과 새송이 버섯을 중약불에서 노릇하게 구워주세요. 조림 소스를 붓고 약불에서 23분간 졸여주세요. Step 6 가지는 0.5cm 두께로 비스듬히 잘라 주세요. 양면에 식용유를 살짝 발라 달군 그릴 팬에 그릴 자국이 나도록 30초간 구워주세요. Step 7 무는 얇게 슬라이스 해 주세요. 끓는 물에 식초 약간 을 넣고 무를 1분간 데쳐 주세요. Step 8 적당량을 손으로 쥐어 초밥을 만들어 주세요. tip. 손에 밥이 달라붙을 수 있으니 물을 준비해 주세요. Step 9 밥 위에 준비된 채소를 올려 초밥을 완성해 주세요. 김이나 감태 띠를 둘러주세요. 기호에 따라 생고추냉이 를 곁들여 주세요","['저칼로리', '고지방', '고염']",채식,채식
UWMekL98oXjsupyqY4pL4nC9,섬초 된장국,섬초 2줌(120g) | 홍고추 1개 | 멸치 다시마 육수 700ml | 된장 1과 ½큰술(35g) | 다진 마늘 1작은술,"Step 1 손질한 섬초를 살짝 데친 뒤 34등분으로 썰어 주세요. Step 2 멸치다시마 육수에 된장을 풀어서 넣고 강불에서 56분간 끓여주세요. Step 3 섬초, 다진 마늘, 어슷하게 썬 홍고추를 넣고 중약불에서 5분 더 끓여주세요. Step 4 완성 섬초와 된장이 잘 우러난 국물에 밥과 김치를 곁들이면 그 자체로 훌륭한 한 상의 완성이예요",['고염'],한식,일반
khdeiofy97UUmSGPfj5mKVe7,비빔당면,당면 두줌(200g) | 사각어묵 2장 | 단무지 1/2컵 | 당근 1/3개 | 시금치 한줌 | 참기름 1큰술 | 통깨 약간 | 식용유 약간 | 간장 2큰술 | 고춧가루 2큰술 | 맛술 2큰술 | 올리고당 1큰술 | 설탕 1큰술 | 식초 1큰술 | 다진파 1큰술 | 다진마늘 1큰술 | 깨소금 약간,"Step 1 당면은 찬물에 20분 정도 불리고 어묵과 당근, 단무지는 얇게 채 썰어주세요. 채 썬 어묵은 끓는 물에 살짝 데쳐주세요. Step 2 손질해서 씻은 시금치는 끓는 물에 약간의 소금을 넣고 데친 다음 찬물에 헹궈주세요. 시금치의 물기를 제거한 후 먹기 좋은 크기로 자르고 약간의 소금, 참기름, 깨소금으로 밑간을 해주세요. Step 3 달군 팬에 기름을 두르고 당근채를 넣은 후 약간의 소금으로 밑간해서 볶아주세요. Step 4 끓는 물에 불린 당면을 넣어 2분 정도 데친 후 찬물에 헹구고, 체에 밭쳐 물기를 빼 참기름에 버무려주세요. Step 5 그릇에 당면을 담고 채썬 어묵과 단무지, 당근, 시금치를 얹고 양념장을 올려준 후 통깨를 뿌려 마무리해주세요.","['고지방', '고염']",한식,일반
eyvt6jZAHWEKZuCxVkVy2RCA,복숭아 마스카포네치즈 카나페,복숭아 2개  리코타치즈 또는 마스카포네치즈 12컵  아몬드 1큰술  피스타치오 1큰술  메이플 시럽 1큰술  타임 약간  후춧가루 약간,"Step 1 복숭아는 깨끗이 씻어 껍질을 벗긴 후 웨지 모양의 한입크기로 잘라주세요. Step 2 아몬드와 피스타치오는 굵게 다져주세요. Step 3 접시에 복숭아를 가지런히 담은 후 복숭아 위에 리코타치즈를 12큰술 정도씩 얹어주세요. Step 4 복숭아와 치즈 위에 다진 아몬드, 피스타치오, 메이플 시럽, 후춧가루를 뿌리고 타임을 얹어 맛있게 즐겨주세요.","['고지방', '고당']",양식,일반
HmFkM1WFhsY6HvN6YeFMwYhE,시금치나물,시금치(또는 섬초) 1단(300g) | 통깨 약간 | 간장 (국간장) 1/2작은술 | 다진파 1작은술 | 다진마늘 1/2작은술 | 참기름 1큰술 | 깨소금 1/2큰술 | 소금 한꼬집,"Step 1 시금치는 뿌리 끝을 잘라내고, 아랫부분에 4등분으로 칼집을 넣고 깨끗이 씻어주세요. Step 2 끓는 물에 소금을 약간 넣고, 시금치 뿌리부분을 먼저 넣어가며 데쳐 선명한 녹색이 되면 바로 건져 찬물에 헹구어 물기를 짜주세요. Step 3 먹기 좋은 길이로 시금치를 자르고 볼에 넣어 양념 재료와 골고루 무쳐주세요. 기호에 따라 소금을 가감해서 간을 맞춰주세요 Step 4 시금치나물을 그릇에 담고 통깨를 뿌려 마무리해주세요.",['고염'],한식,일반
jvU5HT4DzxmavJ61XxYMgbzi,메밀장국수,메밀국수 30g  대파 1대  새송이버섯 1개  마 100g  우엉 30g  통밀가루 1스푼  건표고버섯 4개  물 1.5L,"Step 1 분량의 물을 냄비에 넣고 다시마와 표고를 넣은 뒤 뚜껑을 닫고 중불에서 푹 끓여 800ml의 다시마 표고 국물을 우려내주세요. 다시마 표고 국물 800ml에 국간장 2T를 넣고 간을 맞추세요. Step 2 대파는 얇게 동글동글 썰고, 새송이버섯은 1cm 두께로 두껍게 채 썰어주세요. Step 3 마는 칼로 껍질을 벗기고 강판에서 곱게 갈아주세요. Step 4 우엉은 얇게 어슷 썬 다음 통밀가루에 버무린 후 프라이팬에 기름을 넉넉히 두르고 튀기듯이 구워주세요. Step 5 다시마 표고물을 만들 때 넣었던 다시마와 표고를 꺼내어 표고는 14등분 하고 다시마는 얇게 채 썰어주세요. 냄비에 새송이, 표고, 다시마를 담고 졸임장다시마 표고물  50ml, 간장 2T, 조청1T을 넣어 수분기 없이 바특해 질 때까지 졸여주세요. Step 6 냄비에 물을 넣고 팔팔 끓으면 메밀 국수를 넣고 제품에 제시된 시간 내로 삶아주세요. 채반에 메밀 국수를 건지고 미지근한 물로 씻어내어 전분기를 제거해 주세요. Step 7 그릇에 메밀 국수를 담고 간 마, 튀긴 우엉, 표고 다시마 새송이 졸인 것을 올리고 마지막으로 다시마 표고 국물을 부어 완성해주세요.","['저칼로리', '고지방', '고염', '고당']",채식,채식
RhSYkceoxJPKKmam7ZusGHjo,애호박 간장 국수,애호박 1개 | 청양고추 1개 | 소면 200g | 식용유 적당량 | 달걀 노른자 생략 가능 | 소금 약간 | 통깨 약간 | 다진 마늘 1/2큰술 | 간장 3큰술 | 설탕 2큰술 | 고춧가루 1큰술 | 다진 마늘 1/2 큰술 | 참기름 2큰술 | 통깨 적당량,"Step 1 애호박은 가늘게 채를 썰어주세요. 볼에 담고 소금을 뿌려 절여주세요. Step 2 청양고추는 송송 썰어주세요. 볼에 양념 재료를 섞어주세요. Step 3 끓는 물에 소면을 2분 30초 정도 삶은 후 찬물에 헹궈 물기를 빼주세요. Step 4 달군 팬에 오일을 두른 후 물기를 가볍게 짠 애호박, 다진 마늘, 청양고추를 넣어 볶아주세요. Step 5 그릇에 담고 달걀 노른자를 올린 후 맛있게 즐겨주세요. tip. 기호에 따라 김가루를 곁들여도 맛있어요","['고단백', '고지방', '고염']",한식,일반
uzn6fovvw1RheHdHPicHpN5k,갈비찜,LA갈비 1kg | 표고버섯 4~5개 | 양파 1/2개 | 대파 1/2개 | 무 1조각(100g) | 감자 1개 | 당근 1개 | 간장 2/3컵 | 물 1/2컵 | 다진 파 3큰술 | 생강가루 1/2작은술 | 다진 마늘 1/2큰술 | 흑설탕 4큰술 | 맛술 4큰술 | 참기름 1큰술 | 후춧가루 약간,"Step 1 갈비는 찬물에 12시간 정도 담가 핏물을 빼주세요. Step 2 볼에 양념 재료를 넣고 섞어주세요. Step 3 채소를 찜용으로 굵직하게 썰어주세요. Step 4 내열 용기에 갈비와 양념, 소스를 넣고 포일로 감싸주세요. Step 5 법랑 접시 석쇠를 놓고 내열 용기를 올려 1단에 넣고 광파오븐 자동 요리슬로우 쿡에서 흰죽을 선택해 조리해주세요. 조리가 시작되면 조절 기능으로 시간을 3시간으로 변경해주세요. Step 6 완성된 갈비찜을 접시에 담아 맛있게 즐겨주세요.",['저칼로리'],한식,일반
1qd3WTmkvjaFMZU1RnbSGbPH,봄동 겉절이,봄동 1/2포기(150g) | 통깨 약간 | 고춧가루 2큰술 | 멸치 액젓 1큰술 | 설탕 1/2큰술 | 식초 1큰술 | 간장 1/2큰술 | 매실청 1/2큰술 | 다진 마늘 1/2큰술 | 참기름 1작은술,"Step 1 봄동은 밑동을 자른 후 먹기 좋은 크기로 썰어주세요. 흐르는 물에 34번 씻은 후 물기를 빼주세요. Step 2 볼에 양념 재료를 넣고 잘 섞어주세요. Step 3 봄동에 양념이 골고루 묻도록 무쳐주세요. tip. 부족한 간은 약간의 소금을 가감해 주세요 Step 4 접시에 겉절이를 담고 통깨를 뿌려 완성해 주세요. tip. 밥과 계란후라이, 들기름을 올려 겉절이 비빔밥으로 즐겨도 좋아요","['고단백', '고지방', '고염']",한식,일반
cdiopznj1b21eY22r2bfThLh,알리오올리오 파스타,스파게티면 170g  마늘 6쪽  페페론치노 3개또는 건고추 2개  이탈리안 파슬리생략가능 약간  올리브오일 5큰술  스파게티 삶은 물 13컵  소금 약간  후춧가루 약간,"Step 1 마늘은 편으로 썰고, 페페론치노와 이탈리안 파슬리는 굵게 다져주세요. Step 2 물 8컵에 굵은소금 1큰술을 넣고 스파게티면을 6분 정도 삶고, 넓은 그릇에 펼친 후 올리브오일을 뿌려주세요.면 삶은 물 13컵은 남겨주세요 Step 3 팬에 올리브오일을 두르고 마늘편, 페페론치노를 넣은 후 약간의 소금과 후추로 밑간하고 마늘을 볶아주세요. Step 4 삶은 스파게티면을 넣고 약간의 소금과 후추로 간을 한 후, 면과 소스가 겉돌지않게 면수를 넣어주면서 볶아주세요. Step 5 마지막에 약간의 올리브오일과 이탈리안 파슬리를 뿌리고 불을 꺼주세요. 면을 알맞은 그릇에 담아 식탁에 올려주세요.","['고지방', '고염']",양식,일반
BdgmB765Kb4QnJXyXzQkvmf1,표고버섯전,표고버섯 18개 | 다진 쇠고기 150g | 두부 ¼모 | 양파 ⅙개 (30g) | 당근 ⅛개 (30g) | 달걀 2개 | 밀가루 ¼컵 | 식용유 적당량 | 간장 1큰술 | 설탕 ½작은술 | 다진 파 ½큰술 | 다진 마늘 1작은술 | 참기름 ½큰술 | 깨소금 약간 | 달걀 흰자 ½개 | 소금 한꼬집 | 후춧가루 약간,"Step 1 표고버섯은 기둥을 떼고 겉표면 가운데 별모양으로 칼집을 내어 준비해주세요. tip 표고버섯 기둥은 깨끗이 씻어 육수를 낼 때 사용하시면 좋답니다. Step 2 양파와 당근은 곱게 다지고, 두부는 칼등으로 으깨어 면보에 감싸 물기를 짜주세요. 달걀은 약간의 소금을 넣고 고루 섞어 달걀물을 만들어주세요. Step 3 다진 쇠고기는 키친타올에 올려 핏물을 뺀 후 볼에 넣고 다진 양파와 당근, 두부, 양념 재료를 넣어 끈기있게 치대어 소를 만들어주세요. tip. 다진 쇠고기와 다진 돼지고기를 섞어 만들면 좀 더 부드럽고 풍미 좋은 전을 만들 수 있어요. Step 4 기둥을 뗀 표고버섯 안쪽에 밀가루를 묻힌 후 소를 평평하게 채우고 밀가루를 묻혀 가볍게 털고 달걀물을 묻혀주세요. Step 5 달군 팬에 기름을 두르고 소를 채운 표고버섯을 올리고 소가 속까지 익도록 약한불에서 은근히 앞뒤로 뒤집어 가며 익혀주세요.","['고단백', '저칼로리', '고지방', '고염']",한식,일반
BgKLcY6nDv38rs29pwCs6awN,반건조 오징어 온소바,반건조 오징어 1마리  소바 면 80g  청경채 40g  우엉 30g  우동 다시 3과 컵600ml,"Step 1 오징어는 프라이팬에 구워서 잘게 찢어 주세요. Step 2 청경채는 끓는 소금물에 살짝 데친 후 얼음물에 식히고, 물기를 제거해 주세요. Step 3 우엉은 연필깎기 해서 전분을 묻혀 튀겨 주세요. 이때 튀기는 대신 프라이팬에 볶아도 된답니다. Step 4 소바 면은 끓는 물에 삶은 뒤 헹궈주세요. Step 5 우동 다시에 순서 4를 넣었다 빼주세요. Step 6 완성 그릇에 소바 면을 넣고 순서 5의 우동 다시가 끓으면 그릇에 붓고 오징어와 우엉, 청경채를 곁들여 주세요. Tip. 소바 면을 식감 있게 삶으려면 제품에 나와 있는 레시피를 따르되 센 불에서 삶아 주세요. 거품이 넘쳐 흐르면 찬 물을 부어가며 삶으면 식감이 더욱 살아나요. Step 7 우동 다시 재료  가쓰오 다시 3컵500ml, 연간장 1과 컵300ml, 미림 컵120ml, 정종 1컵180ml, 구운 대파 3개 1. 가쓰오 다시에 구운 대파를 넣고 끓여주세요. 2. 끓으면 정종, 미림, 연간장을 넣어주세요. 3. 30분 후 대파는 건져내 주세요. 가쓰오",['고염'],일식,일반
8GGjrtJe3ZR1U6LjmP9ipVSE,단호박수프,단호박 1통작은 크기  감자 1개  양파 14개  버터 2큰술  물 3컵  우유 1컵  생크림 12컵  올리고당 2큰술  소금 1작은술  후추 약간  파슬리 약간  휘핑 생크림 약간,"Step 1 단호박, 감자는 껍질을 제거해 잘게 썰고 양파는 채를 썰어 준비해주세요. 단호박은 전자렌지에 3분정도 돌리거나, 김오른 찜통에 넣어 5분간 쪄낸 후 껍질을 제거하면 좀 더 쉽게 단호박 껍질을 벗길 수 있답니다. Step 2 달군 냄비에 버터를 녹인 후 양파를 먼저 볶다가 투명해지면 단호박, 감자를 넣고 소금으로 간을 해 3분정도 볶아주세요. Step 3 물을 붓고 20분간 중간불로 끓인 후 한 김 식혀서 핸드믹서로 갈아주세요. 우유를 넣고 약한 불에서 5분간 잘 저어가며 끓여주세요. Step 4 생크림, 올리고당, 소금, 후추를 넣고 23분간 더 끓이면서 농도와 간을 조절합니다. Step 5 그릇에 담고 가볍게 휘핑한 생크림과 다진 파슬리를 뿌려주세요. 다진","['저칼로리', '고지방', '고염']",양식,일반
yBejj8eRpyjMiuprFzrhwW1K,미역 비빔국수,해조미 미역 국수 1팩 180g  비빔소스 1팩  오이 개  당근 개  통깨 약간  참기름 약간  매실청 1큰술,"Step 1 오이, 당근은 가늘게 채를 썰어주세요. Step 2 미역 국수는 체에 밭쳐 흐르는 물에 씻은 후 물기를 빼주세요. Step 3 그릇에 미역 국수와 썰어 둔 야채를 담고 비빔소스를 넣어 골고루 섞어주세요. 비빔소스가 없을 경우 고추장 2큰술, 간장 1큰술, 설탕 2큰술, 다진 마늘 1작은술, 식초 1큰술, 참기름 약간, 통깨, 후춧가루 약간을 넣어 섞어 양념장을 만들어 사용해주세요 고추장 간장 Step 4 그릇에 담은 후 깨, 참기름을 뿌려 맛있게 즐겨주세요. 기호에 따라 삶은 달걀, 깻잎, 열무김치 등과 함께 드셔도 좋아요","['고단백', '저칼로리', '고지방', '고염', '고당']",다이어트,다이어트
85VBkYaegQi4N51rrnrR6MNF,들깨 미역 진밥,불린 쌀 160g | 건미역 12g | 들깨 13g | 물 480ml,"Step 1 미리 20분간 불린 미역을 흐르는 물에 박박 비벼 여러 번 씻은 후 칼로 잘게 다져주세요. Tip. 미역은 매우 질기기 때문에 잘게 다지거나 아예 믹서로 갈면 좋아요. Step 2 냄비에 불린 쌀과 잘게 다진 미역, 물을 붓고 강한 불로 저어주며 끓여요. 끓어오르면 약한 불로 줄인 후, 들깨를 뿌리고 농도가 적당해질 때까지 끓여요. Tip. 다시마 팩으로 맛을 내는 것도 괜찮은 방법이예요. 알레르기에 예민한 아이가 아니라면 참기름 한 방울 톡 넣어주는 것도 괜찮아요. Step 3 회분으로 나눠 용기에 담아주세요.",['고지방'],한식,일반
aUDLHiExsNMEmrgDZQM7LMdC,오일만 주스,사과 2개  파슬리 30g  레몬 1개,"Step 1 파슬리는 깨끗이 씻은 후 잎과 줄기를 분리하고 레몬은 껍질을 벗기고 반으로 잘라 씨를 제거해주세요. Step 2 사과는 껍질 째 깨끗이 씻고 씨를 제거해주세요. tip. 씨 부분은 계랑스푼이나 작은 숟가락으로 동그랗게 파내면 쉽게 제거할 수 있어요 Step 3 휴롬 착즙기에 사과, 레몬, 파슬리 순으로 넣고 착즙해주세요. 건강하게 즐겨주세요.",['일반'],다이어트,다이어트
fnevSCQLgnh42N65E6q8aB67,파전병,대파 50g  쪽파 50g  생강 1쪽  기름 200g  밀가루 200g  대파 15g  쪽파 10g  식용유 600g  소금 3g  물 100g,"Step 1 밀가루는 미지근한 물로 반죽해서 30분간 숙성시켜 주세요. Step 2 팬에 기름을 붓고 파와 생강을 넣고 볶아서 파기름을 만들어 주세요. Step 3 대파, 쪽파는 송송 썰어 준비해 주세요. Step 4 반죽을 넓게 펴서 파기름을 발라 주세요. Step 5 쪽파와 소금을 뿌리고 말아 주세요. Step 6 돌돌 말아서 3cm 길이로 자르고 넓적하게 눌러 주세요. Step 7 팬에 파기름을 두르고 지져주세요. Step 8 완성 노릇하게 구워 담아내면 완성이랍니다. Tip. 독특한 향을 위해 소량의 백후추, 산초가루를 사용하여 색다른 맛을 내주어도 좋아요.","['고지방', '고염']",중식,일반
F26tPyWrkvW3SPyXsgBeEgZH,당근 김밥,당근 3~4개 | 달걀 5개 | 밥 2공기 | 김밥 김 3장 | 식용유 약간 | 소금 약간 | 다진 마늘 1큰술 | 참기름 2큰술 | 소금 ½작은술 | 참기름 ½큰술 | 통깨 약간,Step 1 깨끗이 씻은 당근은 채칼로 채를 썰어주세요. Step 2 팬에 기름을 2큰술 두르고 채를 썬 당근을 넣어 볶다가 소금을 넣어 간을 해주세요. Step 3 반쯤 볶아진 당근에 다진 마늘과 참기름을 넣어 12분간 볶은 후 불을 끄고 식혀주세요. Step 4 볼에 달걀을 풀고 소금을 넣어 섞은 후 체에 걸러주세요. Step 5 달군 팬에 기름을 약간 두르고 달걀물을 넣어 34번 말아주세요. Step 6 식힌 달걀말이는 길게 어슷하게 썰어 하트모양이 되도록 겹쳐주세요. Step 7 밥에 밥 양념 재료를 넣고 섞어주세요. Step 8 김밥 김에 밥을 얇게 펼치고 볶은 당근과 달걀을 넣고 말아주세요. Step 9 먹기 좋게 썰어 그릇에 담고 통깨를 뿌려주세요.,"['고단백', '고지방', '고염']",한식,일반
G5VqN3ni2VmJUyw5CitaiY2G,참치감자조림,감자 3개(400g) | 참치캔 1개(135g) | 양파 1개 | 청양고추 2개 | 대파 1/2대 | 물 1컵 | 후춧가루 약간 | 통깨 약간 | 간장 1큰술 | 고추장 2큰술 | 고춧가루 1큰술 | 된장 1작은술 | 맛술 2큰술 | 설탕 1큰술 | 다진 마늘 1큰술,"Step 1 감자는 껍질을 제거하고 2센치 두께로 썬 후 찬물에 담가 전분기를 빼주세요. 양파는 한 입 크기로 썰고 청양고추와 대파는 어슷하게 썰어주세요. 볼에 양념 재료를 넣어 섞어주세요. Step 2 달군 팬에 감자와 양파, 참치를 넣고 중간 불에서 3분 정도 볶아주세요. 후추를 뿌려주세요. tip. 레시피에는 참치 기름으로 볶았지만, 기호에 따라 참치 기름을 식용유로 대체해도 좋아요 Step 3 감자가 반쯤 투명하게 익으면 양념 재료와 청양고추, 물을 넣어 중간불에서 뚜껑을 닫고 10분 정도 감자를 익히며 조려주세요. tip. 감자의 수분 상태에 따라 물을 가감해 주세요 Step 4 감자가 익으면 대파를 넣은 후 통깨를 뿌려 마무리해 주세요.","['고단백', '고지방']",한식,일반
TgBKMRjg6QYRuNHbrxYWALdB,얼큰쇠고기뭇국,쇠고기(양지 또는 사태) 250g | 무 1/3개 | 콩나물 100g | 대파 2대 | 홍고추 1개 | 고춧가루 2큰술 | 다시마육수 6컵 | 간장 1큰술 | 맛술 1큰술 | 다진 마늘 1작은술 | 후춧가루 약간 | 국간장 1/2큰술 | 다진 마늘 1큰술 | 구운 굵은 소금 1작은술,Step 1 무는 사방 3센치로 나박 썰기하고 대파는 반으로 가르고 5센치 길이로 썰어주세요. 콩나물은 손질한 후 깨끗이 씻어주세요. Step 2 쇠고기는 핏물을 제거하고 먹기 좋은 크기로 자르고 밑간 재료를 넣고 10분 정도 밑간해주세요. Step 3 냄비에 양념한 쇠고기를 넣어 1분 정도 볶다가 불을 중불로 줄이고 무와 고춧가루를 넣고 골고루 저으면서 2분 정도 볶아주세요. Step 4 다시마 육수를 붓고 끓어오르면 국물 양념을 넣고 8분 정도 끓여주세요. 콩나물을 넣고 3분 정도 뚜껑을 열고 끓여주세요. 중간에 떠오르는 거품은 걷어내 주세요. Step 5 마지막에 대파와 홍고추를 넣고 한소끔 더 끓여주세요. 부족한 간은 소금을 가감해서 조절해주세요.,['고염'],한식,일반
3imkdCpe99wCqffFa15s6RPL,아마란스 샐러드,아마란스 20g  새송이버섯 한줌  느타리버섯 한줌  토마토 2개  적채 16통  로메인 한줌  올리브 오일 3큰술  발사믹 식초 2큰술  올리고당 12큰술  소금 12작은술  후추 약간,"Step 1 아마란스는 끓는 물에 넣어 10분간 삶은 후 물기를 제거해주세요. Step 2 토마토는 사방 1센치 크기로 자르고, 적채는 얇게 채를 썰어 물에 담갔다가 물기를 제거해주세요. Step 3 새송이버섯과 느타리버섯은 먹기 좋게 자르고, 약간의 소금과 후추를 넣어 팬에서 노릇하게 색이 나게 볶아주세요 Step 4 볼에 발사믹 드레싱 재료를 넣고 고루 섞어주세요. Step 5 유리병이나 투명한 컵에 토마토발사믹 드레싱 1큰술적채구운 버섯로메인삶은 아마란스 순서로 층층이 담아주세요. Step 6 먹기 직전에 발사믹 드레싱을 뿌려주세요.","['저칼로리', '고염']",양식,일반
7y1N3Pz6ErjAPa6zSX5fVd18,알배추겉절이,알배추 1통(500g) | 쪽파(또는 대파) 한 줌(1/3개) | 통깨 약간 | 고춧가루 5큰술 | 멸치 액젓 4큰술 | 다진 마늘 2큰술 | 설탕 1큰술 | 물엿 2큰술 | 생강가루 1/2큰술 | 참기름 1/2큰술,Step 1 알배추는 밑동을 자른 후 먹기 좋은 크기로 자른 후 깨끗이 씻어 체에 밭쳐 물기를 빼주세요. Step 2 깨끗이 씻은 쪽파는 5cm 길이로 잘라주세요. 볼에 양념재료를 분량대로 모두 섞어주세요. Step 3 만든 양념에 알배추를 먼저 넣고 양념이 골고루 묻도록 무친 후 쪽파를 넣어 가볍게 버무려 주세요 tip.부족한 간은 약간의 소금을 가감해주세요. Step 4 접시에 알배추 겉절이를 담고 통깨를 뿌려주세요.,['고염'],한식,일반
kmi7Msb6TLNHj3vtSf6MhjA3,골뱅이무침,골뱅이통조림 1캔(400g) | 진미오징어채 한줌 | 소면 150g | 깻잎 5장 | 홍고추 1개 | 청고추 1개 | 대파 1대 | 오이 1개 | 양파 1/2개 | 당근 1/4개 | 통깨 약간 | 고춧가루 4큰술 | 통조림국물 3큰술 | 고추장 1큰술 | 맛술 1큰술 | 간장 2큰술 | 설탕 1큰술 | 식초 3큰술 | 물엿 1큰술 | 다진마늘 1큰술 | 참기름 1작은술 | 후춧가루 약간,"Step 1 골뱅이는 체에 밭쳐 물기를 뺀 후 2등분 하고, 깻잎과 양파, 당근, 대파는 채를 썰어주세요.대파채는 찬물에 담갔다가 물기를 빼주세요 고추는 어슷하게 썰고 오이는 길게 4등분 한 후 씨를 발라내고 어슷하게 썰어주세요.통조림국물은 버리지 않고 남겨주세요 Step 2 진미 오징어채는 먹기 좋게 자른 후, 골뱅이 통조림국물 3큰술에 담가 불려주세요. 볼에 양념소스 재료를 넣고 섞어주세요. Step 3 볼에 골뱅이와 손질한 채소, 진미 오징어채, 양념장을 넣고 섞어주세요. Step 4 끓는 물에 소면을 펼쳐 넣고 젓가락으로 저어 면끼리 달라붙지 않도록 저어주고, 물이 끓어오르면 찬물 반컵을 23번정도 반복해서 부어 국수를 삶아주세요. 흐르는 찬물에 소면을 여러번 씻어 전분기를 없애고, 동그랗게 모양을 잡은 후 체에 밭쳐 물기를 빼주세요. Step 5 접시에 골뱅이무침을 담고 대파채를 올린 후, 삶은 소면을 함께 곁들이고 통깨를 뿌려주세요.","['고단백', '저칼로리', '고염']",한식,일반
tFxi5bu3sDpBg8EXui5ZYeQ8,버섯샐러드,미니 새송이버섯 한 줌  느타리버섯 한 줌  만가닥버섯 한 줌  프랑크소시지 2개  양파 12개  비타민 약간  올리브오일 약간  소금.후추 약간씩  올리브오일 3큰술  발사믹식초 2큰술  올리고당 1큰술,"Step 1 미니 새송이버섯은 길게 이등분하고 느타리버섯과 만가닥버섯은 밑동을 자르고 먹기 좋게 찢어주세요. 프랑크소시지는 어슷하게 썰고 양파는 굵게 채 썰어줍니다. Step 2 달군 팬에 올리브유를 두른 후, 센불에서 버섯과 프랑크소시지, 양파를 각각 노릇하게 2분정도 볶다가 약간의 소금과 후춧가루를 넣어주세요. Step 3 비타민은 먹기 좋은 크기로 잘라 찬 물에 잠깐 담갔다 물기를 제거해주세요. STEP 2가 식으면 비타민과 함께 그릇에 담고 발사믹 소스 재료를 잘 섞어 뿌려줍니다.","['저칼로리', '고염']",양식,일반
mQYnCcJVE7EEu9iDvD2j7xYb,레몬 딜 버터 파스타,레몬 딜 버터 100g  파스타 면 180g  마늘 5톨  딜 생략 가능 약간  소금 약간  후춧가루 약간,"Step 1 끓는 물에 소금과 면을 넣고 8분 정도 삶아낸 후 채반에 덜어 주세요. 면수는 1컵 정도 따로 준비해 주세요. Step 2 마늘은 편으로 썰어주세요. 버터는 사용할 만큼 잘라주세요. Step 3 달군 팬에 레몬 딜 버터를 넣어 녹인 후 마늘을 노릇하게 볶아주세요. 삶은 면과 면수를 넣어 섞어주세요. tip. 기호에 따라 칵테일 새우, 베이컨, 닭가슴살 등을 넣어 만들어 드셔도 좋아요 tip. 기호에 따라 마늘을 볶을 때 페페론치노를 넣어 함께 만들면 매콤하게 만들어 드실 수 있어요 Step 4 소금, 후춧가루를 뿌려 간을 한 후 완성된 파스타를 접시에 담고 파마산 치즈를 뿌려 맛있게 즐겨주세요.","['고단백', '저칼로리', '고지방', '고염']",양식,일반
rQWKwsGrkDDDy6USNGw7mbjC,야생블루베리 드레싱과 닭가슴살구이,"닭가슴살 2개  야생블루베리 12컵  삶은 퀴노아 14컵  삶은 율무 14컵  샐러드채소크레송, 루꼴라 한줌  양파 14개  우유 1컵  올리브오일 약간  미국야생블루베리 12컵  발사믹식초 112큰술  간장 12큰술  물 3큰술  올리브오일 1큰술  올리고당 1큰술  레몬즙 12큰술  소금 약간  후춧가루 약간  올리브유 2큰술  맛술 1큰술  다진마늘 12큰술  로즈마리 1줄기","Step 1 닭가슴살은 우유에 10분 정도 담가 두었다가 건져 낸 후, 물에 헹궈 물기를 제거해주세요. 포크로 닭가슴살을 군데군데 찔러 양념이 배기 쉽게 한 후 밑간재료에 10분간 재워주세요. Step 2 샐러드채소는 깨끗이 씻어 먹기 좋은 크기로 잘라 준비하고, 양파는 얇게 채썰어주세요. Step 3 냄비에 드레싱 재료를 넣고, 중불에서 끓이면서 양이 반으로 줄어들 때까지 졸여주세요.  미국야생블루베리를 사용하면 일반 블루베리보다 알이 작아 식감이 좋고, 같은 양을 섭취할 경우 일반 블루베리에 비해 2배의 항산화 성분을 섭취할 수 있답니다 Step 4 달군 팬에 올리브오일을 두르고 닭가슴살의 표면을 노릇하게 구운 후, 약불로 줄여 뚜껑을 닫아 1012분 정도 은근히 구워 속까지 익혀주세요 Step 5 샐러드채소와 미국야생블루베리, 양파와 삶은 퀴노아, 율무를 잘 섞어주세요. Step 6 접시에 구운 닭가슴살을 먹기 좋은 크기로 잘라 올리고, 잘 섞은 샐러드재료들을 곁들여담아주세요. 야생블루베리 드레싱을 함께 곁들여주세요.","['고단백', '저칼로리', '고지방']",양식,일반
8gBEJ7geKSHU5By6NgxCL6LD,열무김치,열무 1단 (1.5kg) | 얼갈이 1단 (1.5kg) | 쪽파 한 줌 (20대) | 양파 1개 | 홍고추 15개 | 생강 1쪽 (20g) | 새우젓 4큰술 | 굵은 소금 150g | 고춧가루 1컵 | 참치액젓 3큰술 | 다진 마늘 4큰술 | 매실청 3큰술 | 소금 2큰술 | 밀가루 4큰술 | 디포리 다시마 육수 3컵+½컵,"Step 1 얼갈이는 뿌리 부분을 잘라내고 23등분으로 잘라 주세요. 열무는 뿌리 끝부분을 자르고 긁어 다듬은 후 두꺼운 뿌리는 반으로 가르고 길이로 23등분으로 잘라 손질해 주세요. tip. 잎이 큰 얼갈이는 반으로 잘라 주세요 Step 2 손질한 얼갈이와 열무는 물에 살살 흔들어 씻어 주세요. 굵은 소금을 뿌려 30분 정도 절이고 위아래로 뒤집어 20분 정도 더 절여 주세요. 물에 흔들어 씻어 채반에 밭쳐 물기를 빼주세요. tip. 열무는 씻을 때와 절일 때, 양념에 버무릴 때 살살 버무려야 풋내가 나지 않게 만들 수 있어요 Step 3 냄비에 밀가루 풀 재료를 넣고 잘 섞어준 후 중불에서 저어가며 풀고 기포가 올라오면서 농도가 나면 불을 끄고 식혀주세요. Step 4 양파는 큼직하게 썰고, 홍고추는 꼭지를 제거 후 송송 썰어주세요. 새우젓과 생강을 함께 블렌더에 넣어 굵게 갈아주세요. 쪽파는 5센티 길이로 썰어주세요. Step 5 볼에 블렌더에서 간 재료와 식힌 밀가루 풀, 양념 재료를 넣고 고루 섞어 김치 양념장을 만들어주세요. Step 6 양념을 절인 열무와 얼갈이, 쪽파에 넣고 숨이 살짝 죽으면 전체적으로 가볍게 섞어 김치통에 담아주세요. 상온에서 12일 정도 숙성시켰다가 냉장 보관해 주세요. tip. 열무와 얼갈이의 절여진 염도에 따라 마지막에 새우젓 국물 또는 소금을 가감해서 간을 맞춰주세요","['고단백', '고염']",한식,일반
FdGRJzYLaVm3ZK5vQjn2bFkt,두부 무조림,두부 1모 | 무 ¼개 (300g) | 청양고추 2개 | 홍고추 1개 | 양파 ½개 | 대파 ½대 | 멸치 다시마 육수 4컵 | 간장 2큰술 | 고춧가루 2큰술 | 고추장 ½큰술 | 올리고당 1큰술 | 다진 마늘 1큰술 | 설탕 ½큰술 | 후춧가루 약간 | 식용유 ½큰술 | 생강가루 ½작은술 | 참치액젓 ½큰술,"Step 1 무는 껍질을 벗기고 두께 0.5cm 정도로 반달 모양으로 썰고 양파는 굵게 채를 썰어주세요. 청양고추와 홍고추, 대파는 어슷하게 썰어주세요. Step 2 볼에 양념 재료를 넣어 섞어주세요. Step 3 두부는 넓적하고 길게 썰어주세요. Step 4 냄비에 멸치 다시마 육수 과 무를 넣어 5분 정도 끓이다가 양념 재료를 넣어 끓여주세요. Step 5 무가 익으면 두부와 양파를 넣고 3분 정도 중간 불에서 끓여주세요. tip. 육수를 중간중간 추가해가며 끓여주세요 Step 6 마지막에 대파와 청양고추, 홍고추를 넣어 국물이 자작해질때까지 중약불에서 졸여주세요. tip. 두부에 간이 잘 배도록 국물을 끼얹어 주세요","['고단백', '저칼로리']",한식,일반
JDgPGnyuuXRLshH3imT52vf2,토마토 가스파초,완숙 토마토 5개  식빵 2장  오이 12개  양파 13개  청양고추 12개  마늘 2톨  토마토 페이스트 2큰술  올리브오일 2큰술  레몬즙 2큰술  소금 12작은술  오이 13개  토마토 12개  양파 14개  레몬즙 1큰술  올리브오일 1큰술  후춧가루 약간,"Step 1 토마토는 꼭지를 떼고 깨끗이 씻은 후 아래에 열십자로 칼집을 넣어주세요. Step 2 구이 전용 팬에 토마토를 올린 후 4단에 넣고 광파오븐 수동 요리 구이 에서 20분간 구워주세요. Step 3 오이와 양파, 청양고추와 마늘은 믹서에 갈기좋게 듬성듬성 썰고 식빵은 가장자리를 자르고 깍뚝 썰어주세요. Step 4 구이 전용 팬에 식빵 1장을 깍뚝 썰어 올리고 올리브오일을 약간 발라 4단에 넣고 광파오븐 자동 요리 토스트에서 식빵 2장 분량을 선택한 후 조리해 주세요. 조리가 시작되면 조절기능으로 2분 줄여주세요. Step 5 가니쉬용 오이와 토마토 양파를 잘게 썰어준 후 볼에 담고 나머지 재료를 넣어 섞어주세요. Step 6 구운 토마토는 뜨거울 때 껍질을 벗겨주세요. 믹서에 구운 토마토와 믹서에 갈 재료를 넣고 잘라둔 식빵 1장을 넣고 곱게 갈아주세요. Step 7 그릇에 완성된 토마토 가스파초를 담고 가니쉬와 구운 식빵으로 장식한 후 맛있게 즐겨주세요. tip. 장식할 허브는 고수나 바질등 취향에 맞게 사용해 보세요","['저칼로리', '고지방']",다이어트,다이어트
cY52fRXwDPWrPxhiFemksreD,두부튀김덮밥,밥 2공기 | 다진 돼지고기 100g | 만가닥버섯 한 줌 | 양파 1/2개 | 두부 1/2모 | 전분 1/2컵 | 고추기름 1큰술 | 참기름 약간 | 무순 약간 | 식용유 약간 | 청주 1큰술 | 녹말가루 1/2큰술 | 다진 마늘 1작은술 | 소금 한 꼬집 | 후추 약간 | 물 5큰술 | 간장. 굴소스. 설탕 1큰술씩 | 고춧가루. 다진 마늘 1작은술씩,"Step 1 돼지고기는 밑간 재료를 넣고 골고루 버무려 10분 이상 재워주세요. Step 2 만가닥버섯은 밑동 부분을 잘라 먹기 좋게 나누고 양파는 채 썰어주세요. Step 3 두부는 사방 3cm 크기로 자르고 전분을 고르게 묻혀주세요. Step 4 팬에 식용유를 넉넉히 두르고 170도로 달군 후 두부를 넣어 3분 정도 튀겨주세요. Step 5 달군 팬에 고추기름을 두르고 양파, 돼지고기, 양념 재료를 넣어 3분 정도 볶아주세요. Step 6 만가닥버섯과 참기름을 약간 넣어서 1분간 볶아주세요. 완성되면 밥 위에 얹은 후 튀김두부와 무순을 올려주세요. Step 7 완성된 요리를 그릇에 담아 마무리해주세요.","['고단백', '저칼로리', '고지방']",한식,일반
ZDWdGemzCWT4KNRxRnyFViRG,애플 시나몬 스프,"사과 2개  양파 개  우유 500ml  생크림 400ml  타임 5줄기  시나몬 스틱 1개  차이브 1줄기  소금, 후추 약간  올리브유 약간","Step 1 양파는 얇게 썰고 사과도 껍질을 벗겨 얇게 썰어주세요. 이때 사과는 멍들거나 검게 변한 것을 사용해도 좋아요. 냄비에 올리브유를 두르고 양파와 사과를 볶아주세요. Step 2 사과와 양파를 볶던 냄비에 생크림과 우유를 넣어 약불에서 20분간 끓이다가, 핸드 믹서로 사과를 곱게 갈아준 후 타임을 넣어 약불로 10분간 더 끓여주세요. Step 3 완성 소금과 후추를 기호에 따라 넣고 허브를 건져낸 후 접시에 담고 차이브를 얇게 썰어 곁들이면 완성이예요.","['고지방', '고염']",양식,일반
s8qSYdh1MpYJAHoJsGFRHqsL,유산슬덮밥,채썬 돼지고기 70g  새우 6마리  오징어 12마리  표고버섯 2개  팽이버섯 13봉지  마늘 2톨  대파흰부분 14대  죽순캔 80g  부추 약간  참기름 1큰술  다시마 육수 2컵  식용유 약간  소금 약간  밥 2공기  달걀 흰자 12개  녹말가루 12큰술  후춧가루 약간  굴소스 1큰술  간장 1큰술  소금 두꼬집  녹말가루 2큰술  물 3큰술,"Step 1 오징어는 껍질을 벗기고 칼집을 넣어 먹기 좋게 썰고, 새우는 껍질을 벗기고 등부분에 칼집을 넣어 내장을 뺀 후 돼지고기와 함께 밑간 양념 재료에 버무려 밑간해주세요. 팬에 기름을 넉넉히 넣어 달군 후 돼지고기와 새우를 볶아 체에 밭쳐 기름을 빼 준비해주세요. Step 2 마늘과 대파, 표고버섯, 죽순은 채를 썰고, 팽이버섯은 밑동을 잘라내고 부추는 6센치 길이로 썰어주세요. 죽순과 표고, 오징어는 끓는 물에 살짝 데친 후 체에 밭쳐 물기를 빼주세요. Step 3 팬에 기름을 두르고 대파와 마늘 채를 넣어 볶다가 향이 올라오면 양념 소스 재료를 넣고 표고버섯과 죽순, 오징어를 넣어 볶아주세요. Step 4 뜨거운 다시마육수를 넣고 육수가 끓으면 돼지고기와 새우를 넣고 녹말물을 넣어 걸쭉하게 농도를 맞쳐주세요. Step 5 부추와 팽이버섯을 넣고 가볍게 섞고 마지막에 참기름을 넣은 후 불을 꺼주세요. 기호에 따라 소금 또는 간장을 가감해서 간을 맞쳐주세요. Step 6 그릇에 밥을 담고 밥 위에 유산슬을 얹어 맛있게 즐겨주세요.","['고단백', '저칼로리', '고지방', '고염']",중식,일반
sM7TwcW9RMz6RMWvzrvdHKQ1,불고기퀘사디아,쇠고기등심불고기용 150g  토르티야 2장  체더슬라이스치즈 2장  피자치즈 1컵  양파 12개  파프리카 12개  시판 토마토소스 2큰술  간장 1큰술  다진 마늘 1작은술  후추 약간  설탕 1큰술,"Step 1 쇠고기는 키친타올로 핏물을 제거하고, 먹기 좋은 크기로 썰어 불고기 양념에 10분 정도 재워주세요. Step 2 달군 팬에 올리브유를 두르고, 채를 썬 양파와 파프리카를 넣은 후 약간의 소금, 후추를 뿌려 밑간을 하고 살짝 볶아주세요. Step 3 달군 팬에 쇠고기를 넣고 물기가 없어질 때까지 볶아주세요. Step 4 토르티야 반쪽 면에 토마토소스 1큰술 피자치즈 양파, 파프리카, 불고기 피자치즈와 체더 슬라이스 치즈 순으로 올리고 반으로 접은 후 마른팬에 올려 치즈가 녹을 때까지 약한불에서 노릇하게 구워주세요. Step 5 구운 퀘사디아를 먹기 좋은 크기로 잘라주세요.","['고지방', '고염']",양식,일반
2ZziUPSpPAQCEqu7SNo12qcp,크리스마스 보드,깍뚝 썬 식빵 1장  레드 키위 1개  포도 2알  방울토마토 2알  크랜베리 1큰술  로즈마리 약간  비스킷 1개  블루베리 한 줌  말린 레몬슬라이스 3장  아몬드 한 줌  헤이즐넛 약간,"Step 1 과일은 깨끗이 씻어 먹기좋게 썰어 준비해주세요. Step 2 넓은 접시 또는 도마에 손질한 재료를 트리 모양으로 플레이팅 한 후 로즈마리, 크랜베리 말린 레몬슬라이스 등으로 장식해주세요. Step 3 와인과 함께 맛있게 즐겨주세요.",['일반'],채식,채식
FzuqGqGFdP4WtcDVU3fq94rF,골뱅이겨자냉채,골뱅이 통조림 1캔(400g) | 깻잎 5장 | 무순 1/3팩 | 홍고추 1개 | 대파 ½대 | 오이 ½개 | 양파 ½개 | 통깨 약간 | 골뱅이 국물 4큰술 | 식초 3큰술 | 설탕 1½큰술 | 연겨자 1큰술 | 맛술 1큰술 | 간장 1큰술 | 다진 마늘 1큰술 | 참기름 ½큰술,"Step 1 깻잎과 양파, 대파는 곱게 채를 썰어주세요.양파와 대파 채는 찬물에 담갔다가 물기를 빼주세요. 무순은 밑부분을 자르고 물에 깨끗이 씻어 준비하고 홍고추는 반갈라 씨를 털어낸 후 어슷하게 채를 썰고 오이는 반 갈라 어슷하게 썰어주세요. Step 2 골뱅이는 먹기 좋은 크기로 잘라주세요. 볼에 겨자소스재료를 넣고 섞어 소스를 준비해주세요. Step 3 볼에 골뱅이와 오이, 양파, 대파, 홍고추, 겨자소스를 넣어 가볍게 섞어주세요. Step 4 접시에 골뱅이와 야채를 담고 깻잎채와 무순을 올리고 통깨를 뿌려주세요.",['저칼로리'],한식,일반
5oQ8b8mgAzw7rd92Zt1Rnwko,깻잎 두부전,깻잎 8장 | 두부 1모 | 부침가루 3큰술 | 소금 약간 | 후춧가루 약간 | 식용유 적당량 | 부침가루 6큰술 | 물 ½컵 | 강황가루 두꼬집 | 간장 1큰술 | 물 1큰술 | 식초 ½작은술,Step 1 두부는 깻잎에 넣을 수 있게 1센치 두께로 8등분해서 자르고 키친타올에 올린 후 소금과 후춧가루를 뿌려 10분 정도 밑간해주세요. Step 2 깻잎은 깨끗이 씻고 물기를 제거해주세요. 볼에 부침 재료를 넣고 섞어 강황물을 만들어주세요. Step 3 깻잎 안쪽에 부침가루를 묻혀 가볍게 털고 두부를 얹은 후 깻잎을 반으로 접어주세요. 깻잎 앞뒤에 부침가루를 묻혀 살짝 털어내고 강황물을 고루 입혀주세요. 볼에 초간장 재료를 섞어주세요. Step 4 달군 팬에 기름을 넉넉히 두르고 깻잎 두부전을 올려 중간불에서 앞뒤로 노릇하게 구워주세요. Step 5 접시에 깻잎 두부전을 담고 초간장을 곁들여 맛있게 즐겨주세요.,"['고단백', '저칼로리', '고지방', '고염']",한식,일반
XNBV8NyRWbk8nEtaSUicje3X,물교자,갈은 삼겹살 100g  알새우 100g  갈은 돼지고기 A 지방 20g  총장즙 15g  치킨파우더 15g  참기름 30g  소금 3g  설탕 2g  백후추 5g  밀가루 300g  물 150g  소금 1g,Step 1 볼에 분량의 재료와 소스를 넣고 섞어 속재료를 만들어 주세요. Step 2 숙성된 반죽으로 동그란 피를 만들어 주세요. Step 3 물교자를 만들기 위해 동그란 피를 넓게 밀어 주세요. Step 4 넓게 민 피를 사각형 모양으로 잘라 주세요. Step 5 교자 만들기 1 피 중앙에 속재료를 넣어주세요. 2. 피를 반으로 접어주세요 3. 피의 양 끝을 교차해서 접어 주세요. Step 6 교자 만들기 2 피 중앙에 속재료를 넣어주세요. 2. 그대로 접어주세요. 3. 양 끝을 두고 속재료를 말듯이 접어주세요. 4. 양 끝을 교차시켜주세요. Step 7 교자 만들기 3 피 중앙에 속재료를 넣어주세요. 2. 손가락을 사용해 속재료를 잡듯이 접어주세요. 3. 젓가락으로 끝을 잡고 눌러주세요. Step 8 교자 만들기 4 둥근 피를 이용할 때는 피 중앙에 속재료를 담아주세요. 2. 반으로 접어주세요. 3. 양 끝을 만나게 접어주세요. Step 9 완성 만든 물교자는 끓는 물에 넣고 떠오르면 1분 이내로 건져내 주세요.,['일반'],중식,일반
cZLdTTBxmeFdeLe4DgzkagXu,다시마 쌈밥,쌈 다시마 (염장 다시마) 70g | 낙지 젓갈 3큰술 | 홍고추 ½개 | 청양고추 1개 | 실파 2줄기 | 부추 반 줌 | 다진 마늘 ½작은술 | 참기름 ½큰술 | 통깨 약간 | 밥 1+½공기 | 소금 약간,"Step 1 끓는 물에 짠기를 뺀 다시마를 살짝 데쳐주세요. 선명한 녹색으로 변하면 바로 건져내 찬물에 헹궈 손바닥 크기로 잘라 키친타올로 물기를 닦아주세요. tip 다시마는 찬물에 20분 정도 담가 소금기를 빼주세요 Step 2 낙지 젓갈은 먹기 좋게 다지고 홍고추와 청양고추는 잘게 잘라주세요. 실파는 송송 썰고 부추는 살짝 데쳐 물기를 빼주세요. Step 3 볼에 낙지 젓갈과 잘게 자른 고추, 다진 마늘, 참기름, 통깨를 넣어 젓갈을 양념하고 밥은 밥 양념 재료를 넣어 밑간해 주세요. tip. 낙지 젓갈의 염도에 따라 소금양을 가감해서 밥 간을 조절해주세요. Step 4 다시마를 깔고 그 위에 밥을 펴서 올려 돌돌 말아 준 후 데친 부추로 묶어 고정해 한입 크기로 잘라주세요. Step 5 다시마 쌈밥 위에 낙지 젓갈을 먹기 좋게 올리고 송송 썬 실파와 통깨를 뿌려 맛있게 즐겨주세요.","['고지방', '고염']",한식,일반
eTW2ACfocxCMWetUQGdFQ57j,오이 간장 절임,오이 3개  양파 개  청양고추 1개  홍고추 1개  굵은 소금 약간  통깨 약간  천일염 2큰술  물 1.5L  물 2컵  간장 컵  식초 1컵  비정제 설탕 1컵  다시마 15cm15cm 1장,"Step 1 오이는 굵은 소금으로 문질러 물에 헹궈 주세요. 양 끝을 자른 후 사선으로 칼집을 내주세요. 반대쪽도 동일하게 칼집을 내주세요. Step 2 볼에 소금물 재료를 넣고 섞은 후 손질한 오이를 넣어 15분간 절여주세요. Step 3 고추와 양파는 굵게 다져주세요. Step 4 볼에 절임물 재료를 넣고 설탕이 녹을 때 까지 저어주세요. Step 5 절인 오이와 다진 고추, 양파를 병에 넣고 절임물 재료를 부어 실온에서 30분간 절여주세요. 다진 Step 6 절인 오이는 먹기 좋게 썰어 그릇에 담고 통깨를 뿌려 맛있게 즐겨주세요.","['저칼로리', '고염', '고당']",채식,채식
uhSsmgmVUTHnU5HvCLWKsPze,마늘조림,마늘 2컵(300g) | 건고추 1개 | 올리브유 2큰술 | 참기름 1/2큰술 | 통깨 약간 | 간장 1+1/2큰술 | 물엿 3큰술 | 맛술 2큰술 | 물 2큰술,Step 1 마늘은 꼭지를 도려내고 편으로 이등분한 후 10분정도 찬물에 담갔다가 물기를 제거해주세요. 건고추는 송송 썰어주세요. Step 2 달군 팬에 올리브유를 두르고 마늘을 넣어 중간불에서 노릇하게 튀기듯이 볶아주세요. Step 3 볶은 마늘에 양념재료와 건고추를 넣고 윤기나게 졸여주세요. Step 4 마지막에 참기름과 통깨를 뿌려주세요.,['고지방'],한식,일반
pHoPMJ7KLgQffpsr2P7WuvSr,사골 떡국,떡국용 떡 300g | 시판용 사골육수 3컵 | 물 1컵 | 대파 1/2대 | 달걀 1개 | 간마늘 1큰술 | 국간장 1큰술 | 소금 약간 | 후춧가루 약간 | 김가루(생략 가능) 약간 | 깨소금(생략 가능) 약간,"Step 1 떡은 20분정도 물에 불려 준비해 주세요. tip. 떡국용 떡은 떡집에서 구입하면 훨씬 쫄깃하고 맛있답니다 Step 2 달걀은 약간의 소금을 넣어 지단을 부쳐 가늘게 채를 썰어주세요. Step 3 냄비에 사골육수와 물을 넣고 끓여주세요. 육수가 끓어오르면 떡을 넣고 5분 정도 끓여주세요. 간마늘과 국간장, 소금으로 간을 해주세요. tip. 시판용 사골육수는 품목에 따라 다를 수 있으니 맛을 본 후 물과 소금의 양을 조절해 주세요 tip. 국간장이 없다면 소금으로만 간을 맞추어도 괜찮아요 Step 4 완성된 떡국을 그릇에 담고 후춧가루와 김가루, 송송썬 대파, 달걀 지단을 뿌려 완성해주세요.","['고단백', '고염']",한식,일반
DKaAiL1P5kuvUSnMrgRpKqdP,어향육슬덮밥,돼지고기 잡채용 300g  청고추 3개  홍고추 1개  양파 12개  당근 14개  표고버섯 2개  대파 14개  실파 2줄기  밥 2공기  치킨육수또는 물 1컵  참기름 12큰술  소금 약간  통깨 약간  식용유 1큰술  고추기름 2큰술  달걀 흰자 1개  간장 1작은술  다진마늘 1작은술  전분가루 1작은술  두반장 112큰술  굴소스 1큰술  맛술 1큰술  간장 12큰술  설탕 12큰술  다진 마늘 12큰술  생강가루 약간  후춧가루 약간  전분가루 1큰술  물 2큰술,"Step 1 돼지고기에 고기 양념 재료를 넣어 10분간 밑간해주세요. 볼에 어향 소스 재료를 모두 넣어 섞어주세요. Step 2 청고추와 당근, 홍고추, 양파, 표고버섯, 대파는 채를 썰고, 실파는 송송 썰어주세요. 볼에 전분물 재료를 넣고 섞어주세요. Step 3 달군 팬에 식용유와 고추기름을 두르고 대파를 넣어 볶다가 향이 올라오면 돼지고기를 넣어 볶아주세요. Step 4 돼지고기가 반쯤 익으면 양파와 당근, 표고버섯, 어향 소스를 넣어 볶다가 치킨육수를 넣고 3분 정도 끓여주세요. Step 5 마지막에 청고추와 홍고추, 전분물을 넣고 섞어준 후 참기름을 넣고 불을 꺼주세요.기호에 따라 소금을 가감해서 간을 맞춰주세요. Step 6 접시에 밥을 담고 야채와 볶은고기를 얹은 후 송송 썬 실파와 통깨를 뿌려주세요.","['고단백', '저칼로리', '고지방', '고염']",중식,일반
6ww4wVPnLxG7nUsmSSpixp4d,갈치조림,갈치 1마리(5토막) | 감자 2개(중간 크기) | 양파 1개 | 대파 1대 | 홍고추.청양고추 1개씩 | 다시마육수 1½컵 | 청주 1큰술 | 소금 한 꼬집 | 간장 4큰술 | 고춧가루 3큰술 | 맛술 2큰술 | 다진 마늘 1큰술 | 생강즙 1큰술 | 설탕 1큰술 | 후추 약간,"Step 1 갈치는 내장을 제거하고 깨끗이 씻어 밑간 재료에 10분간 재워주세요. 감자는 1cm 두께로 썰고 양파는 굵게 채 썰어주세요. 대파, 고추는 어슷하게 썰어줍니다. Step 2 냄비에 양파감자갈치 순으로 넣은 후 조림 양념 재료와 다시마육수를 붓고 뚜껑을 연 채로 센 불에서 1015분간 끓입니다. Step 3 감자가 다 익으면 중간불로 줄이고 대파, 고추를 넣고 12분간 더 끓여주세요. Step 4 그릇에 먹기 좋기 내어 마무리 해줍니다.",['고염'],한식,일반
EYstWuWWQaUsmEeorYQ5Y1Vr,육전 비빔면,육전 6장 | 중면 200g | 묵은지 ⅙포기 | 오이 ⅓개 | 당근 ⅓개 | 쪽파 2대 | 통깨 약간 | 고추장 2큰술 | 고춧가루 1큰술 | 맛술 1큰술 | 간장 1큰술 | 설탕 1+½큰술 | 식초 1큰술 | 물엿 1큰술 | 다진 마늘 1큰술 | 참기름 1큰술,"Step 1 묵은지는 물에 씻은 후 굵게 다져주세요. 육전은 먹기 좋은 크기로 잘라주세요. Step 2 오이와 당근은 채를 썰어주세요. 쪽파는 송송 썰어주세요. 볼에 비빔면 양념 재료를 넣어 섞어주세요. Step 3 끓는 물에 중면을 펼쳐 넣고, 면끼리 달라붙지 않도록 젓가락으로 저어주세요. 물이 끓어오르면 찬물 반 컵을 34회 반복해서 부어 국수를 삶아주세요. Step 4 흐르는 찬물에 중면을 여러 번 씻어 전분기를 없애고, 채반에 밭쳐 물기를 빼주세요. Step 5 볼에 중면과 묵은지, 썰어 둔 야채와 양념을 넣어 고루 버무려주세요. Step 6 그릇에 비빔국수를 담고 오이채와 깨를 올려 완성해주세요. 기호에 따라 삶은 달걀과 부추, 양배추 등의 채소를 추가로 넣어 드셔도 좋아요","['고단백', '저칼로리']",한식,일반
DdvqjZ3QzqjcVwtnJW5By6rA,케이준 감자튀김,감자 3개 400g  파마산 치즈가루 약간 생략가능  파슬리가루 약간  케찹 약간  튀김가루 6큰술  카레가루 1큰술  고운 고춧가루 큰술  허브솔트 작은술,Step 1 감자는 껍질을 벗기고 굵은 막대모양으로 썰어 찬물에 20분 정도 담가주세요. Step 2 감자의 물기를 제거한 후 가루 양념 재료를 고루 묻혀주세요. Step 3 도로 달군 기름에 튀겨 식힌 후 한번 더 센 불에서 바삭하게 튀겨주세요. Step 4 튀긴 감자에 기호에 따라 파마산 치즈 가루와 파슬리 가루를 뿌린 후 접시에 담고 케찹을 곁들여주세요.,['고지방'],양식,일반
96STe8Z7ZxK1QMY9xBhsN47Q,라자냐,간 소고기 500g  라자냐 6장  마늘 2쪽  당근 개  셀러리 1대  양파 개  파마산치즈 100g  올리브오일 2큰술  슈레드 모차렐라 치즈 2컵  토마토소스 1병 300g  건 바질 1작은술  우유 1컵  소금 1작은술  후춧가루 약간,"Step 1 당근, 셀러리, 양파는 잘게 다져주세요. 마늘은 편 썰어주세요. Step 2 달군 팬에 올리브오일을 두른 후 당근, 셀러리, 양파를 넣어 볶아주세요. 볶은 야채는 접시에 덜어주세요. Step 3 야채를 볶은 팬에 올리브오일을 두른 후 마늘을 넣어 볶다가 간 소고기를 넣고 소금, 후추를 뿌려 바싹 볶아주세요. Step 4 고기가 다 익으면 볶아둔 야채와 건 바질, 토마토소스를 넣어 볶아주세요. Step 5 우유를 조금씩 넣어가며 30분 정도 끓여 라구소스를 완성해 주세요. Step 6 라자냐 그릇에 완성된 소스를 12큰술 정도 펼친 후 라자냐를 깔고 그 위에 라구소스라자냐슈레드 치즈 파마산 치즈 순서대로 층층이 쌓은 후 종이호일을 덮어주세요. tip. 가로 25cm 세로 17cm 높이 4cm 법랑 용기를 사용했어요 Step 7 도로 예열한 오븐에서 약 20분간 굽고 종이호일을 벗기고 5분 정도 더 구워 주세요. tip. 10분 정도 식혀두었다가 썰어주세요 Step 8 맛있게 즐겨주세요.","['고단백', '저칼로리', '고지방', '고염']",양식,일반
FQjH6mF7eC4ZLcxf4gviN31h,채식 양배추 김치,양배추 1개 (800g) | 쪽파 한 줌 (100g) | 굵은 소금 4큰술 | 고춧가루 ½컵 | 국간장 1큰술 | 다진 마늘 1큰술 | 다진 생강 1큰술 | 매실액 (올리고당으로 대체 가능) 1큰술 | 찹쌀가루 (밀가루로 대체 가능) 1큰술 | 다시마 물 1컵,Step 1 양배추를 4등분 한 후 찬물에 30분 정도 담갔다 흐르는 물에 씻어 주세요. 쪽파는 4cm 길이로 잘라주세요. Step 2 양배추에 굵은 소금을 골고루 뿌려 30분 정도 살짝 숨이 죽을 정도로 절여주세요. tip. 두꺼운 심지는 얇게 저며 함께 절여주세요 Step 3 냄비에 찹쌀풀 재료를 넣고 잘 섞어준 후 중약불에서 저어가며 끓이다가 묽고 끈적한 농도가 나면 불을 끄고 식혀주세요. tip. 다시마 물은 미지근한 물에 다시마를 넣어 만들어 주세요 Step 4 볼에 식힌 찹쌀풀과 양념 재료를 넣고 고루 섞어 김치 양념을 만들어주세요. Step 5 절인 양배추에 쪽파와 김치 양념을 넣어 버무려주세요. tip. 절인 양배추에서 나온 물만 버린 후 헹구지 말고 사용해 주세요. Step 6 완성된 김치는 밀폐 용기에 담아 하루 또는 이틀 정도 실온에서 숙성시켰다가 냉장 보관해 주세요. tip. 김치는 용기의 80 정도만 담는 것이 좋아요. 김치가 발효되는 과정에서 가스가 생기기 때문에 유리병의 경우 밀폐하지 말고 뚜껑은 반만 닫아 두었다가 냉장고에 넣을 때 밀폐하여 넣어주세요. tip. 12달 이내로 드시는 것이 좋아요,['고염'],한식,일반
83koWVgSXc2EX1S5hJzB2ZNv,지진 교자,갈은 삼겹살 200g  불린 샤미 50g  부추 40g  대파 30g  중력분 10g  식초 1g  소금 1g  물 100g  치킨파우더 15g  설탕 1g  감자전분 15g  굴소스 20g  달걀 개  참기름 50g  식용유 100g  백후추 1g  밀가루 300g  물 150g,"Step 1 피 반죽은 준비해두고, 부추와 대파는 다져서 볼에 담아주세요. Step 2 순서 1에 분량의 소스를 넣고 치대주세요. Step 3 동그란 피를 만들고 중앙에 속재료를 담아주세요. Step 4 끝에서 0.5cm만큼 눌러서 모양 만들기를 시작합니다. Step 5 왼쪽 검지로 속을 밀고 오른쪽 검지로 눌러서 모양을 만들어주세요. Step 6 양 끝을 눌러서 모양을 다듬어주세요. Step 7 찜기에서 70 정도만 익을 만큼 쪄주세요. Step 8 분량의 재료를 골고루 섞어서 눈꽃즙을 만들어 주세요. Step 9 완성 팬에 기름을 넉넉히 두른 후 순서 8을 붓고 찐 교자를 넣어 지져내면 완성이예요.","['저칼로리', '고지방']",중식,일반
4PyU6iSvnLc2AdvABfxJSwpi,메밀쌀 샐러드,메밀쌀 컵  방울토마토 5개  샐러드 채소 한 줌80g  적양배추 2장  오이 개  소금 약간  요거트 컵  마요네즈 1큰술  레몬즙 2큰술  올리고당 큰술  후춧가루 약간  올리브오일 2큰술,"Step 1 끓는 물에 소금과 메밀쌀을 넣고 1520분 정도 삶아주세요. 찬물에 헹궈 물기를 제거해주세요. Step 2 적양배추는 채 썰고, 방울토마토와 오이는 먹기 좋은 크기로 잘라주세요. Step 3 볼에 드레싱 재료를 넣어 섞어주세요. Step 4 완성 그릇에 샐러드 채소와 삶은 메밀쌀, 손질한 채소를 보기 좋게 담아주세요. 드레싱을 곁들여 맛있게 즐겨주세요.","['저칼로리', '고염']",다이어트,다이어트
3qFpDEP8QFv7m6SjoJQu9Lfe,관자삼합,관자 5개 | 쇠고기(채끝살 또는 살치살) 300g | 표고버섯 4개 | 미니 새송이 버섯 3개 | 올리브유 약간 | 명이나물(또는 장아찌) 약간 | 소금 약간 | 후춧가루 약간 | 올리브유 1큰술,"Step 1 쇠고기는 칼끝으로 칼집을 넣고 적당한 크기로 잘라 밑간재료에 10분 정도 재워주세요. 표고버섯과 미니 새송이 버섯은 먹기 좋은 두께로 썰어주세요. Step 2 관자살에 붙어있는 날개부분과 내장을 분리한 후 내장은 제거하고 관자살의 곁면을 둘러 싸고 있는 얇은 막을 벗겨주세요. Step 3 관자살을 소금물에 흔들어 씻은 후 물기를 제거하고 0.3센치 두께로 썰어주세요. 관자의 날개부분과 꼭지부분은 소금물에 흔들어 씻은 후 적당한 크기로 잘라 찌개와 국에 이용하시면 좋답니다. Step 4 달군 그릴팬에 올리브유를 두르고 쇠고기를 올린 후 앞 뒤로 익을 때까지 굽고 표고버섯, 미니 새송이 버섯, 관자를 올리고 약간의 소금, 후춧가루를 뿌려 구워주세요. 새송이 버섯 Step 5 접시에 구운 쇠고기와 관자, 표고버섯을 담고 명이나물을 곁들여 주세요. 기호에 따라 명이나물 또는 장아찌, 묵은지 등을 곁들여 드셔도 맛있답니다.","['저칼로리', '고염']",한식,일반
V4nh5vjttweJhjpsxa7gtLDe,콩나물국밥,콩나물 3줌 | 오징어 1마리 | 청양고추 1개 | 배추김치 1/2컵 | 대파 1/4대 | 다시마멸치 육수 6컵 | 밥 2공기 | 고춧가루 약간 | 새우젓 1큰술 | 맛술 1큰술 | 다진마늘 1/2큰술 | 후춧가루 약간,"Step 1 콩나물은 깨끗이 씻어 다듬고, 배추김치는 속 양념을 털어내고 잘게 잘라주세요. 청양고추와 대파는 송송 잘라주세요. Step 2 오징어는 내장을 제거하고 깨끗이 씻어 주세요. 냄비에 멸치다시마 육수를 넣고, 끓어오르면 오징어를 넣어 삶은 후 먹기 좋게 잘라주세요. Step 3 오징어 삶은 육수에 콩나물을 넣어 35분 정도 끓이다가 건져내주세요. 콩나물 삶은 육수에 국물양념 재료를 넣어 밑간해주세요. Step 4 그릇에 밥을 담고 삶은 콩나물을 올린 후 뜨거운 육수를 붓고 대파와 청양고추, 오징어, 김치, 고춧가루를 올려주세요. 김치 Step 5 기호에 따라 새우젓을 가감해서 간을 맞춰주세요. 콩나물국밥을 뚝배기에 끓여 따뜻하게 드셔도 맛있답니다.",['고단백'],한식,일반
HL8DfkzbSHb7ongUmFecJ7Za,허니치즈파니니,치아바타 또는 식빵 1개  베이컨 4장  꿀 1큰술  슬라이스치즈 2장  모차렐라치즈 3장  올리브오일 약간  아몬드슬라이스 약간  건크랜베리 약간,Step 1 달군 팬에 베이컨을 구운 후 키친타월로 기름을 제거합니다. Step 2 치아바타를 반으로 갈라 빵의 양면에 꿀을 발라주세요. 베이컨슬라이치즈모차렐라치즈 순으로 얹은 후 빵으로 덮어주세요. Step 3 달군 팬에 올리브오일을 두르고 빵을 올려 45분간 노릇하게 구워주세요. 빵 위에 꿀을 뿌린 후 아몬드슬라이스와 건크랜베리를 얹고 3등분합니다. Step 4 완성된 요리를 그릇에 담아 마무리해주세요.,"['고지방', '고당']",양식,일반
WdzGXDumetzxNibW86yT6z5W,연근조림,연근 (작은 사이즈) 2개 (500g) | 식초 1큰술 | 소금 ½큰술 | 올리고당 2큰술 | 참기름 1큰술 | 통깨 약간 | 간장 6큰술 | 맛술 5큰술 | 설탕 3큰술 | 올리브유 3큰술 | 올리고당 3큰술,"Step 1 연근은 조리용 솔로 문질러 씻어주세요. 0.5cm 두께로 잘라주세요. Step 2 냄비에 연근이 잠길 정도의 물과 연근, 식초, 소금을 넣고 20분 정도 데친 후 찬물에 헹궈주세요. 체에 받쳐 물기를 제거해 주세요. Step 3 냄비에 물 4컵과 양념 재료를 넣고 끓여 양념이 끓어오르면 데친 연근을 넣어 1시간 정도 중간 불에서 졸여주세요. Step 4 국물이 자작하게 졸아들면 올리고당과 참기름을 넣어 5분 정도 센 불에서 윤기 나게 조려 주세요. Step 5 접시에 연근조림을 담고 통깨를 뿌려주세요.","['고지방', '고염']",한식,일반
7M9pA37R6dVADuFxUkBbzRAi,표고버섯탕수,"표고버섯 67개150g  식용유 2큰술  소금 두꼬집  찹쌀가루 2큰술  전분 4큰술  물 6큰술  빨간, 노란 파프리카 13개씩  적양파 12개  생강 가루 12큰술  간장 2큰술  올리고당 3큰술  식초 3큰술  설탕 2큰술  물 12컵  전분 1큰술  물 2큰술",Step 1 표고버섯은 기둥을 떼고 4등분 하고 소금을 뿌려 밑간해주세요. tip. 버섯 기둥은 밑동을 잘라내고 사용해 주세요. 따로 모아 육수 낼 때 사용해도 좋아요 Step 2 소스 재료의 양파와 파프리카는 깍뚝 썰어주세요. Step 3 볼에 반죽재료를 넣고 섞은 후 표고버섯을 넣어 튀김옷을 입혀주세요. Step 4 구이 전용 팬에 기름을 바른 후 표고버섯을 올리고 기름을 둘러주세요. Step 5 구이 전용 팬을 4단에 넣고 광파오븐 자동 요리 에어프라이에서 프라이드치킨을 선택하여 튀겨내주세요. 조리가 시작되면 조절 기능으로 3분 줄여주세요. tip. 오븐에 전송 버튼을 누르면 시간을 조절할 필요 없이 간단하게 설정할 수 있어요 Step 6 냄비에 약간의 기름을 넣고 양파와 파프리카를 넣어 볶다가 소스 양념 재료를 넣고 끓여주세요. 소스가 바글바글 끓으면 전분물을 넣고 골고루 저으면서 농도가 걸쭉해 지면 불을 꺼주세요. Step 7 접시에 튀긴 표고버섯을 담고 소스를 부어 곁들여주세요.,"['저칼로리', '고지방', '고염']",중식,일반
ttfp9HhPkafGS2nVXyPF2Kou,총각김치,총각무 2단 (3kg) | 대파 (흰부분) ½대 | 쪽파 두 줌 (100g) | 굵은 소금 1컵 | 양파 ½개 | 배 ¼개 | 멸치액젓 7큰술 | 새우젓 2큰술 | 생강 (마늘 1쪽 사이즈) 1쪽 | 고춧가루 1+½컵 | 다진 마늘 4큰술 | 설탕 2큰술 | 매실청 2큰술 | 찹쌀가루 2+½큰술 | 황태다시육수 2컵,"Step 1 총각무의 잔뿌리와 무와 무청 사이 흙이 있는 부분을 칼로 다듬어 씻어주세요. 2등분 또는 4등분으로 칼집을 넣어 굵은 소금을 뿌려주세요. 중간에 위 아래로 뒤집어가며 1시간 30분 2시간 정도 절이고 깨끗이 씻어 물기를 빼주세요. Step 2 대파는 어슷썰고 쪽파는 3등분으로 잘라주세요. 갈아 줄 재료인 배와 양파는 껍질을 벗기고 큼직하게 썰어주세요. Step 3 냄비에 찹쌀풀 재료를 넣고 잘 섞어준 후 중불에서 저어가며 풀고 기포가 올라오면서 농도가 나면 불을 끄고 식혀주세요. Step 4 갈아 줄 재료는 블렌더에 넣어 갈은 후 식힌 찹쌀풀과 양념 재료를 넣어 고루 섞어 김치 양념을 만들어주세요. Step 5 넓은 볼에 총각무와 김치 양념, 대파, 쪽파를 넣어 고르게 버무려주세요. tip 총각무가 절인 염도에 따라 마지막에 소금을 가감해서 간을 맞춰주세요. Step 6 총각무와 쪽파 한 두개씩을 집어 타래를 지은 후 김치통에 차곡차곡 담고 하루 또는 이틀정도 실온에서 숙성 시켰다가 냉장보관해주세요.",['고염'],한식,일반
V6Y9nsDkHCW64RaHET3ohCiL,간장 가지덮밥,가지 3개 | 양파 1개 | 전분 2큰술 | 쪽파 2대 | 식용유 약간 | 통깨 약간 | 후춧가루 약간 | 소금 약간 | 설탕 약간 | 물 4큰술 | 간장 3큰술 | 미림 2큰술 | 청주 2큰술 | 설탕 2큰술 | 생강가루 약간,Step 1 가지는 깨끗이 씻어 꼭지를 자르고 1cm 두께로 길게 썰어주세요. Step 2 가지에 소금과 설탕을 넣고 20분간 절여주세요. Step 3 절인 가지의 물기를 제거하고 밀가루옷을 얇게 입혀주세요. Step 4 마늘은 편을 썰어 구워주세요. 달군 팬에 기름을 두르고 중약불에서 가지를 앞뒤로 노릇하게 34분간 구워주세요. Step 5 소스재료를 섞은 후 가지를 구운 팬에 붓고 팔팔 끓여준 불을 약불로 줄이고 구워둔 가지를 넣고 23분간 졸여주세요. Step 6 양파는 얇게 링으로 썰어 찬물에 담가 매운기를 제거하고 채반에서 물기를 제거해 주세요. Step 7 그릇에 밥을 담고 양파를 소복히 올린 후 통깨를 뿌리고 구운 가지를 가지런히 올려주세요. 쪽파와 후춧가루를 뿌려 완성한 후 맛있게 즐겨주세요.,"['고지방', '고염', '고당']",한식,일반
CiSmzjwr9X7Bt4JNWxpYVDLX,깻잎장아찌,"깻잎 20묶음(약 180장,250g) | 청양고추 2개 | 홍고추 1개 | 식초 80ml | 소금 약간 | 물 500ml | 진간장 200ml | 비정제설탕 120g | 건 다시마 1장(10*10cm)",Step 1 소금 1작은술을 물에 녹인 후 깻잎을 넣고 23분 두었다가 흐르는 물에 깨끗이 씻어주세요. Step 2 물기를 제거한 깻잎은 꼭지 부분을 가위로 정리해 주세요. tip. 깻잎 꼭지는 1cm정도 남기는 것이 좋아요 Step 3 끓는 물에 소금 1꼬집을 넣고 깻잎을 340초 정도 데쳐주세요. 데친 깻잎은 채반에서 열기를 식혀주세요. tip. 깻잎이 흐트러지지 않도록 한 묶음씩 나눠 데쳐주세요 Step 4 고추는 꼭지를 떼고 길게 반으로 갈라 씨를 제거하고 어슷하게 썰어주세요. tip. 고추씨를 제거하면 장아찌 국물이 지저분해지지 않아요 Step 5 냄비에 간장 물 재료를 넣고 끓여주세요. 간장물이 끓어오르기 시작하면 바로 불을 끄고 다시마는 건져내고 식초를 넣고 잘 저어주세요. tip. 완성된 간장물은 미지근하게 식혀 주세요 간장 Step 6 밀폐 용기에 데친 깻잎과 고추를 담고 식힌 양념장을 부어주세요. 깻잎이 양념에 잠기도록 무거운 접시나 돌로 누른 후 뚜껑을 덮어 반나절 정도 숙성 시켜주세요. Step 7 완성된 깻잎 장아찌를 밥과 함께 맛있게 즐겨주세요.,['고염'],한식,일반
JERayqDgKrLf4fawyKPBXp78,단호박 에그슬럿,미니단호박 2개  달걀 2개  슬라이스햄 2장  피자치즈 1컵  다진 파슬리 약간,Step 1 법랑 접시에 석쇠를 놓고 깨끗이 씻은 단호박을 올려 1단에 넣고 광파오븐 수동 요리 스팀 레인지에서 5분간 조리해 주세요.  물을 채운 물통을 제품에 설치해서 요리하세요. Step 2 단호박의 윗부분을 잘라낸 후 속을 파주세요. Step 3 슬라이스 햄은 잘게 썰어주세요. Step 4 단호박 속에 피자치즈  달걀  햄  피자치즈 순으로 넣어주세요. Step 5 법랑 접시에 석쇠를 놓고 단호박을 올려 1단에 넣고 광파오븐 수동 요리 스팀 레인지에서 5분간 조리해 주세요.  물을 채운 물통을 제품에 설치해서 요리하세요. Step 6 완성된 단호박 에그슬럿에 파슬리를 뿌리고 먹기 좋게 잘라 맛있게 즐겨주세요.,"['고단백', '고지방']",다이어트,다이어트
5nDTfC1EVZob8ocw19SFtYED,차가운 토마토 퓨레 카펠리니 파스타,"토마토 1개  카펠리니 80g  부라타 치즈 1개  바질 2장  엑스트라 버진 4티스푼  바질 오일 1티스푼  그라나 파다노 치즈 약간  꽃소금 약간  소금, 후추 약간  올리브유 약간","Step 1 냄비에 꽃소금을 한 줌 넣고 물을 끓인 후 카펠리니를 4분간 삶아 주세요. Step 2 토마토는 뜨거운 물에 15초를 담군 후 찬물에 식혀 껍질을 벗겨내고 씨를 제거해 주세요. Step 3 순서 2의 토마토에 엑스트라 버진과 바질을 넣어 갈아주세요. Step 4 부라타 치즈를 반으로 자른 후 반만 갈아주세요. Step 5 삶아낸 면에 갈아낸 부라타 치즈, 남은 엑스트라 버진과 소금, 후추로 간을 해주세요. Step 6 접시에 갈아둔 토마토를 깔고 카펠리니, 부라타 치즈를 올리고 그라나 파다노 치즈를 뿌려주세요. Step 7 완성 마지막으로 바질 오일을 뿌리면 완성이예요.","['고지방', '고염']",양식,일반
MhaDYRAJ9Ji4aJmazH6aMxbR,감자치즈구이,감자 3개  체더치즈 3장  스위트콘 12컵  버터 2큰술  케첩 약간  전분가루 1큰술  소금 12작은술  후추 약간,"Step 1 감자는 껍질을 제거하고 4등분한 후, 찜통에 넣어 20분정도 쪄주세요. Step 2 찐감자는 뜨거울 때 볼에 넣어 으깬 후 스위트콘, 밑간 재료, 전분가루를 넣어 섞어주세요. Step 3 감자 반죽을 한입크기로 떼어내 가운데에 체더치즈를 잘라 올리고, 치즈를 감싸듯 동그랗게 뭉쳐 가운데 부분을 평평하게 만들어 주세요. Step 4 달군 팬에 버터를 녹이고, 감자를 올려 노릇하게 구워 주세요. Step 5 접시에 담고, 케첩을 곁들어주세요.","['저칼로리', '고지방']",양식,일반
gWFdZisHGJC2mV9NhXUm6hD4,쇠고기 갈비찜,소고기 갈비 1.4kg | 무 1/4개 | 새송이버섯 2개 | 청양고추 2개 | 홍고추 1개 | 대파 1대 | 양파 1개 | 대추 5개 | 진간장 1컵 | 갈은 배 1컵(배1/2개) | 흑설탕 4큰술 | 맛술 4큰술 | 올리고당 3큰술 | 다진 파 2큰술 | 다진 마늘 2큰술 | 생강즙 2큰술 | 후춧가루 약간 | 참기름 약간,"Step 1 갈비는 1시간 정도 찬물에 담가 핏물을 빼주세요. 끓는 물에 6분 정도 데친 후 찬물에 헹궈 불순물과 지방을 제거해 주세요. tip. 갈비의 뼈 부분에서 핏물이 나오지 않을 때까지 데쳐주세요 tip. 갈비의 결 반대 방향으로 칼집을 넣게 되면 더욱 부드럽게 익힐 수 있어요 Step 2 볼에 양념장 재료를 넣어 섞어주세요. Step 3 무는 한입 크기로 자른 후 모서리를 둥글게 다듬어 주세요. tip. 모서리를 다듬으면 부서지지 않아 국물이 깔끔할 수 있어요 Step 4 양파와 대파는 먹기 좋은 크기로 잘라주세요. 홍고추와 청양고추는 꼭지를 뗀 후 길게 썰고 새송이버섯은 밑동을 자른 후 모양을 살려 슬라이스해주세요. tip. 청양고추는 느끼한 맛과 잡내를 잡아주는 역할을 해요 Step 5 냄비에 갈비와 양념장, 물 800ml, 양파, 무를 넣어 40분 정도 삶아주세요. tip. 국물의 깔끔함을 위해서 뜨는 기름은 걷어내 주세요 Step 6 나머지 야채를 넣고 20분 정도 끓인 후 참기름을 뿌려 마무리해주세요.","['저칼로리', '고지방']",한식,일반
ztZvpNGHjo6GJjSEvtEkXKJB,몽글몽귤 차지키 소스와 케밥,닭다리살 300g  인도식 난 또는 토르티야 4개  토마토 1개  오이 개  적양파 개  양배추 2장  올리브 오일 컵  다진 마늘 1큰술  말린 허브 가루 1큰술  소금 약간  후춧가루 약간  파프리카 파우더 생략 가능 약간  간장 2큰술  맛술 2큰술  굴소스 큰술  설탕 1작은술  그릭요거트 1컵  몽글몽귤 6개  다진 마늘 큰술  다진 딜 약간,"Step 1 깨끗이 씻은 오이는 강판에 갈아 소금을 뿌려 5분 정도 절인 후 물기를 꽉 짜주세요. 몽글몽귤은 믹서에 넣어 곱게 갈아주세요. Step 2 볼에 오이와 다진 몽글몽귤, 나머지 차지키 소스 재료를 넣어 섞어주세요. Step 3 한 입 크기로 자른 닭다리살은 올리브 오일, 소금, 후춧가루, 다진 마늘, 허브가루, 파프리카 파우더를 뿌려 밑간을 해주세요. Step 4 토마토와 오이는 사방 2cm 크기로 잘라주세요. 적양파도 같은 크기로 썬 후 찬물에 담가 매운맛을 빼고 물기를 제거해주세요. 양배추는 채를 썰어주세요. Step 5 달군 팬에 오일을 두른 후 닭다리살과 소스 재료를 넣어 중약불에서 앞뒤로 익혀주세요. Step 6 따뜻하게 굽거나 데운 인도식 난 또는 토르티야에 준비한 야채와 닭다리살, 차지키 소스를 곁들여 맛있게 즐겨주세요.","['저칼로리', '고지방', '고염']",양식,일반
UwJVhL9RpRibwWBanDUkDNL8,통마늘 관자볶음,키조개 관자 6개  마늘 6개  샐러리 1대  마른고추 8개  식용유 1작은술  튀김기름 3컵  XO소스 큰술  물전분 1작은술  물 컵  굴소스 큰술  후춧가루 약간,"Step 1 관자는 열십자로 일정하게 칼집을 넣어 마늘, 샐러리, 마른 고추와 함께 먹기 좋은 크기로 잘라 주세요. Step 2 관자는 마리네이드 해서 잘 버무려 줍니다. Tip. 부드럽고 잡내 없는 고기 맛을 위해 해물, 육류에 미리 마리네이드를 하면 좋아요. 마리네이드 재료해물, 육류 250g 기준  옥수수 전분 2큰술, 흰자 1개, 소금 12 작은술, 식용유 3큰술, 후춧가루 약간 Step 3 프라이팬에 식용유 2컵을 넣고 아지랑이가 피어오르면 순서 2의 관자를 넣어 부드럽게 익힌 뒤 기름기를 빼 주세요. Step 4 팬에 식용유를 두르고 마늘, 샐러리, 마른 고추를 넣고 볶다가 XO소스를 넣어 함께 볶아주세요. Step 5 순서 4에 물을 넣고 굴소스와 후춧가루로 간을 한 뒤 끓여주세요. Step 6 완성 소스가 잘 끓여졌으면 물전분으로 농도를 잡고 순서 3의 관자를 넣고 버무려 완성해 주세요. Tip. 관자에 칼집을 넣고 마리네이드 후 반죽을 살짝 입혀서 기름에 익히면, 꽃처럼 활짝 펼쳐져 더욱 부드러운 관자살을 즐길 수 있답니다","['고지방', '고염']",중식,일반
15JnhcCfSj8uWtsDC8TZ85ED,부지깽이 도토리부침개,부지깽이 100g | 식용유 적당량 | 도토리가루 6큰술 | 물 6큰술 | 간장 1큰술 | 식초 1작은술 | 잘게 썬 양파 약간 | 홍고추 약간 | 통깨 약간,Step 1 부지깽이는 흐르는 물에 헹군 후 34cm 길이로 잘라주세요. Step 2 볼에 부지깽이와 반죽 재료를 넣고 섞어주세요. Step 3 달군 팬에 약간의 기름을 두른 후 반죽을 올려 펼쳐주세요. 앞뒤로 노릇하게 구워주세요. Step 4 완성된 부지깽이 도토리부침개를 소스에 찍어 맛있게 즐겨주세요. tip. 기호에 따라 초고추장에 찍어 먹어도 맛있답니다,"['고지방', '고염']",한식,일반
q5cDSkam1acqwweokCcedGFJ,ABC주스,사과 2개  비트 1개  당근 2개  생강 1쪽  코코넛워터 2컵,"Step 1 깨끗이 씻은 사과는 껍질 째 6등분으로 잘라 씨를 제거해 주세요. 비트는 껍질을 벗긴 후 깍뚝 썰고 생강과 당근은 껍질을 벗겨 갈기 좋은 크기로 잘라주세요. Step 2 블렌더에 사과, 비트, 당근, 생강, 코코넛워터를 넣어 갈아주세요. Step 3 컵에 담아 맛있고 건강하게 즐겨주세요.",['일반'],다이어트,다이어트
WNL5aRaP2GxXkofDHZKrbrbC,쑥 찹쌀전,데친 쑥 150g | 양파 ½개 | 식용유 약간 | 찹쌀가루 1컵 | 소금 두 꼬집 | 물 1컵 | 간장 2큰술 | 설탕 1큰술 | 식초 1큰술 | 다진 양파 1큰술 | 다진 청양고추 ½큰술 | 고춧가루 1작은술 | 통깨 약간,"Step 1 데친 쑥은 듬성듬성 자르고 양파는 채를 썰어주세요. 볼에 양념장 재료를 넣어 섞어주세요. 기호에 따라 쑥을 갈아 만드셔도 돼요 Step 2 볼에 쑥과 찹쌀가루, 소금을 넣어 섞은 후 물을 넣어가며 반죽을 만든 후 양파를 넣어 섞어주세요. Step 3 달군 팬에 식용유를 두른 후 쑥전 반죽을 넣어 노릇하게 구워주세요. Step 4 쑥 찹쌀전과 양념장을 곁들여 맛있게 즐겨주세요.",['고염'],한식,일반
16ihup3ffrqZMPUaeo2cu355,토끼 모양 교자,새우 400g  부추 100g  쪽파 50g  샐러리 30g  돼지고기 A 지방 50g  감자전분 30g  달걀 1개  설탕 1g  치킨파우더 30g  백후추 20g  참기름 40g  밀전분 200g  끓는 물 200g  기름 30g  소금 1g,"Step 1 새우는 손질하고 부추, 쪽파, 샐러리는 다져주세요. Step 2 볼에 순서 1과 분량의 재료를 넣고 치대어 속재료를 만들어 주세요. Step 3 피를 밀어 준비한 속재료를 중앙에 넣어 주세요. Step 4 끝부분의 1cm를 눌러 주름잡기를 시작합니다. Step 5 왼쪽 검지로 피를 밀어 주름을 잡아주세요. Step 6 조개 모양과 비슷하게 만들어 주세요. Step 7 양 끝 부분을 합쳐서 길게 빼 주세요. Step 8 가운데를 가위로 잘라서 귀를 만들어 주세요. Step 9 완성 뒤집어서 세운 후 검정깨를 이용해 눈을 붙이고 찜기에서 4분간 쪄주세요.","['고단백', '저칼로리']",중식,일반
cGnW6Kt5QZYMhBYKKCVBB87B,호박나물볶음,애호박 1개 | 홍고추 1/2개 | 다진마늘 1/2큰술 | 소금 1/2작은술 | 통깨 약간 | 식용유 적당량 | 새우젓 1/2큰술 | 다진파 1큰술 | 참기름 1큰술 | 후추 약간,"Step 1 호박은 반으로 갈라 도톰하게 반달모양으로 썰어 소금을 뿌리고, 10분 정도 절인 후 키친타월에 올려 물기를 제거해주세요. 홍고추는 송송 썰어주세요. Step 2 프라이팬에 기름을 두르고 다진마늘을 볶다가, 향이 올라오면 호박을 넣고 볶아주세요. Step 3 호박이 익으면 양념재료와 홍고추를 넣어 볶아주세요. Step 4 접시에 애호박을 담고 통깨를 뿌려주세요.","['고지방', '고염']",한식,일반
h1TurUwv2HZc4bFSr4YkWDcW,유자 삼치조림,삼치 1마리  마늘 5쪽  페페론치노 또는 건고추 6개 1개  유자청 1큰술  녹말가루 컵  맛술 1큰술  후춧가루 약간  식용유 적당량  간장 2큰술  맛술 2큰술  물엿 2큰술  설탕 큰술  물 3큰술  생강가루 약간,"Step 1 삼치는 흐르는 물에 깨끗이 씻어 내장과 지느러미를 제거하고 가운데 뼈를 제거하고 세 장뜨기 한 후 맛술과 후춧가루를 뿌려 10분 정도 재워주세요. Step 2 마늘은 도톰하게 편으로 썰고 페페론치노는 잘게 썰어주세요.볼에 간장 소스 재료를 넣고 섞어주세요. Step 3 삼치는 물기를 제거하고 녹말가루를 앞,뒤로 고루 묻혀 달군 팬에 기름을 넉넉히 넣은 후 삼치를 앞 뒤로 노릇하게 구워주세요. Step 4 팬에 간장소스와 마늘, 페페론치노를 넣고 소스가 바글바글 끓으면 구워 놓은 삼치를 넣은 후 소스를 끼얹어가며 중약불에서 졸여주세요. Step 5 접시에 삼치조림을 담고 기호에 따라 어린잎 채소를 함께 곁들여주세요. 남은 소스를 뿌려 맛있게 즐겨주세요.",['고염'],일식,일반
yxTMgQ9Z7CT1wasJN2cS71BU,떡갈비,다진 소고기 400g | 감자 전분 2큰술 | 통깨 약간 | 대파 1/2대 | 다진 마늘 1큰술 | 간장 2큰술 | 맛술 1큰술 | 흑설탕 2큰술 | 참기름 2큰술 | 후춧가루 약간,Step 1 소고기는 키친타월에 올려 핏물을 제거하고 대파는 잘게 다져주세요. Step 2 넓은 볼에 대파와 나머지 양념 재료를 넣고 설탕이 녹을 때까지 섞어주세요. Step 3 완성된 양념에 소고기를 넣고 섞은 후 전분을 넣어 반죽의 농도를 맞춰주세요. 65g씩 떼어 둥글린 후 1cm 두께로 빚어주세요. Step 4 구이 전용 팬에 식용유를 바른 후 떡갈비를 올리고 식용유를 약간 발라주세요. Step 5 구이 전용 팬을 4단에 넣고 광파오븐 수동 요리 구이에서 12분간 익혀주세요. Step 6 완성된 떡갈비를 접시에 담고 통깨를 뿌려 맛있게 즐겨주세요.,"['고단백', '고당']",한식,일반
ixohSswZRj3588kopTfLTmva,후레쉬 트러플 스파게티,"스파게티면 100g  양파 30g  마늘 1개  송로오일 2티스푼  치킨스톡채소스톡으로 변경 가능 200ml  표고버섯 2개  양송이버섯 1개  송로버섯 20ml  이태리 파슬리 5줄기  꽃소금 약간  소금, 후추 약간  그라나 파다노 치즈 약간  올리브유 약간","Step 1 냄비에 꽃소금을 한 줌 넣고 물을 끓인 후 스파게티면을 5분간 삶아주세요. Step 2 양파와 마늘을 곱게 다지고 표고버섯과 양송이버섯은 얇게 썬 뒤, 팬에 올리브유와 송로 오일을 두르고 양파와 마늘, 버섯을 볶아주세요. Step 3 치킨 스톡, 삶아낸 면, 그라나 파다노 치즈 1티스푼, 소금을 넣고 스톡의 양이 반으로 줄어들 때까지 계속 비벼 주세요. Step 4 완성 송로 오일을 넣고 비빈 후 이태리 파슬리와 그라나 파다노 치즈, 후추, 송로버섯을 뿌려 마무리 해주세요","['저칼로리', '고지방', '고염']",양식,일반
V3LM8X2NpGrK6BETn86tWaed,새우부추전,새우 140g | 부추 40g | 밀가루 50g | 부침가루 50g | 찬물 120g | 식용유 5큰술 | 소금 1작은술 | 후추 약간,"Step 1 부추는 3cm 길이로 잘라주세요. Step 2 새우는 흐르는 물에 씻고 꼬리를 제거한 뒤 키친타월에 올려 물기를 제거해주세요. Step 3 밀가루, 부침가루, 찬물, 소금, 후추를 섞어서 반죽을 만들어주세요. Step 4 순서 3의 반죽에 부추를 넣어 골고루 섞어주세요. Step 5 달군 팬에 식용유를 두르고 순서 4의 반죽을 7cm 크기로 올린 뒤 새우를 하나씩 올리고 23분 정도 부쳐내주세요. Step 6 접시에 담아 맛있게 드세요","['고단백', '고염']",한식,일반
AiRgRh64DdA4j7VeD5FVmESK,달걀 만두,"달걀 4개 | 당면 한 줌(100g) | 대파 ½대(쪽파, 부추로 대체 가능) | 당근 ⅙개 | 식용유 적당량 | 진간장 1큰술 | 참기름 1큰술 | 설탕 ½큰술 | 후춧가루 약간 | 소금 약간 | 다진 청양고추 1큰술 | 고춧가루 1작은술 | 식초 ½큰술 | 맛술 ½큰술 | 통깨 약간","Step 1 당면은 끓는 물에 5분 정도 삶아 찬물에 헹궈주세요. 체에 밭쳐 물기를 뺀 후 먹기 좋은 크기로 잘라주세요. tip. 당면을 찬물에 헹궈주면 더욱 쫄깃쫄깃한 식감으로 드실 수 있어요 tip. 도마와 칼 대신 가위를 사용하면 더욱 수월하게 자를 수 있답니다 Step 2 당면에 양념재료를 넣고 섞어주세요. Step 3 대파와 당근은 잘게 다져주세요. Step 4 당면이 담긴 볼에 대파와 당근을 넣고 섞어주세요. Step 5 달걀을 넣어 섞어주세요. 볼에 양념장 재료를 넣어 섞어주세요. Step 6 달군 팬에 오일을 두른 후 한 국자씩 떠서 팬에 올려주세요. tip.반으로 접어서 익히는 거라 반죽을 얇게 펴서 올려주고, 원형보다 타원형 모양으로 올려 만드시는 것이 좋아요 tip. 4구 에그팬에 만들면 더욱 쉽고 예쁜 모양으로 만들 수 있어요 Step 7 다 익기 전에 반으로 접어 앞뒤로 노릇하게 구워주세요. Step 8 양념장과 곁들여 맛있게 즐겨주세요. 기호에 따라 케찹에 찍어 드셔도 맛있게 드실 수 있어요","['고단백', '고지방']",한식,일반
W2exMwa9yKgXDX6hfdySpY6V,표고 미역국,건미역 (또는 불린 미역) 15g (또는 1+½컵) | 건표고 4~6개 | 다시마 물 4컵 | 표고버섯 불린 물 3컵 | 들깨가루 1큰술 | 들기름 1큰술 | 국간장 1큰술 | 맛술 1큰술 | 다진 마늘 ½큰술 | 소금 ½작은술 | 후춧가루 약간,Step 1 불린 미역은 먹기 좋은 크기로 잘라주세요. 불린 표고버섯은 얇게 슬라이스 해주세요. tip. 찬물에 건미역을 넣고 20분 정도 불리고 깨끗하게 헹군 후 사용해 주세요 tip. 흐르는 물에 건표고를 헹군 후 20분 정도 불려 사용해 주세요 Step 2 달군 냄비에 들기름을 두르고 미역과 표고버섯을 넣고 중약불에서 3분 정도 볶다가 다시마 물과 표고버섯 불린 물을 넣고 끓여주세요. Step 3 국물 양념 재료와 들깨가루를 넣고 10분 정도 끓여주세요. Step 4 기호에 따라 소금으로 간을 맞춰 맛있게 즐겨주세요. tip. 표고를 진하게 우릴수록 국물의 감칠맛이 올라가요,"['저칼로리', '고지방', '고염']",한식,일반
oh68WjvLRVsThK7xzNXY6nzz,게살수프,"고급 맛살 또는 게살 통조림 200g  팽이버섯 한 줌  달걀 2개  실파 2줄기  전분물 물 컵, 전분 2큰술 컵  후춧가루 약간  청주 1큰술  참기름 1큰술  물 500mL  치킨스톡 3g","Step 1 팽이버섯은 밑동을 잘라 흐르는 물에 살짝 헹군 후 손으로 찢어 주세요. 실파는 송송 썰어주세요. Step 2 달걀은 흰자를 분리해 빠르게 저어주세요. 필요한 경우 게살을 잘게 찢어주세요 Step 3 물이 끓으면 청주, 게살과 팽이버섯, 후춧가루를 넣고 중불에서 2분간 끓여주세요. Step 4 약불로 줄여 전분물로 농도를 맞춘 후 흰자를 넣어 가볍게 저어주세요. Step 5 불을 끄고 참기름을 넣어 주세요. 완성된 스프를 그릇에 담아 맛있게 즐겨 주세요.","['고단백', '저칼로리', '고지방']",중식,일반
GBycdGpKwSbumDyPuuhrN8ch,연어감자샐러드,훈제연어 150g  감자 2개  양파 12개  베이컨 40g  영양부추 10g  소금.후추 약간씩  사워크림 100g  레몬즙 1큰술  올리고당 1큰술  소금 12작은술  후추 약간,"Step 1 훈제연어는 한입 크기로 자르고 감자는 사방 2cm 크기로 썰어주세요. 양파는 굵게 채 썰고 베이컨은 3cm 길이로 얇게 썹니다. Step 2 감자는 끓는 물에 소금을 넣고 12분간 삶습니다. Step 3 달군 팬에 베이컨을 먼저 볶다가 양파를 넣고 소금, 후추로 간을 해 투명해질 때까지 볶아줍니다. Step 4 감자, 베이컨, 양파, 훈제연어를 볼에 담고 드레싱 재료를 넣어 버무려주세요. Step 5 영양부추를 작게 송송 썰어서 뿌려 마무리해주세요.","['고단백', '고염']",양식,일반
UEswjDRzRpKBCuff2Mzt4Tw2,뿌리채소샐러드,단호박 13통  땅콩호박 13통  연근 13개  우엉 12대  비트 12개  당근 12개  방울토마토 5개  방울양배추 5개  올리브오일 1큰술  꿀 1큰술  소금 약간  후추 약간  마요네즈 2큰술  올리브유 2큰술  곱게 간 깨 2큰술  식초 12큰술  올리고당 1큰술,"Step 1 연근은 반달모양으로 썰고, 우엉은 굵게 어슷하게 썰어 식초를 약간 넣은 찬물에 담갔다가 물기를 제거해주세요 Step 2 단호박, 비트, 당근은 한입크기로 썰고, 방울토마토와 방울양배추는 반으로 잘라주세요. 볼에 드레싱재료를 넣고 섞어주세요. Step 3 도로 예열한 오븐에 손질한 채소를 넣고 채소밑간 재료를 뿌려 15분정도 노릇하게 구워주세요. 프라이팬을 사용하실 경우 팬에 손질한 채소를 넣은 후 채소 밑간 재료를 뿌려 중약불에서 야채가 익을 때까지 노릇하게 구워주세요. Step 4 접시에 구운채소를 담고 먹기직전 드레싱을 뿌려주세요.",['저칼로리'],다이어트,다이어트
2RofNRSdEmywo3zvPHNYa6jA,비건마요네즈,두유 100mL  포도씨유 150mL  사과식초 7g  비정제당 설탕으로 대체 가능 20g  소금 2g,Step 1 블렌더에 모든재료를 넣고 20초간 갈아주세요. tip. 완성된 비건마요네즈는 밀폐 용기에 담아 냉장 보관이 가능해요. 여러가지 요리에 곁들여 즐겨주세요. tip. 보존제가 들어있지 않기때문에 가급적 빨리 먹는 것이 좋아요 냉장 보관하며 한달 이내로 사용해 주세요.,['고지방'],채식,채식
RxP3Ex4RNWiSGzsfDfAHXeLp,콩나물간장볶음,콩나물 500g | 간장 1/5컵 | 고추장 1/3큰술 | 고춧가루 1/2큰술 | 올리고당 2큰술 | 멸치다시마 육수 1/2컵 | 식용유 2큰술 | 참기름 1큰술 | 통깨 약간,"Step 1 콩나물은 다듬어 씻은 후 체에 밭쳐주세요. Step 2 팬에 식용유를 두른 후 다듬은 콩나물과 간장, 고추장을 넣어 뚜껑을 닫고 3분 30초 정도 익혀주세요. tip.뚜껑을 닫아야 콩나물 비린내가 나지 않아요. Step 3 한 김을 낸 후 고춧가루와 올리고당, 멸치다시마 육수를 넣어 10분 정도 졸여주세요. Step 4 참기름을 두르고 살짝 더 볶아주세요. Step 5 콩나물을 접시에 담고 통깨를 뿌려 마무리해주세요.","['고지방', '고염']",한식,일반
rRwgb3cFbCBXymdc1k8FPerN,급식달걀찜,달걀 8개 | 다시마 물 1컵 | 당근 1/4개 | 양파 1/4개 | 쪽파 3대 | 식용유 약간 | 맛술 1큰술 | 소금 1작은술,"Step 1 당근과 양파는 잘게 다지고, 실파는 송송 썰어주세요. Step 2 볼에 달걀을 젓가락으로 풀어준 후 체에 내려주세요. 양념 재료와 다시마 물을 잘 섞어 달걀물을 만든 후 야채와 섞어주세요. Step 3 넓은 사각 용기 바닥에 식용유를 살짝 바른 후 달걀물을 붓고 표면의 거품을 제거한 후 랩을 씌워주세요. Step 4 냄비에 용기가 잠기지 않을 정도로 물을 붓고 뚜껑을 덮어 물이 끓으면 용기를 넣어주세요. 중약불로 2025분 정도 쪄주세요. Step 5 도마에 뒤집어서 꺼낸 후 적당한 크기로 잘라서 맛있게 즐겨주세요.","['고단백', '저칼로리']",한식,일반
1miRwBCxtkgFsn6QqhD9ZCBd,감자수제비,멸치다시육수 7컵 | 감자 2개(300g) | 애호박 1/3개 | 당근 약간 | 대파 약간 | 밀가루 1+1/2컵 | 물 1/2컵 | 소금 1작은술 | 국간장 1큰술 | 소금 2꼬집 | 후추 약간 | 간장 3큰술 | 멸치액젓 1/2큰술 | 송송 썬 청양고추 2개 | 다진 마늘 1작은술 | 설탕 1/2큰술,"Step 1 반죽을 위해 물에 소금을 넣어 소금물을 만들어주세요. 볼에 밀가루와 소금물을 섞어 잘 치대어 손으로 반죽해 주세요. 랩을 씌워 냉장고에서 20분 정도 숙성시켜주세요. tip. 약간 진 느낌으로 손에 달라붙는 정도의 반죽이 좋아요 tip. 반죽은 냉장고에서 하루 정도 숙성시키면 더 얇게 뜯을 수 있어요 Step 2 감자와 애호박은 반달 모양으로 썰고 당근은 얇게 채썰어주세요. 대파는 어슷썰어주세요. tip. 감자는 도톰하게 썰어주세요 Step 3 냄비에 멸치다시육수를 넣고 끓으면, 국물 양념 재료를 넣고 숙성된 반죽을 한 입 크기로 얇게 뜯어 넣어주세요. 감자와 애호박, 당근을 넣고 팔팔 끓여주세요. Step 4 반죽이 익을 때까지 810분 정도 끓이다가 마지막에 대파를 넣고 한소끔 끓여 완성해 주세요. Step 5 수제비를 그릇에 담고 땡초 양념장을 곁들여 맛있게 즐겨주세요.",['고염'],한식,일반
TY9CTaZckYymymnhc4ZHRRek,라따뚜이,가지 2개  주키니 호박 1개  토마토 작은 것 56개  노란 주키니 호박 1개  올리브오일 약간  소금 약간  후춧가루 약간  파슬리 약간  토마토 작은 것 1개  마늘 3톨  양파 개  토마토소스 1컵  물 1컵  버터 1큰술,"Step 1 토마토와 가지, 주키니는 얇게 슬라이스 해주세요. tip. 단면이 너무 작은 채소 자투리는 모아주세요 tip. 채칼을 사용하면 편리해요 Step 2 마늘은 편 썰고 양파는 채를 썰어주세요. 자투리 채소와 소스용 토마토 1개를 깍뚝 썰어주세요. Step 3 달군 팬에 버터를 녹인 후, 자투리 채소를 넣고 소금, 후춧가루로 간을 해 볶아주세요. Step 4 채소가 반쯤 익으면 깍뚝 썬 토마토와 토마토소스, 물을 넣고 뚜껑을 덮어 10분간 중약불로 뭉근하게 끓여 소스를 완성해 주세요. tip. 기호에 따라 허브가루를 넣어주세요 Step 5 썰어둔 가지와 주키니, 토마토를 겹쳐주세요. Step 6 소스 위에 겹친 채소를 가지런히 담고 소금, 후춧가루를 뿌린 후 다진 파슬리와 올리브오일을 섞어 발라주세요. 다진 Step 7 도로 예열한 오븐에 넣고 약 3035분간 구워주세요.","['저칼로리', '고지방', '고염']",양식,일반
tVEXUZNjzuEHsWfkRuU4cW5u,딜 사워크림,딜 5g  사워크림 200mL  바게트 또는 곡물빵 1개  올리브오일 약간,"Step 1 딜은 손으로 잎을 뜯어주세요. 사워크림에 딜을 넣어 딜 사워크림을 만들어주세요. tip.사워크림이 없을 경우 생크림 200mL, 요거트 70mL 또는 우유 70mL, 레몬즙 1큰술을 넣고 20시간 정도 실온에서 발효시켜 사워크림을 만들어주세요 Step 2 바게트는 먹기 좋게 잘라주세요. 달군 팬에 올리브오일을 약간 두른 후 빵을 구워주세요. Step 3 빵에 딜 사워크림을 발라 맛있게 즐겨주세요. tip. 기호에 따라 딜이나 차이브, 식용 꽃 등을 장식해도 좋아요",['고지방'],양식,일반
tkPCkjzd4XdCGXFLWUZadXJ4,멘보샤,식빵 4장  새우 68마리250g  청주 1큰술  후춧가루 약간  달걀 흰자 1개  전분 1큰술  올리브오일 1큰술  소금 두 꼬집,Step 1 새우는 껍질과 내장을 제거하고 청주와 후춧가루를 뿌려 밑간해 주세요. Step 2 새우의 물기를 제거한 후 잘게 다져주세요. Step 3 볼에 다진 새우와 속 재료를 섞어 새우 반죽을 만들어주세요. 다진 Step 4 식빵은 테두리를 자른 후 4등분하고 식빵 한 면에 새우 반죽을 넣고 식빵으로 덮어주세요. Step 5 법랑 접시에 식용유를 약간 바른 후 멘보샤를 가지런히 올린 후 윗면에 식용유를 발라주세요. Step 6 법랑 접시를 2단에 넣고 광파오븐 자동 요리 에어프라이에서 고구마 맛탕 0.2kg 분량으로 설정 후 시작해 주세요. 도중에 멜로디가 울리면 멘보샤를 한번 뒤집고 계속 조리해 주세요. tip. 오븐으로 전송 버튼을 누르면 시간을 조절 할 필요 없이 간단하게 설정할 수 있어요 Step 7 접시에 멘보샤를 담고 칠리소스나 케첩 등을 곁들여 맛있게 즐겨주세요.,['고단백'],중식,일반
YY64q1PoaA7BH1CSMBRajmda,소시지야채볶음,"비엔나소시지 25개(225g) | 양파 1/2개 | 파프리카(초록, 노랑, 빨강) 1/3개씩 | 식용유 약간 | 파슬리(생략가능) 약간 | 통깨 약간 | 케첩 4큰술 | 굴소스 1큰술 | 맛술 1큰술 | 물엿 1큰술 | 다진마늘 1/2큰술 | 후추 약간","Step 1 비엔나소시지는 한쪽에만 칼집을 낸 후, 끓는 물에 넣어 30초 정도 데쳐주세요 Step 2 양파와 파프리카는 한입크기로 크기로 썰고, 파슬리는 잘게 다져주세요. Step 3 볼에 양념 재료를 넣고 섞어주세요. 양념 Step 4 달군 팬에 식용유를 두르고 비엔나소시지와 양파를 1분 정도 볶다가, 파프리카를 넣어 약간의 소금과 후추를 뿌려 볶아주세요. 양념을 넣고 고루 섞이도록 볶아주세요. Step 5 접시에 소시지야채볶음을 담고, 통깨와 다진 파슬리를 뿌려 마무리해주세요.","['저칼로리', '고염']",한식,일반
Ufk1SvxPBRWi3nKsiW5mCeun,양배추비트물김치,무 13개  양배추 12통  쪽파 6대  굵은 소금 3큰술  홍고추 5개  사과 1개  파프리카 1개  양파 12개  마늘 60g  비트 30g  생강 10g  물 1컵  물 9컵1.8L  매실청 2큰술,"Step 1 무는 한입 크기로 나박하게 썰고 양배추는 겉잎을 떼어내고 무와 비슷한 크기로 썰어주세요. 쪽파는 4cm 길이로 잘라주세요. Step 2 무, 양배추를 볼에 담고 굵은 소금을 뿌려 30분간 절여주세요. Step 3 홍고추는 반을 갈라 씨를 빼주세요. 나머지 양념 재료도 적당한 크기로 잘라 함께 믹서에 갈아주세요. Step 4 국물 재료를 잘 섞은 후 STEP3를 망에 넣고 즙만 짜서 넣어주세요. Step 5 절인 무와 양배추는 체에 밭쳐 물기를 빼주세요. Step 6 김치통에 무, 양배추, 쪽파를 넣고 국물을 부은 후 하루 동안 실온에 두고 숙성해주세요. Step 7 TIP. 냉장 보관하고 먹기 직전에 돌나물과 사과를 썰어 곁들여주세요.",['고염'],채식,채식
LcYSsnvDXiUju2J9EK1W2hPY,당근라페와 샌드위치,당근 2개400g  소금 1작은술  올리브오일 3큰술  레몬즙또는 식초 2큰술  홀그레인머스타드 1큰술  설탕 1큰술  후춧가루 약간  당근 라페 적당량  호밀빵 2장  루꼴라 약간  크림치즈 2큰술,"Step 1 당근은 깨끗이 씻어 껍질을 벗기고 채칼 또는 칼을 이용해서 가늘게 채를 썰어주세요. Step 2 볼에 채 썬 당근을 담고 소금을 뿌린 후 골고루 섞어 10분 정도 절여주세요. Step 3 볼에 오일 소스 재료를 넣어 섞어주세요. Step 4 절인 당근에 오일 소스를 넣어 섞고 보관 용기에 담은 후 냉장고에서 23시간 숙성시켜주세요. 샐러드 또는 카나페, 샌드위치 등에 이용하시면 좋아요. 카나페 Step 5 빵 한쪽 면에 크림치즈를 바른 후 루꼴라와 당근라페를 올려주세요. 빵 Step 6 적당한 크기로 잘라 맛있게 즐겨주세요.","['저칼로리', '고지방', '고염']",양식,일반
6Kn5hmWCFQKb7xheaoNHownw,스키야키,소고기 등심0.5cm 두께로 자른 것 300g  달걀 2개  판두부 모  우엉 40g  양파 개  대파 1개  느타리버섯 40g  가쓰오 다시 1컵200ml  쑥갓 조금  진간장 2컵  미림 4컵  설탕 1컵  다시마 사방 10cm 1장,"Step 1 우엉은 껍질을 벗겨 연필을 깍듯이 잘라 물에 담가두고, 양파는 0.5cm로 자른 뒤 대파도 0.5cm 두께로 어슷 썰어 주세요. Step 2 판두부는 2cm x 2cm로 자르고 프라이팬에 노릇노릇하게 구워 주세요. Step 3 가쓰오 다시와 스키야키 소스 베이스를 섞어준 뒤, 냄비에 고기 놓을 자리를 빼고 순서 1, 2의 모든 재료를 넣고 소스를 부어 끓여주세요. 고기 Step 4 순서 3에 고기를 넣고 끓으면 쑥갓을 올려 마무리 해주세요. Step 5 완성 날달걀은 따로 준비해서 곁들여 드세요. Tip. 고기의 익힘 정도는 개인의 취향에 따라 주세요. Step 6 가쓰오 다시 재료  물 10컵1800ml, 가쓰오부시 200g, 다시마5cmX5cm 1장 1. 물에 다시마를 넣고 1시간 후 불에 올려주세요. 2. 물이 끓으려고 하면 불을 줄이고 20분간 놔두세요. 3. 다시마를 건지고 가쓰오부시를 넣어주세요. 4. 약한 불에 10분간 끓이고 거품을 제거한 뒤, 불을 끄고 가쓰오부시가 가라않으면 체에 걸러주세요. 가쓰오부시","['고단백', '저칼로리']",일식,일반
ymuzLFSuEyaENnv2ZMrPH2We,애호박채전,애호박 1개  양파 개  소금 작은술  통밀가루 1컵  식용유 약간  간장 1큰술  식초 1큰술  물 큰술  청양고추 개  통깨 약간,"Step 1 애호박은 채칼을 이용해 길고 얇게 썰어주세요. 양파는 얇게 채 썰어주세요. Step 2 애호박에 소금을 넣고 가볍게 버무린 후, 양파와 통밀가루를 넣고 섞어주세요. Step 3 달군 팬에 기름을 두르고 반죽을 올려 펼친 후 약불에서 앞뒤로 노릇하게 5분간 구워주세요. Step 4 볼에 초간장 재료를 넣고 섞어주세요. Step 5 접시에 담아 맛있게 즐겨주세요.","['고지방', '고염']",채식,채식
aqnyvZDijf8Ui8o4GLFnjQGB,성게미역국,성게 60g | 건 미역 15g | 다시마 육수 5컵 | 국간장 1큰술 | 참기름 1큰술 | 멸치액젓 1/2큰술 | 소금 약간,Step 1 미역은 물에 담가 10분 정도 불려주세요. 불린 미역은 먹기 좋게 썬 후 물기를 제거해 주세요. Step 2 냄비에 참기름을 두르고 미역을 볶아주세요. 미역이 부드러워지면 국간장을 넣고 2분정도 더 볶아주세요. Step 3 다시마 육수를 넣고  정도 넣고 10분 정도 끓여주세요. Step 4 나머지 다시마 육수를 모두 넣고 성게알과 액젓을 넣어 5분 정도 더 끓여주세요. 부족한 간은 소금으로 맞춰주세요. Step 5 완성된 성게미역국을 그릇에 담고 밥과 함께 즐겨주세요.,"['고지방', '고염']",한식,일반
qx6cpvsxy3TQCnpZJJexfzR3,배추말이만두,배추 1통  갈은 돼지고기 100g  두부 1모  부추 약간  생강 가루 약간  소금 약간  후춧가루 약간,Step 1 배추는 밑동을 자르고 잎을 떼어낸 후 굵은 줄기 부분을 5센치 정도 잘라내 주세요. Step 2 내열 용기에 배추를 담아주세요. 법랑 접시에 석쇠를 놓고 내열 용기를 올려 1단에 넣고 광파오븐 수동 요리 스팀 레인지에서 3분간 조리해 주세요.  광파오븐 스팀 물통에 물을 채우고 시작해주세요. Step 3 부추는 다져주세요. 두부는 물기를 짜주세요. Step 4 볼에 속 재료를 넣고 섞어주세요. Step 5 배춧잎에 속 재료 1큰술을 넣고 돌돌 말아주세요. Step 6 배추 만두를 내열 용기에 담아주세요. 법랑 접시에 석쇠를 놓고 내열 용기를 올려 1단에 넣고 광파오븐 수동 요리 스팀 레인지에서 7분간 익혀주세요.  광파오븐 스팀 물통에 물을 채우고 시작해주세요. Step 7 완성된 배추 만두를 접시에 담고 초간장을 곁들여 맛있게 즐겨주세요.,"['고단백', '저칼로리', '고염']",다이어트,다이어트
E7dzLGHTJWmYJ8ot6yZhqGn2,매콤 새우 스틱 춘권,새우 400g  배추 20g  죽순 40g  돼지고기 A 지방 50g  쪽파 20g  고추기름 30g  갈릭 고추 소스 30g  감자전분 15g  백후추 1g  설탕 2g  소금 1g  참기름 40g  춘권피 6장  밀가루풀물1밀가루1 약간,"Step 1 새우는 손질하여 물기를 제거하고, 죽순과 배추는 채 썰고, 쪽파는 송송 썰어 준비해 주세요. Step 2 볼에 순서 1과 분량의 소스를 넣고 새우를 으깨면서 치대주세요. Step 3 준비해둔 춘권피의 중앙에 속재료를 길게 넣어주세요. Step 4 춘권피 사방에 밀가루 풀을 발라주세요. Step 5 춘권피는 반으로 접고 가늘고 길게 말아줍니다. Step 6 완성 일정한 굵기로 말아준 후 가열된 기름에 넣고 색이 변할 때까지 튀겨주면 완성이예요. Tip. 밀가루풀을 꼼꼼히 발라야 튀길 때 예쁜 모양을 얻을 수 있답니다.","['고단백', '고지방']",중식,일반
mbNDP2bjb6Y3tRE2QrLAPytn,미나리 조개탕,미나리 100g | 모시조개 1kg | 홍고추 1개 | 청양고추 1개 | 다시마 (4*4cm) 1장 | 물 8컵 | 소금 1작은술,"Step 1 모시조개는 소금물에 담가 34시간 정도 해감 후 깨끗이 씻어주세요. Step 2 미나리는 5cm 길이로 자르고 홍고추와 청양고추는 어슷하게 썰어주세요. Step 3 냄비에 물과 다시마를 넣어 물이 끓으면 다시마를 건져내고, 모시조개를 넣어 끓여주세요. 조개의 입이 벌리면 소금을 넣어 간을 맞춰주세요. Step 4 홍고추와, 청고추, 미나리를 넣어 한소끔 끓여 완성해 주세요. Step 5 완성한 조개탕을 그릇에 담아 맛있게 즐겨주세요.",['고염'],한식,일반
on8MzbcGnT4MQChyRmn7S4kW,샤프론 리소토,"쌀 80g  양파 70g  마늘 1개  그라나 파다노 치즈 4티스푼  버터 2티스푼  방울토마토 5개  관자 2마리  새우 6마리  초록콩 20알  샤프론 1티스푼  화이트 와인 100ml  조개 스톡 200ml  소금, 후추 약간  올리브유 약간","Step 1 쌀은 물에 미리 3시간 정도 불려서 씻어 전분기를 제거해 주세요. 양파는 곱게 다지고 다진 양파의 반만 팬에 볶은 후 전분기를 제거한 쌀을 함께 넣어 볶아준 뒤 물기가 완전히 사라지면 준비된 화이트 와인 반50ml을 넣어주세요. 3 쌀이 살짝 잠길 정도로 물을 넣고 잘 저어 쌀을 반 정도만 익힌다. Step 2 조개 스톡과 샤프론을 넣고 조개 스톡이 노란 색이 될 때까지 약불로 3분 정도 끓여주세요. Step 3 순서 2의 쌀과 토마토, 콩을 넣고 촉촉한 상태가 될 때까지 약불에서 저어주세요. Step 4 팬을 달군 후 관자를 바삭하게 구워주세요. Step 5 완성 버터와 그라나 파다노 치즈를 넣어 잘 섞고 관자를 올리고 접시에 담아주세요.",['고지방'],양식,일반
uzY3NTnA1sskskdrXozj88nK,금태 술찜,금태 1마리  산마 간 것 30g  빨간 파프리카 10g  정종 2큰술  소금 조금  가쓰오 다시 컵120ml  레몬 1조각  연간장 1큰술  설탕 1작은술  감자전분 조금,"Step 1 금태는 비늘을 벗기고 머리와 내장을 제거하여 네 토막으로 자른 다음, 끓는 소금물에 데쳐 얼음물에 식힌 뒤 소금을 조금 뿌려 10분간 간이 배게 해주세요. 파프리카는 다져주세요. Step 2 스테인레스 틀에 순서 1의 금태를 놓고 정종을 뿌린 다음 찜기에 넣어주세요. 금태 위에 산마와 파프리카를 올리고 센 불로 10분간 쪄 줍니다. Step 3 분량의 소스 재료를 모두 섞고 감자전분을 적당히 풀어 끓여 주세요. Step 4 완성 그릇에 순서 2의 금태찜을 담고 순서 3의 소스를 뿌리면 완성이예요. Tip. 금태 살은 부드러우니 옮길 때 조심해야 해요 Step 5 가쓰오 다시 재료  물 10컵1800ml, 가쓰오부시 200g, 다시마5cmX5cm 1장 1. 물에 다시마를 넣고 1시간 후 불에 올려주세요. 2. 물이 끓으려고 하면 불을 줄이고 20분간 놔두세요. 3. 다시마를 건지고 가쓰오부시를 넣어주세요. 4. 약한 불에 10분간 끓이고 거품을 제거한 뒤, 불을 끄고 가쓰오부시가 가라않으면 체에 걸러주세요. 가쓰오부시","['저칼로리', '고염']",일식,일반
QxLfYkoJ5qQAmKDriCFSTPfC,슈니첼,돼지고기 등심 350g  달걀 2개  밀가루 1컵  빵가루 건식 3컵  레몬 1개  크렌베리 잼 약간  식용유 적당량  갈은 양파 4큰술  소금 약간  후춧가루 약간  마요네즈 3큰술  레몬즙 1큰술  연유 또는 올리고당 1큰술  레몬제스트 약간,"Step 1 돼지고기는 0.8cm 두께로 썰고 잔 칼집을 넣어 납작하게 납작하게 두드려주세요. tip 잔 칼집을 넣은 돼지고기를 비닐에 넣어 두드려서 넓게 펴 주세요. Step 2 손질한 돼지고기는 고기 밑간 재료에 30분정도 재워주세요. Step 3 레몬은 깨끗이 씻어 반은 4등분으로 자르고 나머지는 속 껍질을 제거하고 겉 껍질을 잘게 잘라 넣어 레몬 마요 소스를 만들어주세요. Step 4 돼지고기를 한 장씩 펼쳐밀가루달걀물빵가루 순으로 묻혀주세요. Step 5 도로 예열된 기름에 고기를 넣고 앞 뒤로 노릇하게 튀겨주세요. Step 6 접시에 슈니첼을 담고 레몬과 레몬 마요 소스, 크랜베리 잼을 곁들여 주세요. tip 기호에 따라 감자튀김 또는 버터 알감자구이 등과 함께 곁들여 즐겨주세요.","['고단백', '고지방']",양식,일반
VWMyPM5XPAJ6aMCX4BJjDmv2,양배추 닭가슴살 샐러드,양배추 14개 300g  오이 1개  닭가슴살 100g  다진 견과류 40g  건 크랜베리 40g  파마산치즈 30g  그릭요거트 100g  홀그레인 머스타드 1큰술  식초또는레몬즙 1큰술  알룰로스시럽 1큰술  소금 12 작은술  후추 약간,"Step 1 양배추는 겉잎을 떼어내고 물에 10분 이상 담가 두었다가 흐르는 물에 헹궈주세요. Step 2 닭가슴살은 끓는 물에 15분간 삶아주세요. 한 김 식힌 후 잘게 찢어주세요. Step 3 세척한 양배추는 심을 제거하고 얇게 채를 썰어주세요. tip. 채칼을 사용하면 편리해요 Step 4 오이는 반으로 갈라 씨를 제거하고 작은 큐브 모양으로 썰어주세요. tip. 씨를 제거하면 냉장고에 보관해도 물이 적게 생겨요 Step 5 볼에 소스 재료를 넣고 섞어주세요. Step 6 손질해둔 양배추, 오이, 닭가슴살에 다진 견과류와 크랜베리를 넣고 소스를 넣어 섞어주세요. Step 7 파마산 치즈를 갈아서 뿌린 후 가볍게 버무려주세요. Step 8 접시에 담아 맛있게 즐겨주세요. tip. 샌드위치 속으로 활용해도 좋아요","['고단백', '저칼로리', '고지방']",다이어트,다이어트
af1DpJUDM8f68FfX4oSsZ2Ba,케일 강된장쌈밥,케일 16장 | 밥 2공기 | 애호박 1/3개 | 대파 1/2개 | 다진 마늘 1큰술 | 청양고추 2개 | 홍고추 1개 | 다시마 우린 물 1컵 | 두부 1모 | 들기름 약간 | 소금 약간 | 통깨 약간 | 된장 2큰술 | 멸치액젓 1큰술 | 올리고당 1큰술,"Step 1 케일은 깨끗이 씻어 내열용기에 담고 물을 자작하게 붓고 랩또는 뚜껑을 씌워주세요. 법랑접시에 석쇠를 놓고 내열용기를 올려 1단에 넣고 광파오븐 수동 요리 레인지에서 1분간 조리해 주세요. Step 2 밥에 소금과 통깨, 참기름을 넣고 섞은 후 한입 크기로 동그랗게 말아주세요. Step 3 케일에 밥을 넣고 돌돌 말아주세요. tip. 케일잎이 작으면 2겹 겹쳐서 사용해도 좋아요 tip. 케일의 줄기부분을 얇게 썰어내면 말기 편리해요 Step 4 애호박은 작게 깍뚝 썰고 대파, 고추는 송송 썰어주세요. Step 5 냄비에 들기름을 약간 넣고 다진마늘을 볶다가 애호박을 넣고 볶아주세요. 대파와 청양고추, 강된장 양념 재료와 다시마 우린물을 넣고 한소끔 끓여주세요. Step 6 두부는 깍뚝 썰어 소금으로 밑간 하고 달군 팬에 들기름을 둘러 노릇하게 구워내주세요. tip. 구울 때 기름이 튈 수 있으니 두부는 키친 타월에 올려 물기를 제거해주세요 Step 7 그릇에 강된장을 담고 케일쌈밥과 송송 썬 홍고추, 구운 두부를 올려 완성해주세요.","['고단백', '저칼로리', '고지방', '고염']",한식,일반
1x8u5iLqzVJ4EcoX2X2uUgjq,배 새우 두부 무침,배 개  새우 4마리  완두콩 6알  순두부 250g  땅콩버터 큰술  진간장 작은술  정종 1작은술  미림 1작은술  벌꿀 1작은술  시판 깨소스 2큰술  소금 조금,"Step 1 배는 껍질을 벗기고 0.5cm x 3cm로 잘라 주세요. Step 2 새우는 끓는 소금물에 가볍게 삶아 껍질을 벗기고 1cm 크기로 자르고, 완두콩은 삶아서 겉껍질과 속껍질을 벗겨 알맹이만 골라놔 주세요. Step 3 순두부는 무거운 그릇이나 돌을 얹어 2시간 정도 물기를 빼놓아 주세요. Step 4 순서 4에 분량의 소스 재료를 넣고 잘 섞어 소스를 완성한 뒤, 만들어진 소스 1큰술로 배와 새우를 버무려 주세요. Step 5 완성 완두콩을 올려 마무리하면 완성이예요. Tip. 두부의 물기는 더 이상 물이 나오지 않을 정도로 충분히 빼주어야 배합이 맞아요.","['고단백', '저칼로리', '고염']",일식,일반
3GY8t1JWVVAyL6ZnvCmiCVWb,오징어뭇국,오징어(작은 사이즈) 2마리 | 무 1/4개 | 대파 1/2대 | 청양고추 1/2개 | 홍고추 1/2개 | 다시마멸치육수 4컵 | 국간장 2큰술 | 다진마늘 1/2큰술 | 소금 약간,"Step 1 오징어는 껍질과 내장을 제거하고, 다리와 함께 먹기 좋은 크기로 잘라주세요. Step 2 무는 사방 3센치로 나박썰기하고, 대파는 반으로 잘라 4센치 길이로 썰어주세요. 청고추와 홍고추는 어슷하게 썰어주세요. Step 3 냄비에 다시마멸치육수와 무를 넣어 끓이다가, 무가 투명해지면 오징어와 양념 재료를 넣어 약 5분간 끓인 후 썰어 둔 채소를 넣어 한소끔 더 끓여주세요. Step 4 적당한 그릇에 담아 밥과 함께 즐겨주세요.","['고단백', '저칼로리']",한식,일반
EPAkRb8VrVNewU3bF7RABtuR,오리스테이크,오리 가슴살 2개  꿀 2큰술  샬롯 5개 200g  발사믹 식초 5큰술  화이트와인 반컵  소금 약간  후추 약간,"Step 1 오리 가슴살에 붙은 근막과 지방을 정리하고, 껍질 면에 칼집을 깊게 넣어 주세요. tip. 오리 가슴살의 잡내 제거를 위해 화이트와인에 10분 정도 재워주세요. Step 2 프라이팬을 달군 후, 오리 가슴살의 기름 부분이 밑으로 가도록 놓고 소금, 후추를 뿌려 2분간 구워 주세요. Step 3 껍질 쪽을 바삭하게 구운 후 뒤집어 2분간 익혀주세요. 180도로 예열된 오븐에서 1015분간 구워주세요. Step 4 샬롯을 잘게 썰어 오리 가슴살을 구웠던 팬에 5분 정도 볶아주세요. Step 5 볶아진 샬롯에 발사믹 식초와 꿀을 넣고 약불에서 3분간 졸여 주세요 tip. 샬롯이 투명하고 갈색으로 변하기 시작 할 때 발사믹과 꿀을 넣어 주세요 발사믹 Step 6 구워놓은 오리 가슴살을 먹기 좋게 칼로 잘라 접시에 담고, 소스를 곁들여 맛있게 즐겨주세요.","['고지방', '고염', '고당']",양식,일반
vBRDGvAbqzqLBgx7CoRE4XE5,냉이밥과 달래장,냉이 두줌(80g) | 불린 쌀 1/2컵 | 불린 현미 1/2컵 | 들기름 1큰술 | 소금 약간 | 물 1컵 | 달래 반줌(20g) | 간장 2큰술 | 고춧가루 1/2큰술 | 설탕 1/2큰술 | 다진마늘 1/2큰술 | 통깨 약간,"Step 1 냉이는 손질하여 먹기 좋은 크기로 자른 후 흐르는 물에 깨끗이 씻어주세요. 달래는 알뿌리 끝에 있는 흙을 제거한 후 흐르는 물에 깨끗이 씻어 잘게 썰어주세요. tip. 달래의 뿌리부분을 칼등으로 으깬 후 썰어 넣으면 좀 더 진한 달래향을 느끼실 수 있답니다 Step 2 끓는 물에 소금을 약간 넣고, 냉이를 30초 정도 살짝 데친 다음 찬물에 헹궈 물기를 짜주세요. Step 3 데친 냉이에 들기름과 소금을 넣어 무쳐주세요. 달래장 재료를 모두 섞어주세요. Step 4 냄비에 불린 쌀과 불린 현미, 물을 넣고 뚜껑을 닫아 센불에서 끓이다가 끓어오르면 약불로 줄여 1015분 정도 더 끓여주세요. Step 5 무쳐둔 냉이를 얹어 뚜껑을 닫고, 약불에서 5분 정도 후 불을 끈 후 뜸을 들여주세요. Step 6 달래장과 곁들여 비벼드시면 향긋한 봄의 맛을 느낄 수 있어요.","['고지방', '고염']",한식,일반
gQBnR1DJuhTbwdzn1B5XFoWT,무화과베이컨말이구이,무화과 5개  베이컨 10줄  발사믹글레이즈 적당량,Step 1 무화과를 흐르는 물에 깨끗하게 씻어준 후 꼭지를 자르고 세로로 4등분 해주세요. Step 2 무화과의 뾰족한 부분이 위로 오게 하여 베이컨을 돌돌 말아주세요. Step 3 뜨겁게 달군 팬에 준비한 무화과를 올려주세요. 베이컨이 익을 정도로 돌려가며 구워주세요. Step 4 그릇에 담고 발사믹글레이즈를 살짝 뿌려주세요.,['일반'],양식,일반
9PEkuvr9Z7CTeSwUuww8A7HM,김말이칠리탕수,김말이 400g | 청피망 ¼개 | 파프리카 ¼개 | 양파 ¼개 | 고추기름 1큰술 | 케찹 3큰술 | 두반장 1큰술 | 설탕 1큰술 | 물엿 1큰술 | 식초 ½큰술 | 물 ½컵 | 전분가루 ½큰술 | 물 1큰술,"Step 1 홍피망과 청피망, 양파를 잘게 썰고, 볼에 소스 재료를 넣고 섞어주세요. Step 2 팬에 기름을 넣고 170도로 달군 후 김말이를 넣어 바삭하게 튀겨주세요. Step 3 달군 팬에 고추기름을 두르고 양파를 볶다가 소스 재료를 넣고 끓여주세요. Step 4 소스가 끓으면 청피망, 파프리카를 넣어 섞어주세요. 녹말물을 넣어 걸쭉한 농도가 되면 불을 꺼주세요. Step 5 접시에 김말이를 담고 소스를 곁들여 맛있게 즐겨주세요.",['고지방'],한식,일반
vnCjDv93A4bRD9wY59nefETe,가지 솥밥,가지 2개 | 다진 쇠고기 200g | 불린 쌀 2컵 | 마늘 3톨 | 쪽파 3대 | 식용유 적당량 | 다시마 육수 2컵 | 간장 1큰술 | 두반장 1큰술 | 설탕 1큰술 | 다진 마늘 ½큰술 | 참기름 약간 | 후춧가루 약간 | 간장 3큰술 | 맛술 1큰술 | 다진 마늘 1작은술 | 다진 청양고추 2큰술 | 참기름 1큰술 | 매실청 1큰술 | 통깨 약간,"Step 1 가지는 길게 반으로 자른 후 먹기 좋은 크기로 썰어주세요. 마늘은 편으로 썰고, 쪽파는 송송 썰어주세요. 가지 껍질을 필러로 듬성듬성 벗겨주면 더 부드러운 식감으로 즐기실 수 있어요 Step 2 쇠고기는 핏물을 제거한 후 볼에 쇠고기와 고기 간장 양념 재료를 넣고 조물조물 버무려 밑간을 해주세요. 볼에 양념장 재료를 넣어 섞어주세요. Step 3 달군 팬에 오일을 살짝 두르고 가지를 노릇하게 구운 후 그릇에 덜어놔주세요. 가지를 구운 팬에 밑간 해둔 쇠고기를 볶아주세요. tip. 가지가 물러지지 않는 선에서 한 쪽 면씩 잘 익혀주세요 Step 4 달군 냄비에 오일을 두른 후 마늘을 노릇하게 볶다가 불린 쌀을 넣어 볶아주세요. 다시마 육수를 넣고 뚜껑을 덮어 중간불에서 끓여주세요. Step 5 밥 물이 끓어오르면 불을 약불로 줄여 1520분 정도 익힌 후 불을 끄고 구운 가지와 쇠고기를 넣어 뚜껑을 덮고 5분 정도 뜸을 들여 완성해 주세요. Step 6 완성된 솥밥에 송송 썬 실파를 올리고 주걱으로 가볍게 섞은 후 기호에 따라 양념간장을 곁들여 주세요.","['고지방', '고염']",한식,일반
Md9gzHDGk4f2aFLoxFZhrujN,딸기롤프렌치토스트,식빵 5장  딸기 10개  크림치즈 3큰술  누텔라초코잼 약간  버터 약간  슈가파우더 약간  달걀 2개  우유 14컵  설탕 12큰술  계피가루 약간  소금 약간,"Step 1 딸기는 길게 4등분으로 자르고, 식빵은 테두리를 잘라 밀대로 밀어주세요. Step 2 식빵 위에 크림치즈를 펴 바르고, 한쪽 끝에 누텔라딸기 순으로 올려 돌돌 말아주세요. Step 3 달걀물 재료를 고루 섞은 후 말아놓은 식빵롤 표면에 달걀물을 묻혀주세요. Step 4 팬에 약간의 버터를 넣고, 식빵롤을 굴려가며 노릇하게 익혀주세요. 팬에서 익힐 때 식빵이 겹쳐진 부분부터 먼저 익혀주세요. Step 5 접시에 담은 후 슈가파우더또는 설탕계피가루를 뿌려주세요.","['고단백', '고지방', '고당']",양식,일반
PmRvpok5N7yZRz5rnZPLmVbX,매콤 비빔 교자,청경채 1개  쪽파 10g  교자 카테고리 내 레시피 참조 6개  건고추 3개  굴소스 30g  고추기름 30g  백후추 2g  설탕 1g  산초가루 1g  검은콩 소스 1g,Step 1 교자와 재료를 준비해 주세요. 교자는 카테고리 내 레시피를 참조해 주세요. Step 2 팬에 기름을 붓고 교자를 튀겨주세요. Step 3 팬에 고추기름을 두르고 준비한 채소와 분량의 재료로 만든 소스를 넣고 볶아주세요. Step 4 완성 튀겨낸 교자를 그릇에 담고 순서 3을 뿌리면 완성이예요. Tip. 검은콩 소스는 쉽게 말해 고추기름을 말해요.,"['저칼로리', '고지방']",중식,일반
f2v1e5Kd4caoW1vZcwrsJG7v,표고버섯 덮밥,표고버섯 6개 150g  양파 개  대파 대  다진 마늘 1큰술  참기름 1큰술  식용유 약간  통깨 약간  레드페퍼 약간 또는 청양고추 개  밥 2공기  간장 1큰술  올리고당 1큰술  맛술 1큰술  설탕 큰술  참기름 큰술  후추가루 약간,Step 1 표고버섯은 밑동 부분을 자르고 먹기 좋게 슬라이스해주세요. 양파는 채를 썰어주세요. 대파는 흰 부분과 푸른 부분을 분리한 후 가늘게 채를 썰어주세요. 볼에 양념재료를 넣고 섞어주세요. tip 표고버섯의 기둥은 손으로 찢어 준비해 주세요. tip 대파의 속심 부분은 잘게 썰어 양념재료와 함께 섞어주세요. Step 2 달군 팬에 식용유를 넉넉히 두르고 다진 마늘과 대파 흰 부분을 넣어 볶아주세요. Step 3 마늘과 파의 향이 올라오면 표고버섯과 양파를 넣어 볶다가 양념재료를 넣어 졸이듯이 볶아주세요. Step 4 마지막에 불을 끄고 대파 푸른 부분을 넣고 참기름을 둘러주세요. Step 5 그릇에 밥을 담고 완성된 표고버섯볶음을 얹은 후 통깨와 레드페퍼를 뿌려 맛있게 즐겨주세요.,"['저칼로리', '고지방']",채식,채식
47ngkS1Uxfov9uhMryR5hGic,칠리새우,"새우 25마리  당근 16개  청고추, 홍고추 12개씩  다진 양파 3큰술  다진 마늘 2큰술  다진 생강 12작은술  다진 대파 2큰술  완두콩 2큰술  달걀흰자 1개  전분가루 34컵  튀김가루 13컵  식용유 2큰술  물 12컵  맛술 12큰술  소금 12작은술  후추 약간  케첩 5큰술  물 5큰술  두반장 1큰술  설탕 2큰술  올리고당 2큰술  칠리소스 1큰술  식초 12큰술","Step 1 손질한 새우를 새우 밑간 재료에 10분간 재워주세요. Step 2 새우에 달걀 흰자를 먼저 묻힌 뒤 튀김 반죽을 묻혀주세요. Step 3 냄비에 기름을 넉넉히 두르고 기름 온도를 180도로 올린 후 새우를 튀겨주세요. tip.새우를 두 번 튀기면 더 바삭해져요. Step 4 당근, 청고추와 홍고추는 굵게 다져주세요. 넓은 팬에 기름을 두르고 다진 마늘, 대파, 생강을 넣어 강불로 볶아주세요. Step 5 마늘의 향이 올라오면 다진 양파, 당근, 청홍고추, 완두콩 순서로 넣어 약간 볶다가 불을 줄이고 소스 재료를 모두 넣어 조려주세요. Step 6 소스가 자작해지면 튀긴 새우를 넣어 함께 버무려주세요. Step 7 완성된 요리를 그릇에 담아 맛있게 즐겨주세요.","['고단백', '고지방']",중식,일반
XxFFmnHQm2UmedvhA4krQA3U,바질페스토 감바스,새우 15마리  마늘 10쪽  브로콜리 16송이  미니 새송이 버섯 6개  페퍼론치노 3개  로즈마리 약간  바게트 빵 약간  올리브 오일 2컵  바질페스토 적당량  소금 약간  후춧가루 약간,"Step 1 새우는 머리를 제외하고 꼬리 한마디만 남기고 껍질을 벗긴 후 내장을 제거해주세요. 새우에 약간의 소금, 후춧가루를 뿌려 밑간을 해주세요. Step 2 마늘은 편으로 썰고 미니 새송이 버섯은 반으로 잘라주세요. 브로콜리는 적당한 크기로 잘라주세요. Step 3 바게트는 1센치 두께로 자르고 달군 팬에 올려 앞뒤로 노릇하게 구워주세요. Step 4 냄비에 올리브오일과 마늘을 넣고 약간의 기포가 올라올 때까지 2분 정도 끓여주세요. Step 5 새우와 새송이버섯, 브로콜리, 로즈마리, 페퍼론치노를 넣고 34분 정도 더 끓여주세요. Step 6 불을 끈 후 바질페스토를 넣어 완성해주세요. 바게트를 곁들여 맛있게 즐겨주세요.","['고단백', '저칼로리', '고지방', '고염']",양식,일반
UkKFjGhWWcNRzteRokYzZW3W,루꼴라 오픈 토스트,루꼴라 한 줌  호밀빵 4조각  햄 2장  슬라이스 치즈 2장  양파 피클 약간  마요네즈 2큰술  후춧가루 약간  올리브오일 약간,Step 1 빵을 적당한 크기로 잘라 구이 전용 팬에 올리고 광파오븐 수동 요리 구이에서 7분간 구워주세요. Step 2 빵에 마요네즈를 바르고 치즈  햄  양파 피클  루꼴라 순으로 올려주세요. tip. 양파피클이 없다면 일반 오이피클로 대체해도 좋아요 Step 3 접시에 담고 후춧가루와 올리브오일을 뿌려 맛있게 즐겨주세요.,"['저칼로리', '고지방']",양식,일반
5FijhEQU4rkadTKjBUWXTUgS,치킨꼬르동블루,닭다리살또는 닭가슴살 400g  체더치즈 4장  달걀 2개  빵가루 2컵  밀가루 12컵  우유 12컵  파슬리가루 약간  식용유 적당량  샐러드야채생략가능 약간  슬라이스 햄 4장  마요네즈 4큰술  머스터드 1작은술  레몬즙또는 식초 1큰술  올리고당 1큰술,"Step 1 닭고기는 우유에 20분 정도 담갔다가 찬물에 씻어 물기를 제거하고 포를 떠 약간의 소금, 후추를 뿌려 밑간 해주세요 Step 2 슬라이스 햄과 치즈는 2등분으로 잘라 준비해주세요. 닭고기에 슬라이스 햄체더치즈슬라이스 햄체더치즈 순으로 얹은 후 양옆을 접고 돌돌 말아주세요. Step 3 돌돌만 닭고기에 밀가루달걀물빵가루파슬리가루를 더해도 좋아요달걀물빵가루파슬리가루를 순으로 무친 후, 모양을 잡고 160도의 기름에 넣고 노릇하게 튀겨 주세요 Step 4 치킨 꼬르동 블루를 먹기 좋게 썰어 접시에 담고, 레몬소스와 샐러드야채를 곁들여 주세요.","['고단백', '저칼로리', '고지방', '고염']",양식,일반
NCwNCJbYCFHSJqENzMHaSKGg,양배추 볶음,양배추 개350g  진간장 1큰술  다진 마늘 1작은술  현미유또는 식용유 1큰술  후춧가루 약간,Step 1 깨끗이 씻은 양배추는 심지를 자른 후 먹기 좋은 크기로 찢어 주세요. 두꺼운 심지도 먹기 좋은 크기로 잘라주세요. Step 2 달궈진 팬에 기름을 두르고 다진 마늘을 넣어 향을 낸 후 양배추를 넣어 중불에서 볶아주세요. Step 3 양배추가 투명해지면 간장과 후춧가루를 넣고 향이 나도록 잘 볶아주세요. Step 4 그릇에 담아 맛있게 즐겨주세요.,"['고지방', '고염']",채식,채식
5RNGz73sDUwLeA8d6qJuLR5V,바지락술찜,바지락 800g  페페론치노 5개또는 청양고추 2개  마늘 8쪽  실파 2대  청주또는 화이트와인 1컵  올리브오일 1큰술  후춧가루 약간,"Step 1 해감한 바지락은 흐르는 물에 비벼 깨끗이 씻어주세요. 바지락은 약간의 소금을 넣은 물에 담근 후 검은 봉지나 호일로 감싸서 빛을 차단해 12시간정도 해감 해주세요. Step 2 마늘은 편으로 썰고, 실파는 송송썰어주세요. 페페론치노는 잘게 썰어주세요. Step 3 냄비에 올리브유를 두르고 마늘편과 페페론치노를 볶다가, 바지락을 넣고 살짝 볶아주세요. Step 4 바지락에 청주를 붓고 2분 정도 끓이다가 뚜껑을 덮어 익혀주세요. Step 5 바지락 입이 벌어지면 약간의 후춧가루를 뿌린 후 불을 끄고, 바지락술찜에 송송 썬 실파를 넣어주세요. Step 6 알맞은 그릇에 담아 즐겨주세요.","['저칼로리', '고염']",양식,일반
6kAUZeLiRk32NKdzuMREHnYi,두부면 샐러드,두부 면 100g  샐러드 채소 150g  칵테일 새우 10마리  적양파 개  오이 개  방울토마토 6개  블랙 올리브 3개  라임 생략 가능 1조각  소금 약간  후춧가루 약간  청주 1큰술  간장 2큰술  다진 마늘 큰술  올리브 오일 2큰술  식초 1큰술  꿀 또는 설탕 1큰술  참기름 큰술,"Step 1 방울토마토는 반으로 자르고 적양파와 오이는 얇게 채를 썰어주세요. 두부면을 체에 밭쳐 한번 헹군 후 물기를 제거해 주세요. Step 2 칵테일 새우는 끓는 물에 청주와 약간의 소금을 넣어 30초간 데쳐주세요. Step 3 샐러드 채소는 한입 크기로 잘라 깨끗이 씻어 찬물에 담갔다가 체에 밭쳐 물기를 제거해주세요. Step 4 볼에 드레싱 재료를 넣어 섞어주세요. Step 5 그릇에 샐러드 채소와 오이, 양파, 두부면, 방울토마토, 블랙 올리브, 칵테일 새우를 담아주세요. Step 6 라임즙과 드레싱을 곁들여 맛있게 즐겨주세요.","['고단백', '저칼로리', '고염']",다이어트,다이어트
o7YBnJqcZS8vopfrWDqczuvY,바질 페스토 파스타,바질 페스토 5큰술  파스타 리가토니 180g  마늘 5쪽  파마산 치즈 가루 3큰술  올리브오일 약간  소금 약간  후춧가루 약간,"Step 1 끓는 물에 소금과 면을 넣고 1012분간 삶아낸 후 채반에 덜어 주세요. 면의 심지 부분까지 잘 익도록 충분히 삶아주세요 Step 2 마늘은 편으로 썰어주세요. 달군 팬에 오일을 두른 후 마늘을 볶아주세요. Step 3 볼에 삶은 면과 볶은 마늘, 바질 페스토, 후춧가루를 넣어 골고루 섞어주세요. 바질페스토에 열이 가해지면 색이 탁해지기 때문에 불 위에서 볶지 않고 그릇에 넣고 섞는 게 좋아요 Step 4 파마산 치즈 가루를 뿌려 간을 맞춰주세요. Step 5 맛있게 즐겨주세요.","['고지방', '고염']",양식,일반
ympgBLQvT5mUCV6wk4qEZno2,사천탕면,생면 한 줌200g  모시조개 6개  오징어 마리  알새우 6마리  양파 개  배추잎 1장  애호박 개  죽순 30g  불린 목이버섯 2개  식용유 1큰술  다진마늘 1작은술  다진생강 작은술  청양고추 1개  마른 고추 6개  물 2컵  치킨파우더 큰술  소금 1작은술  후춧가루 약간  참기름 약간,"Step 1 채소는 채 썰어 준비하고 물에 불린 목이버섯은 먹기 좋게 썰어놔 주세요. Step 2 모시조개는 소금물에 담가 해감을 하고 오징어는 껍질을 벗겨 한입 크기로 썰어 알새우와 함께 준비해 주세요. Step 3 생면은 잘 삶아서 찬물에 헹군 뒤 다시 뜨거운 물에 데쳐서 그릇에 담아 주세요. Step 4 달궈진 팬에 식용유를 두르고 다진 마늘, 다진 생강, 청양고추, 마른 고추를 넣고 볶아서 매콤한 향을 내줍니다. 다진 Step 5 채 썬 채소를 넣고 볶아가며 충분히 익혀준 후 물과 치킨파우더, 소금, 후춧가루로 간을 맞추고 순서 2의 손질된 해물을 넣고 끓여주세요. Step 6 완성 육수가 보글보글 끓어오르면 참기름을 넣고 순서 3의 면 위에 부어 완성해 주세요. Tip. 생면은 끓는 물에 잘 삶아서 찬물에 여러 번 씻어 전분기를 없애 탄력 있게 만들어 주면 좋아요. 단, 먹기 직전 뜨거운 물에 한 번 데쳐서 그릇에 담으면 따뜻하게 즐기실 수 있답니다.","['고단백', '저칼로리', '고지방', '고염']",중식,일반
xVAnHYxcjHy1KtarvvEuesip,청경채 두부볶음,부침두부 220g  청경채 200g  만가닥 버섯 150g  다진마늘 1.5큰술  식물성유 올리브유 약간  참기름 2큰술  홍고추 1개  연겨자 1큰술  간장 2큰술,"Step 1 부침두부의 물기를 키친타월로 제거한 뒤 두께 1cm, 길이 5cm 크기로 잘라주세요. Step 2 두부는 물기를 제거한 뒤 기름을 넉넉하게 두른 프라이팬에 중불에서 노릇노릇 바삭하게 구워주세요. Step 3 청경채는 5cm 길이로 저며 썰고 , 홍고추는 반으로 가른 뒤 씨를 제거하고 4cm길이로 채를 썰어주세요. 소스 재료는 섞어서 그릇에 담아주세요. Step 4 프라이팬에 식물성유를 팬에 넉넉히 두른 뒤 약불에서 다진 마늘을 넣어 마늘 향이 올라올 때 까지 볶아주세요. Step 5 마늘향이 올라오면 만가닥 버섯을 넣고 소스를 절반 넣고 수분기가 사라질 때까지 센불에서 볶아주세요. 청경채줄기와 홍고추를 차례대로 넣어 볶고 구운 두부도 넣어 분량의 소스를 다 넣어주세요. 센불에서 채소가 너무 숨이 죽지 않도록 재빠르게 볶아주세요. Step 6 완성된 요리를 그릇에 담고 마무리하세요.","['고단백', '저칼로리', '고지방']",채식,채식
Y65gcJpGYigthtyKMLFnDs5V,무화과샐러드,무화과 3개  샐러드용 잎채소 한 줌  견과류 한 줌  페타치즈 50g  올리브오일 3큰술  레몬즙 3큰술  올리고당 1큰술  소금 14작은술  후추 약간  파슬리가루 약간,"Step 1 무화과와 잎채소는 먹기 좋은 크기로 잘라주세요. 잎채소는 찬물에 담갔다가 물기를 제거하고, 견과류는 이등분하고 페타치즈는 사방 1cm 크기로 잘라주세요. Step 2 볼에 드레싱 재료를 넣고 잘 섞어주세요. 그릇에 무화과,잎채소, 견과류, 페타치즈를 담고 먹기 전에 드레싱을 뿌려주세요.","['저칼로리', '고지방']",다이어트,다이어트
ynRji9pg8McpHMchYigEj97E,된장 버터 옥수수라면짱구라면,인스턴트 라면 사리곰탕 2개  라면수프 1개  미소 된장 1.5큰술  버터 2조각30g  슬라이스 햄 4장  물 1L  숙주 한 줌 70g  캔 옥수수 4큰술  대파쪽파로 대체 가능 14대  반숙 달걀 2개,"Step 1 숙주는 끓는 물에 10초 정도 살짝 데쳐주세요. 찬물에 헹군 후 체에 밭쳐 물기를 빼주세요. Step 2 대파는 송송 썰어주세요. Step 3 달군 팬에 슬라이스 햄을 살짝 굽고 그릇에 덜어 준비해 주세요. 팬에 식용유를 살짝 두르고 캔 옥수수를 넣어 볶아 물기를 제거해 주세요. Step 4 냄비에 물과 된장, 라면수프를 넣은 후 끓으면 면을 넣고 3분 정도 끓여주세요. Step 5 완성 그릇에 라면을 담아주세요. Step 6 데친 숙주, 슬라이스 햄, 캔 옥수수, 잘게 썬 파, 달걀, 버터를 올려 완성해 주세요.","['고단백', '고지방', '고염']",일식,일반
5dHAqVgGqLr6t59rxVCfPdQL,장 활력 주스,그린키위 5개700g  셀러리 34줄기  사과 2개,"Step 1 키위, 샐러리, 사과를 씻어주세요. Step 2 셀러리는 34등분 해주세요. 사과는 씨를 제거해주세요. Step 3 휴롬 착즙기에 키위, 샐러리, 사과를 넣어 착즙해주세요. Step 4 착즙한 주스를 맛있게 즐겨주세요.",['일반'],다이어트,다이어트
FT1pPycn6Hw1a2JXKJ984amn,아보카도튀김,아보카도 2개  달걀 2개  튀김가루 12컵  빵가루 2컵  레몬 12개  파슬리가루 약간  마요네즈 2큰술  케쳡 1큰술  레몬즙 12큰술  파마산치즈가루 1큰술  다진마늘 1작은술  파프리카파우더또는 고운고춧가루 14작은술,Step 1 아보카도는 반으로 가른 후 씨를 빼고 껍질을 벗겨 먹기 좋은 크기로 잘라주세요. Step 2 볼에 딥소스재료를 넣고 섞어주세요. Step 3 아보카도에 튀김가루달걀물빵가루 순으로 튀김옷을 입힌 후 170도의 기름에서 노릇하게 튀겨주세요. 오븐을 사용할 때는 200도로 예열한 오븐에서 15분 정도 구워주시면 돼요 Step 4 접시에 아보카도 튀김을 담고 파슬리가루를 뿌린 후 딥소스와 레몬또는 라임을 곁들여주세요.,"['고단백', '고지방']",양식,일반
qYwkHL2WPFXqkC8n1Edzr1hS,숏파스타 크림빠네,통식빵 12개300g  숏파스타 150g  마늘 2개  양파 12개  베이컨 4장  올리브오일 1큰술  소금 12큰술  우유 1컵  생크림 1컵  페퍼론치노 2개  체다치즈 약간20g  소금 약간  후춧가루 약간,"Step 1 마늘은 편썰고 양파는 채를 썰어주세요. 베이컨은 1cm 길이로 썰어주세요. Step 2 냄비에 물 1.5리터를 붓고 9단에서 4분 30초간 끓여주세요. Step 3 숏파스타와 소금을 넣고 8단에서 8분간 삶아주세요. 채반에서 물기를 빼주세요. Step 4 통식빵은 약 10cm 길이로 썰고 가운데 부분은 칼로 도려내주세요. Step 5 법랑 접시에 석쇠를 놓고 식빵을 올린 후 2단에 넣고 광파오븐 자동 요리 구이 에서 5분을 선택한 후 구워주세요. Step 6 팬에 올리브오일과 마늘, 양파, 베이컨을 넣고 7단에서 3분간 볶아주세요. Step 7 우유와 생크림, 페퍼론치노를 넣고 5단에서 3분30초간 끓여주세요. Step 8 삶은 파스타면과 치즈를 넣고 6단에서 3분30초간 섞어가며 끓인 후 소금, 후춧가루로 간을 해 완성해주세요. Step 9 구운 빵 속에 파스타와 소스를 넣고 파슬리를 뿌려 맛있게 즐겨주세요.","['고지방', '고염']",양식,일반
QTro6JdQdguApCbHLV2zKL83,두릅 초무침,두릅 250g | 소금 약간 | 대파 ¼대 | 청양고추 (생략 가능) ½개 | 홍고추 (생략 가능) ½개 | 참기름 1큰술 | 통깨 약간 | 고추장 1큰술 | 고춧가루 3큰술 | 간장 ½큰술 | 다진 마늘 1큰술 | 설탕 ½큰술 | 매실액 1큰술 | 식초 2큰술,"Step 1 두릅 밑동의 겉껍질을 떼어내어 두릅을 손질해 주세요. Step 2 끓는 물에 소금을 넣고 두릅을 1530초 정도 데친 후 찬물에 헹구어 물기를 꽉 짜주세요. Step 3 대파와 청홍고추는 얇게 송송 썰어주세요. 두꺼운 두릅은 반으로 가르고 6cm 길이로 잘라주세요. Step 4 볼에 양념 재료를 섞어주세요. Step 5 데친 두릅과 대파, 청홍고추를 넣어 섞어주세요. 마지막에 참기름을 넣어 가볍게 섞어주세요. Step 6 접시에 담은 후 통깨를 뿌려 완성해 주세요.","['고지방', '고염']",한식,일반
wqEREDm48y7HAArDYUkfqf66,매생이굴떡국,조랭이떡 2컵 (300g) | 굴 1컵 (200g) | 매생이 ½덩이 (150g) | 달걀 1개 | 멸치 다시마 육수 5컵 | 참기름 ½작은술 | 국간장 ½큰술 | 참치 액젓 1큰술 | 다진 마늘 1작은술 | 후춧가루 약간,Step 1 매생이는 고운 체에 받쳐 물에 여러번 헹궈 깨끗이 씻고 먹기좋게 잘라주세요. Step 2 굴은 연한 소금물에 넣고 이물질을 제거하며 살살 흔들어 씻어 물기를 빼고 조랭이떡은 물에 헹궈 준비해주세요. Step 3 달걀은 황백 지단을 만들어 마름모 모양으로 썰어주세요. Step 4 냄비에 멸치 다시마 육수를 붓고 끓어오르면 조랭이떡을 넣고 끓여주세요. Step 5 조랭이떡이 떠오르면 국물 양념 재료와 굴을 넣고 1분정도 끓여주세요. Step 6 매생이를 넣고 한소끔 끓인 후 참기름 넣고 마무리해주세요. tip 기호에 따라 소금을 가감해서 간을 맞쳐주세요. Step 7 그릇에 떡국을 담고 지단을 올려 맛있게 즐겨주세요,"['고단백', '고지방', '고염']",한식,일반
W8S8fhnVdacnCxmXXShYvha2,라구파스타,"쇠고기와 돼지고기 다짐육 250g 쇠고기150g,돼지고기100g  페투치네면 180g  양파 12개  당근 13개60g  샐러리 12대  토마토 1개  다진마늘 1작은술  토마토소스 2컵400g  레드와인 2큰술  치킨육수또는 물 1컵  버터 2큰술  올리브유 1큰술  소금 약간  후춧가루 약간  그라나파다노치즈 또는 파르메산치즈 약간","Step 1 샐러리는 섬유질을 제거하고 잘게 다지고 양파와 당근은 깨끗이 씻어 잘게 다져주세요. 토마토는 끓는 물에 살짝 데쳐 껍질을 벗기고 꼭지부분의 단단한 부분을 제거한 후 잘게 다져 준비해주세요. 야채를 푸드 프로세서에 넣고 곱게 갈아 사용하셔도 돼요 Step 2 달군 팬에 버터를 넣고 다진 야채와 다진 마늘을 넣어 5분 정도 볶다가 고기다짐육을 넣은 후 약간의 소금, 후춧가루를 넣어 밑간하고 덩어리지지 않게 풀어가며 볶아주세요. Step 3 고기다짐육이 보슬보슬하게 볶아지면 레드와인을 넣고 알콜향이 날아갈때까지 볶고 다진 토마토와 토마토소스, 치킨육수를 넣은 후 중약불에서 뚜껑을 닫고 30분정도 고기가 부드러워질때까지 끓이다가 약간의 소금과 후춧가루를 넣어 간을 맞쳐 라구소스를 만들어주세요. Step 4 끓는 물 1리터에 소금 12큰술을 넣고 페투치네면을 넣어 삶아주세요. 면 삶은 물인 면수 12컵은 버리지 말고 따로 준비해주세요.페투치네면의 기본 삶는 조리시간보다 1분정도 짧게 삶아주세요. Step 5 팬에 라구소스를 넣고 볶다가 삶은 페투치네면을 넣어 골고루 저어가며 볶아주고 마지막에 약간의 올리브유를 넣어 버무린 후 불을 꺼주세요.파스타의 농도는 면수를 넣어 조절해주세요. Step 6 접시에 라구파스타를 담고 기호에 따라 그라나파다노치즈 또는 파르메산치즈, 파슬리가루을 뿌려주세요.","['저칼로리', '고지방', '고염']",양식,일반
CQjvWyUdk6Dyq2xZNPUgt3uX,청포묵 무침,청포묵 1모 300g  쪽파 1줄기  홍고추 1개  통깨 약간  조미김 1봉지  소금 약간  참기름 1큰술  간장 1큰술,Step 1 청포묵은 적당한 두께로 채를 썰어주세요. 체에 밭쳐 끓는 물에 데친 후 찬물에 담가주세요. 청포묵이 완전히 투명해 질때까지 데쳐주세요 Step 2 쪽파와 홍고추는 종종 썰어주세요. Step 3 볼에 데친 청포묵을 넣고 간장과 참기름을 넣어 버무려주세요. Step 4 쪽파와 홍고추를 넣고 조미김을 손으로 부숴 넣은 후 조물조물 무쳐주세요. Step 5 통깨를 뿌려 맛있게 즐겨주세요. 모자란 간은 소금으로 맞춰주세요.,"['고지방', '고염']",채식,채식
hndKibWTxkCSucDn1HFtZmkK,모둠전,게맛살 4줄 | 햄 100g | 쪽파 12줄기 | 새송이버섯 2개 | 달걀 2개 | 부침가루 1/2컵 | 소금 약간 | 식용유 약간 | 나무꼬치 12개 | 쇠고기(홍두깨 또는 채끝) 300g | 부침가루 1컵 | 영양부추 한줌 | 양파 1/2개 | 갈은 돼지고기 400g | 두부 1/2모 | 양파 1/4개 | 당근 1/4개 | 다진마늘 1/2작은술 | 다진파 1/2작은술 | 달걀 1개 | 부침가루 3큰술 | 참기름 약간 | 후춧가루 약간 | 고명용 홍고추 1개 | 부침가루 적당량,"Step 1 사색꼬치전 게맛살은 길게 가른 후 3등분 하고, 햄과 쪽파도 게맛살과 같은 길이로 썰어주세요. 새송이버섯은 밑동을 자른 후 삼등분하고, 게맛살 두께로 잘라주세요. 2. 나무꼬치에 게맛살쪽파새송이버섯햄쪽파게맛살 순으로 꽂아주세요. 3. 볼에 달걀과 약간의 소금을 섞어 달걀물을 만들어주세요. 꼬치에 부침가루를 앞 뒤로 묻힌 후 털어내고, 달걀물을 묻혀주세요. tip. 꼬치전에 부침가루를 한 쪽면에만 묻히고 달걀물을 골고루 묻혀 전을 부치면, 꼬치의 색감이 예쁘게 나와요 4. 달군팬에 기름을 두르고, 사색꼬치전을 중약불에서 앞뒤로 부쳐주세요. tip. 꼬치전을 만든 후 이쑤시개의 끝을 잘라주면 가지런하고 예쁘게 담을 수 있답니다 Step 2 육전 쇠고기는 키친타올에 올려 핏물을 뺀 후 약간의 소금, 후추를 뿌리고 참기름을 발라 밑간 해주세요. 2. 영양부추를 나눠 전에 올릴 고명용은 1cm 길이로 썰고, 곁들일 샐러드용은 5cm 길이로 썰어주세요. 양파는 얇게 채를 썰어주세요. 3. 밑간한 쇠고기에 부침가루를 묻혀 탁탁 털어낸 후, 풀어 놓은 달걀물을 입혀주세요. 4. 달군 팬에 약간의 기름을 두르고, 쇠고기를 올려 달걀이 익을 정도로만 살짝 익힌 후 뒤집어주세요. 영양부추 고명을 올려 다시 한 번 살짝 뒤집어 익힌 후 꺼내주세요. 5. 샐러드용으로 준비한 영양부추와 양파는 먹기직전에 와사비간장 드레싱을 부어 육전과 곁들여주세요. tip. 와사비간장 드레싱은 간장 2큰술, 식초 2큰술, 올리고당 1큰술, 설탕 12큰술, 와사비 14작은술을 잘 섞어 만드시면 돼요 Step 3 동그랑땡 양파와 당근은 곱게 다지고, 두부는 칼등으로 으깬 후 면보에 감싸 물기를 짜주세요. 고명으로 사용할 홍고추는 얇게 송송 썰어주세요. 2. 볼에 갈은 돼지고기와 나머지 손질한 속재료를 넣어 한 덩어리가 되도록 반죽을 만들어주세요. 3. 고기반죽을 적당한 크기로 떼어 동그랗게 빚은 후 1cm두께로 납작하게 만들어주세요. 4. 볼에 달걀과 약간의 소금을 섞어 달걀물을 만들어주세요. 동그랑땡에 부침가루달걀물을 묻혀 고명으로 썰어둔 홍고추를 올린 후 중약불에서 앞뒤로 부쳐주세요. tip. 전의 밑면을 충분히 익히고 한 번만 뒤집어 주어야 기름도 많이 흡수하지 않으면서, 전의 색감도 예쁘게 나오게 된답니다. 또 고명을 올릴 때, 동그랑땡 가운데 부분에 달걀물을 살짝 묻힌 후 고명을 올려주면 떨어지지 않아서 좋아요","['고단백', '저칼로리', '고지방', '고염', '고당']",한식,일반
ZtWsN5qidJaviUsYkdVeToWk,케일 딥,케일 12장  볶은 캐슈넛 1컵  레몬즙 1큰술  마늘 1톨  소금 한꼬집  후춧가루 약간  파마산 치즈 5g  올리브오일 5큰술  케일 데친 물 2큰술,Step 1 끓는 물에 케일을 데친 후 물기를 짜고 갈기 좋게 썰어주세요. Step 2 모든 재료를 넣고 갈아주세요. tip. 캐슈넛이 씹히는 정도의 질감으로 너무 곱지 않게 갈아주세요 Step 3 완성된 케일 딥을 그릇에 담고 크래커와 맛있게 즐겨주세요. tip. 케일 딥은 냉장고에서 2주간 보관이 가능해요 tip. 크래커나 야채스틱과 함께 즐겨도 좋아요,['저칼로리'],채식,채식
Yh5C158BwY4qkp9r5hSVobUe,두부 동그랑땡,두부 1모(300g) | 애호박 ¼개 | 양파 ¼개 | 당근 ⅙개 | 표고버섯 2개 | 부침가루 3큰술 | 식용유 적당량 | 부침가루 1큰술 | 간장 1큰술 | 참기름 1작은술 | 소금 ½작은술 | 후춧가루 약간 | 부침가루 6큰술 | 물 ½컵 | 강황가루 두꼬집,"Step 1 양파와 당근, 표고버섯, 애호박은 블렌더에 넣은 후 잘게 다지고, 두부는 칼등으로 으깬 후 면포에 감싸 물기를 짜주세요. tip. 야채는 잘게 다져야 뭉칠 때 쉽게 뭉칠 수 있어요 Step 2 볼에 다진 야채와 두부, 양념 재료를 넣고 고루 섞어주세요. Step 3 볼에 부침 재료를 넣고 섞어 강황물을 만들어주세요. Step 4 적당한 크기로 반죽을 떼어 동그랗게 빚은 후 1cm두께로 납작하게 만들어 부침가루를 묻히고 강황물을 고루 입혀주세요. Step 5 달군 팬에 기름을 넉넉히 두르고 두부 동그랑땡을 올린 후 중간불에서 앞 뒤로 노릇하게 부쳐주세요. tip.전의 밑면을 충분히 익히고 한번만 뒤집어 주어야 기름도 많이 흡수하지 않으면서, 전의 색감도 더 노랗고 예쁘게 나오게 돼요. Step 6 맛있게 즐겨주세요.","['고단백', '저칼로리', '고지방']",한식,일반
cED3WPaVouQmRAex4Vri4Y68,어리굴젓,굴 400g | 무 ⅙개 (200g) | 맛술 1큰술 | 굵은 소금 ½큰술 | 통깨 약간 | 찹쌀가루 1큰술 | 물 ½컵 | 고춧가루 4큰술 | 멸치액젓 1큰술 | 다진 마늘 1큰술 | 다진 생강 1작은술 | 설탕 1작은술,"Step 1 무는 반은 강판에 갈아 즙을 내고 굴을 넣은 후 무즙에 살살 버무려 가며 불순물을 씻어내고 소금물에 한번 더 흔들어 씻어 건져 내 체에 받쳐주세요. Step 2 건져 낸 굴에 맛술과 소금을 뿌리고 3시간정도 체에 받쳐 물기를 빼 주세요. Step 3 나머지 무는 나박하게 썰어 소금 1작은술을 뿌려 10분정도 절인 후 면보에 싸서 물기를 제거하고 실파는 3센치 길이로 썰어주세요. Step 4 냄비에 찹쌀풀 재료를 넣고 잘 섞어준 후 중불에서 저어가며 풀고 기포가 올라오면서 농도가 나면 불을 끄고 식혀주세요. Step 5 볼에 식힌 찹쌀풀과 양념 재료, 무, 실파를 넣고 고루 섞어주세요. Step 6 양념재료에 굴을 넣고 살살 버무리고 통깨를 뿌려주세요. tip 기호에 따라 소금을 가감해서 간을 맞춰주세요.",['고염'],한식,일반
j7TnW7yAk1LMPbcoG7opT2kg,오징어순대,오징어(중간크기) 3마리 | 다진 돼지고기 150g | 두부 1/2모(100g) | 양파 1/3개 | 당근 1/4개 | 홍고추 1/2개 | 부추 반줌 | 불린 당면 1컵 | 달걀 1개 | 전분가루 1큰술 | 밀가루 2큰술 | 나무꼬치 3개 | 굴소스 1큰술 | 간장 1작은술 | 다진마늘 1/2큰술 | 참기름 1작은술 | 소금 1/4작은술 | 후춧가루 약간 | 간장 2큰술 | 맛술 1큰술 | 식초 1/2큰술,"Step 1 오징어는 배를 가르지 않고 다리를 당겨 내장을 꺼내어 속을 깨끗이 씻어주세요. 오징어 다리는 잘게 다져 물기를 제거해주세요. Step 2 양파와 당근, 홍고추, 부추는 잘게 다져 물기를 제거하고 두부는 으깨어 면포에 넣어 물기를 짜주세요. 불린 당면은 끓는 물에 넣고 3분 정도 데친 후 잘게 다져주세요. Step 3 볼에 다진 돼지고기, 다진채소, 당면, 오징어 다리, 달걀물 12개분, 전분가루, 소 양념재료를 넣고 고루 섞으며 치대어 순대 소를 만들어주세요. Step 4 오징어는 몸통 안쪽의 물기를 제거하고, 밀가루를 묻힌 후 털어내어 소를 45정도 채워 넣고 꼬치로 입구를 꿰어 고정시켜주세요. 오징어 몸통을 34번 꼬치로 찔러 숨구멍을 만들면 오징어순대가 터지지 않고 소와 몸통이 분리되지 않게 만들 수 있어요 Step 5 김이 오른 찜통에 속을 채운 오징어를 넣어 15분 정도 쪄서 익혀주세요 Step 6 오징어순대가 한 김 식으면 먹기 좋게 썰고, 초간장또는 초고추장을 곁들여 주세요. Step 7 기호에 따라 남은 오징어순대에 밀가루를 묻히고 달걀물을 입혀 노릇하게 지져 드셔도 맛있어요.","['고단백', '저칼로리', '고염']",한식,일반
KLjcq5BHrJb7CDtdqMBibPP5,방울토마토샐러드,방울토마토 한 줌  적양파 14개  영양부추 약간  레몬 12개  물 3큰술  땅콩버터 2 큰술  설탕 1큰술  식초 1큰술  소금 12작은술,"Step 1 방울토마토는 꼭지를 제거하고 2등분으로 잘라주세요. Step 2 적양파는 얇게 채를 썰어주세요. 영양부추는 4센티 정도의 길이로 잘라주세요. Step 3 볼에 소스재료를 넣고 잘 섞어주세요. Step 4 접시에 방울토마토와 적양파, 영양부추를 담고 소스를 뿌려주세요.",['일반'],양식,일반
w9dqNtcKrj9LTUFgmgcz1A6P,연두부토마토샐러드,연두부 1모  방울토마토 10개  루꼴라또는 어린잎채소 한줌  호두 약간  올리브유 3큰술  발사믹식초 2큰술  올리고당 1큰술  소금 12작은술  후추 약간,"Step 1 연두부는 키친타올에 올려 물기를 빼주세요. Step 2 호두는 4등분하고, 방울토마토는 2등분해주세요. 루꼴라는 먹기 좋게 자른 후 찬물에 담갔다가 물기를 제거해주세요. Step 3 볼에 드레싱재료를 넣고 섞어주세요. Step 4 접시에 연두부루꼴라방울토마토, 호두 순으로 올려주세요. Step 5 먹기 직전 드레싱을 뿌려주세요. 기호에 따라 삶은달걀 노른자를 체에 내려 연두부에 뿌리고, 어린잎채소와 호두를 얹어 드셔도 맛있답니다.","['고단백', '저칼로리']",다이어트,다이어트
GG5WmMh7BkXpkauAcuDieHrt,양송이새우핑거푸드,양송이 15개  새우 10마리  양파 12개  버터 1큰술  시판 토마토소스 12컵  빵가루 6큰술  파마산치즈가루또는 체더쉬레드치즈 3큰술  올리브유 12큰술  파슬리가루 약간,"Step 1 양송이는 젖은 키친타올로 표면을 닦은 후, 기둥을 떼고 버섯 안쪽에 약간의 소금, 후추를 뿌려주세요. 수분이 나오면 키친타올로 물기를 제거해주세요. Step 2 새우살은 굵게 다진 후 약간의 소금, 후추를 뿌려 밑간하고 양파는 다져주세요. 다진 Step 3 달군 팬에 버터를 두르고 양파를 넣고 약간의 소금, 후추로 간하여 2분정도 볶은 후 새우를 넣어주세요. 새우가 익으면 토마토소스를 넣어 국물없이 되직하게 볶아주세요. Step 4 양송이에 3을 넣어 속을 채우고, 토핑재료를 섞어 수북이 올려주세요. Step 5 오븐팬에 종이호일을 깔고 양송이를 올린 후, 180도로 예열한 오븐에서 68분정도 노릇하게 구워주세요. Step 6 알맞은 그릇에 담아 맛있게 즐겨주세요.","['고단백', '저칼로리', '고지방', '고염']",양식,일반
1QHzr824mMnAbEfZxy8DceWH,토마토치킨스튜,닭가슴살또는 닭다리살 500g  방울토마토 10개  양송이버섯 5개  양파 12개  파프리카 12개  마늘 3쪽  블랙올리브 5개  우유 12컵  건고추또는 페페론치노 6개 2개  파슬리 약간  올리브유 약간  맛술 1큰술  올리브유 1큰술  소금 약간  후추 약간  로즈마리 약간  물 1컵  시판 토마토소스 1컵  월계수잎 3장  소금 12작은술,"Step 1 닭가슴살은 우유 12컵에 20분 정도 담갔다가, 물에 씻은 후 밑간재료에 10분간 재워주세요. 또는 닭가슴살을 먹기 좋은 크기로 썰어서 사용하셔도 돼요. Step 2 양송이, 양파, 파프리카는 한입크기로 자르고, 마늘은 편으로 썰어주세요. 블랙올리브와 건고추는 링으로 썰어주세요. 양송이 Step 3 냄비에 약간의 올리브유를 두르고, 건고추와 닭가슴살을 노릇하게 색이 나게 구워주세요. Step 4 마늘, 양파, 양송이, 파프리카를 넣고 3분 정도 볶다가 소스재료를 넣고 20분 정도 끓여주세요. Step 5 방울토마토와 블랙올리브를 넣어 5분 정도 중불로 끓여주세요. Step 6 마지막에 소금, 후추로 간을 맞춘 후 파슬리가루를 뿌려 맛있게 즐겨주세요.","['고단백', '저칼로리', '고염']",양식,일반
qdRsktbqYAiAsCMgXxLYi5he,가지구이 무침,가지 3개 | 홍고추 1개 | 쪽파 2줄기 | 통깨 약간 | 간장 1큰술 | 물엿 1큰술 | 설탕 ½큰술 | 고춧가루 ½큰술 | 참치액 1큰술 | 다진 파 ½큰술 | 다진 마늘 1작은술 | 참기름 ½큰술 | 후춧가루 약간,"Step 1 가지는 꼭지를 떼고 도톰한 두께로 어슷하게 썰어주세요. 홍고추는 반 갈라 씨를 털어 낸 후 짧게 채를 썰고 쪽파는 송송 썰어주세요. 볼에 양념장 재료를 넣고 섞어주세요. Step 2 달군 팬에 키친타월로 식용유를 바른 후 가지를 넣고 앞뒤로 노릇하게 구워주세요. tip 식힌 가지는 기호에 따라 먹기 좋게 반으로 잘라주세요 Step 3 볼에 가지와 양념장, 홍고추, 쪽파를 넣고 골고루 섞어주세요. Step 4 접시에 담고 통깨를 뿌려 맛있게 즐겨주세요.",['일반'],한식,일반
t3ptYW9iXXmhgQVvUz1k1BMs,취나물카나페,취나물 한 줌  부침용두부 100g  방울토마토 68개  통마늘 2톨  매운 건고추 1개  올리브유 약간  청주 4티스푼  간장 1.5티스푼  소금 약간  후춧가루 약간  바게트빵 슬라이스 48장,"Step 1 두부를 면포에 넣은 후 물기를 꽉 짜주세요. Step 2 팬에 올리브유를 두르고 두부를 보슬보슬하게 볶으면서 소금과 후추로 간을 해주세요. Step 3 방울토마토는 동글동글하게 썰고 통마늘은 편 썰어주세요. Step 4 팬에 올리브유를 넉넉히 두르고 약불에서 마늘과 매운 건고추를 볶아 향을 내주세요. Step 5 센 불에 취나물을 넣고 빠르게 볶으면서 청주를 넣은 후 뚜껑을 닫아 취나물을 무르게 익혀주세요. 간장과 소금, 후추로 간을 맞춰주세요. Step 6 슬라이드 한 바게트 위에 올리브유를 두르고 팬에서 앞뒤로 살짝 구워주세요. Step 7 살짝 구운 바게트 위에 취나물, 두부, 방울토마토를 올려 마무리해주세요.","['고단백', '저칼로리', '고염']",채식,채식
AEPVdyH7WzcNSwZquHsxHsoP,묵은지 유부 쌈밥,밥 2공기 | 묵은지 (또는 잘익은 배추김치) ⅓쪽 | 달걀 2개 | 오이 ½개 | 냉동유부 8장 | 미나리 한줌 | 된장 2큰술 | 고추장 ½큰술 | 올리고당 1큰술 | 고춧가루 1작은술 | 다진 마늘 1작은술 | 참기름 1작은술 | 깨 약간 | 다시마 육수 ⅓컵 (70ml) | 간장 1큰술 | 맛술 1큰술 | 설탕 1큰술,"Step 1 묵은지는 김칫소를 잘 털어내고 깨끗이 씻어 물기를 제거해 주세요. tip 길이가 긴 배춧잎은 심지 부분을 잘라 준비해 주세요. Step 2 냉동 유부를 먹기 좋은 크기로 채 썰어 주세요. 체에 밭쳐 끓는 물을 끼얹은 후 찬물로 헹구고 물기를 짜주세요. 달군 팬에 유부를 넣어 볶아주세요. 다시마 육수를 넣어 유부에 잘 스며들게 한 후 간장, 맛술, 설탕을 넣어 졸이듯 볶아주세요. tip 물기가 없어질 때까지 졸여주세요. Step 3 오이는 흐르는 물에 씻어 6cm 길이로 채 썰어주세요. 물에 약간의 소금을 넣고 끓여 미나리를 살짝 데친 후 물기를 제거해 주세요. Step 4 달걀은 약간의 소금을 넣고 알끈을 제거해 주세요. 지단을 도톰하게 부쳐준 후, 적당한 크기로 썰어주세요. Step 5 볼에 쌈장 재료를 넣고 고루 섞어주세요. Step 6 따뜻한 밥에 소금 작은술과 참기름 1큰술을 넣어 고루 섞어주세요. Step 7 묵은지를 깔고 밥쌈장지단오이유부 조림 순으로 얹고 돌돌 말은 후 미나리로 묶어주세요. Step 8 맛있게 즐겨주세요.","['고단백', '저칼로리', '고지방', '고염', '고당']",한식,일반
EvangyM85H24hehPiwCzWRZQ,고구마치즈구이,고구마 3개  체더치즈 2장  피자치즈 1컵  파슬리가루 약간  우유 5큰술  올리고당 1큰술  버터 1큰술  소금 14작은술  후추 약간,"Step 1 고구마를 껍질째 깨끗이 씻은 후 반으로 갈라 찜통에서 30분 정도 익혀주세요. 고구마 크기에 따라 익히는 시간을 가감해주세요. Step 2 숟가락으로 고구마의 테두리 부분만 남기고 속을 파내주세요. Step 3 파낸 고구마 속을 따뜻할 때 으깬 후, 고구마샐러드 재료를 넣어 섞어주세요. Step 4 속을 파낸 고구마에 3을 넣은 후, 피자치즈와 채썬 체더치즈, 파슬리가루를 올리고 200도로 예열한 오븐에서 10분 정도 구워주세요. Step 5 치즈가 녹아 따뜻할 때 즐겨주시면 더욱 맛있어요.","['저칼로리', '고지방']",양식,일반
hpJ3sEBBpCygHRuRJR5NJwaR,나초샐러드,나초 한줌  베이컨 4줄  아보카도 1개  어린잎채소 한줌  올리브유 1작은술  파마산치즈블럭 약간  후춧가루 약간  플레인 요거트 4큰술  파마산 치즈가루 1큰술  올리고당 1큰술,"Step 1 베이컨과 아보카도를 잘게 잘라주세요. 어린잎 채소는 찬물에 담갔다가 씻어 물기를 제거해주세요. Step 2 볼에 소스재료를 넣고 섞어주세요. Step 3 달군 팬에 베이컨을 넣고 바삭하게 구워 주세요. Step 4 접시에 나초를 돌려 담고 베이컨, 아보카도를 올린 후 어린잎채소를 올려주세요. 샐러드에 올리브유와 후춧가루를 뿌려주세요. Step 5 나초샐러드에 소스와 파마산 치즈블럭을 갈아 뿌려 마무리해주세요.","['저칼로리', '고지방']",양식,일반
6AjXMcNKgUAEu8KFfkULugyY,팔라펠랩,토르티야 5장  양상추 1줌  양파 14개  토마토 12개  머스타드 약간  그릭요거트 1컵  레몬즙 2큰술  다진 파슬리 1작은술  다진 피클 1작은술  꿀 1작은술  소금 약간  불린 병아리콩 2컵  다진 양파 3큰술  다진 마늘 12큰술  다진 파슬리잎 1큰술  다진 셀러리잎 1큰술  소금 12큰술  달걀 1개  빵가루 1컵  올리브오일 1 큰술  베이킹소다 14작은술,"Step 1 불린 병아리콩 2배의 물을 붓고 소금을 넣어 30분간 삶아주세요. 병아리콩은 4시간 이상 물에 불려 찬물에 담근 후 손으로 비벼 껍질을 제거합니다. 병아리콩, 다진 마늘, 양파, 파슬리잎, 셀러리잎, 소금을 넣고 씹는 맛이 있을 정도로 듬성듬성하게 갈아주세요. 달걀, 빵가루, 올리브 오일, 베이킹소다를 넣어 반죽해주세요. Step 2 병아리콩, 다진 마늘, 양파, 파슬리잎, 셀러리잎, 소금을 넣고 씹는 맛이 있을 정도로 듬성듬성하게 갈아주세요. 달걀, 빵가루, 올리브 오일, 베이킹소다를 넣어 반죽하고, 조금씩 떼어 동그랗게 모양을 만들어주세요. Step 3 냄비에 팔라펠이 잠길 정도로 기름을 넉넉히 담은 후 160170도로 기름 온도를 올리고 반죽을 넣어 57분간 속까지 익을 정도로 충분히 튀겨주세요. Step 4 토르티야는 달군 팬에 올려 앞뒤로 부드럽게 구워주세요. 양상추, 양파, 토마토, 팔라펠을 올리고 머스타드와 요거트소스를 바른 후 말아주세요. Step 5 완성된 요리를 그릇에 담아 마무리해주세요.","['고단백', '고지방', '고염']",양식,일반
gjHK2PjsVKDyfKw3BAnEMqN4,접어먹는 김밥,김밥용김 4장 | 밥 1공기 | 슬라이스 치즈 4~6장 | 상추 8장 | 식용유 적당량 | 스팸 4조각 | 김치 1컵 | 간장 ½큰술 | 설탕 1작은술 | 참기름 1작은술 | 참치캔 1개 | 오이 ½개 | 마요네즈 2큰술 | 후춧가루 약간 | 물 ½컵 | 식초 1큰술 | 소금 1작은술 | 소금 약간 | 통깨 약간,"Step 1 오이는 얇게 슬라이스해 절임물에 10분정도 절여주세요. 절인 오이는 키친 타올에 올려 물기를 제거해주세요. Step 2 기름을 뺀 참치에 마요네즈와 후춧가루 를 넣고 버무려 주세요. Step 3 밥에 참기름과 소금 약간을 넣어 간을 해주세요. Step 4 스팸은 1cm 두께로 잘라 노릇하게 구워주세요. 팬에 잘게 썬 김치와 양념을 넣어 볶아주세요. tip. 평소 싱겁게 드시거나 짠맛을 싫어 하신다면 스팸 라이트를 사용하시거나 한번 데친 후 사용하시는것을 추천드려요 Step 5 가위로 김 중앙까지 잘라 주세요. 4면에 치즈, 밥과 볶음김치, 스팸, 상추를 시계방향으로 놓고 접어주세요. Step 6 참치마요도 동일한 방법으로 재료를 넣고 접어주세요. Step 7 랩으로 감싼 후 반으로 잘라 맛있게 즐겨주세요.","['고단백', '저칼로리', '고지방', '고염', '저염식']",한식,일반
NzH4Gz2DF7x4ivMZrHztNbYr,항정살부추무침,항정살 300g | 부추 한 줌(50g) | 오이 1/4개 | 양파 1/4개 | 소금 약간 | 후춧가루 약간 | 통깨 약간 | 고춧가루 1/2큰술 | 다진마늘 1/2큰술 | 진간장 1큰술 | 맛술 1큰술 | 식초 1큰술 | 참기름 1/2큰술,"Step 1 부추는 깨끗하게 씻어 4cm 길이로 썰고, 오이는 채 썰어주세요. Step 2 양파는 채 썰고, 볼에 양념장 재료를 넣어 섞어주세요. Tip. 양파는 찬물에 담가 매운맛을 빼주면 좋아요. Step 3 달군 팬에 항정살을 앞뒤로 소금, 후춧가루를 뿌려 노릇하게 구워주세요. Step 4 양념장 재료에 준비한 채소와 구운 항정살을 넣어 버무려주세요. Step 5 마지막에 통깨를 뿌려 완성해주세요.","['저칼로리', '고염']",한식,일반
VHUTjRjHzteosYKS9nLu4vLU,연두부와 마구이샐러드,마 12개 200g  새싹채소 12줌  양파 13개  포도씨유 약간  매실청 1큰술  간장 1작은술  올리브유 1작은술  레몬즙 12작은술,"Step 1 양파는 곱게 채 썰어 찬물에 담가 매운맛을 빼주세요. Step 2 새싹 채소는 찬물에 담가주세요. Step 3 새싹 채소와 양파의 물기를 털고 함께 고루 섞어주세요. Step 4 마는 껍질째 흙이 남지 않도록 깨끗이 씻은 뒤 0.5cm 두께로 썰어주세요. Step 5 드레싱 재료를 한데 섞어 매실청 드레싱을 만들어주세요. Step 6 붓을 이용해 그릴팬에 포도씨유를 고루 바른 뒤 마를 얹고 그 위에 소금을 뿌려주세요. Step 7 타지 않으면서 노릇하게 앞뒤로 살짝 구워주세요. Step 8 그릇에 마와 새싹 채소, 양파를 담고 매실청 드레싱을 고루 끼얹어 마무리하세요. 연두부를 곁들이면 더욱 담백하게 즐길 수 있어요.","['고단백', '저칼로리', '고염']",다이어트,다이어트
w2wKD3CRHMjTJ2LFn92aBP23,비건 식빵,강력분 300g  드라이이스트 골드 6g  소금 6g  포도씨 오일 또는 올리브 오일 15g  메이플시럽 또는 꿀 15g  두유 180210g,Step 1 재료를 모두 넣고 반죽기에서 저속으로 78분간 반죽해 주세요. Step 2 이어서 중속으로 1012분간 반죽해 주세요. tip. 반죽을 손으로 늘렸을 때 잘 늘어나면 글루텐이 잘 형성된 것이에요 Step 3 반죽을 꺼내 가볍게 둥글리기 하고 볼에 담아 마르지 않도록 젖은 천을 덮어주세요. Step 4 배로 부풀 때까지 1차 발효해 주세요. tip. 2729도로 4060분 정도 발효해 주세요 tip. 손가락에 덧밀가루를 묻혀서 테스트해 주세요 Step 5 차 발효가 완료되면 반죽을 손으로 두드려서 가스를 빼고 300g씩 3분할 해주세요. Step 6 분할 한 반죽을 둥글리기 한 후 15분간 휴지 시켜주세요. Step 7 반죽을 밀대로 가볍게 밀어 가스를 빼고 균일한 두께로 밀어준 후 3절 접기로 성형해 주세요. Step 8 식빵 틀에 넣고 주먹으로 가볍게 눌러준 후 틀 높이보다 1cm 위로 올라올 때까지 2차 발효해 주세요. Step 9 도로 예열한 오븐에서 2022분 정도 구워주세요. tip. 가정용 오븐의 경우 180도에서 2530분 구워주세요,['일반'],채식,채식
pMNKnZUSomUXHEZq2eEbXNZC,나폴리탄 스파게티,스파게티 면 200g  양파 개  피망 개  소시지 100g  올리브오일 1큰술  소금 1큰술  후춧가루 약간  파마산 치즈 가루생략 가능 약간  다진 파슬리생략 가능 약간  간장 1큰술  우유 컵  케첩 150g  설탕 1작은술,Step 1 끓는 물에 소금 1큰술과 스파게티 면을 넣고 89분 정도 삶아주세요. Step 2 양파와 피망은 채썰고 소시지는 어슷 썰어주세요. Step 3 달군 팬에 오일을 두른 후 소시지를 넣고 볶다가 양파와 피망을 넣고 볶아주세요. 볶은 재료를 덜어내 주세요. Step 4 팬에 소스 재료를 넣고 중불에서 저어가며 살짝 끓여주세요. Step 5 소스가 졸아들면 볶아둔 채소와 면을 넣고 잘 섞어주세요. Step 6 완성된 나폴리탄 스파게티를 접시에 담은 후 파마산 치즈 가루와 파슬리 가루를 뿌린 후 맛있게 즐겨주세요.,"['저칼로리', '고지방', '고염']",양식,일반
ZHHYQs9jjZPNGdx74q4dezZs,구운 채소 카레,연근 56조각  단호박 23조각  브로콜리 23조각  고구마 1개  감자 1개  당근 개  가지 개  소금 1작은술  후춧가루 약간  파슬리 생략 가능 약간  치아시드 생략 가능 약간  불린 캐슈너트 1컵  통깨 2큰술  참기름 1큰술  파프리카 가루 1큰술  토마토 1개  양파 1개  마늘 23톨  식용유 1큰술  물 350mL  카레 가루 또는 고형 카레 80g 또는 3조각  소금 약간,"Step 1 연근과 단호박은 적당한 두께로 슬라이스, 감자와 당근, 고구마는 껍질째 웨지 모양으로 썰고, 가지는 반으로 썰어 34등분 해주세요. tip. 채소는 기호에 맞게 변경해도 좋아요 Step 2 오븐 팬 2개에 단단한 채소와 무른 채소를 나눠 담은 후 소금, 후춧가루, 오일을 뿌려 가볍게 버무려주세요. Step 3 도로 예열한 오븐에서 단단한 채소는 25분, 무른 채소는 15분 정도 구워주세요. tip. 오븐의 성능에 따라 굽는 시간은 다를 수 있어요 Step 4 카레 소스 만들기 양파는 채를 썰고 토마토는 6등분으로 잘라주세요. 마늘은 편으로 썰어주세요. Step 5 달군 냄비에 기름을 두르고 채를 썬 양파와 마늘를 넣어 볶다가 양파가 노릇해지면 토마토를 넣고 볶아주세요. Step 6 토마토가 익으면 물을 붓고 끓이다가 카레 가루를 넣고 약불에서 저어가며 끓여주세요. Step 7 카레에 불린 캐슈너트과 통깨, 참기름, 파프리카 가루를 넣어 핸드믹서로 곱게 갈아주세요. tip. 캐슈너트는 미지근한 물에 15분 정도 불려주세요 Step 8 그릇에 밥과 카레를 담고 구운 채소를 올려 맛있게 즐겨주세요. tip. 기호에 따라 치아시드, 햄프씨드 등을 뿌려도 좋아요","['저칼로리', '고지방', '고염']",채식,채식
eJKJbbjGYawVuPVvbSPkSAZJ,비건 쑥 머핀,두유 240g  포도씨 오일 96g  황설탕 88g  레몬즙 24g  통밀가루 96g  현미 가루 32g  쑥 가루 11g  베이킹파우더 8g  다진 쑥 24g  슈가파우더 120g  쑥가루 12g  물 25g,"Step 1 볼에 두유와 포도씨 오일을 넣고 휘핑기로 잘 섞어주세요. Step 2 황설탕과 레몬즙 순으로 넣어 섞어주세요. Step 3 가루류를 체 쳐서 넣고 주걱으로 섞다가 다진 쑥을 추가해 섞어주세요. Step 4 반죽을 머핀 틀에 약 100g씩 담아주세요. Step 5 예열된 오븐에 190도 10분, 170도 810분간 구워주세요. tip. 오븐의 성능에 따라 굽는 시간이 다를 수 있어요 Step 6 슈가파우더, 쑥 가루, 물을 잘 섞어주세요. tip. 알맞은 농도가 될 때까지 물을 소량씩 추가해 주세요 Step 7 머핀 위에 쑥 아이싱을 도톰하게 발라주세요.","['고지방', '고당']",채식,채식
AQ4n41KyV3QBP3wtoEGWcVAu,새송이 탕수,"새송이버섯 6개  파프리카 빨간색, 노란색 개씩  적양파 양파로 대체 가능 개  식용유 4컵  전분 4큰술  간장 1큰술  참기름 1큰술  소금 약간  후춧가루 생략 가능 약간  진간장 2큰술  올리고당 3큰술  식초 3큰술  설탕 2큰술  물 컵  전분물 물3큰술전분1큰술  전분 2컵  물 1컵","Step 1 새송이버섯과 적양파, 파프리카 빨간색, 노란색는 한입 크기로 잘라주세요. Step 2 새송이버섯에 밑간 재료를 넣고 버무려주세요. Step 3 밑간한 새송이버섯에 전분 4큰술을 넣어 가볍게 섞은 후 물반죽 재료에 담가주세요. Step 4 물반죽에 담가 튀김옷을 입힌 후 160도로 달군 기름에 바삭하게 튀겨주세요. Step 5 팬에 전분과 물은 제외하고 나머지 소스 양념재료를 넣고 바글바글 끓어오르면 적양파와 파프리카를 넣어 1분정도 끓여주세요. 이때 전분과 물을 섞은것을 넣고 골고루 저어 농도가 걸쭉해지면 불을 꺼주세요. Step 6 접시에 튀긴 새송이버섯을 담고 소스를 부어 맛있게 즐겨주세요.","['저칼로리', '고지방']",채식,채식
ovwp7QSr4wbdExJWY8TC4bxH,콩나물불고기,돼지고기 (대패삼겹살) 400g | 콩나물 두줌 | 양파 1개 | 대파 1대 | 청양고추 1개 | 홍고추 1개 | 참기름 1큰술 | 통깨 약간 | 고추장 4큰술 | 맛술 3큰술 | 간장 2큰술 | 고춧가루 2큰술 | 굴소스 1큰술 | 설탕 1큰술 | 다진 마늘 1큰술 | 생강가루 1/4작은술 | 후춧가루 약간,"Step 1 볼에 양념재료를 넣어 섞은 후 돼지고기를 넣고 주물러 10분 정도 재워주세요. Step 2 양파는 굵게 채썰고, 대파와 청양고추, 홍고추는 어슷하게 썰어주세요. 콩나물은 다듬어 깨끗이 씻어 주세요. 마지막에 토핑으로 올릴 대파는 얇게 채썰어 찬물에 10분 정도 담가 매운맛을 뺀 후 물기를 제거해주세요. Step 3 팬에 약간의 기름을 두르고, 양념한 돼지고기와 양파를 넣고 볶아주세요. Step 4 돼지고기가 익으면 콩나물과 대파, 청양고추, 홍고추를 넣어 콩나물의 비린내가 나지 않을 때까지 볶다가 마지막에 참기름을 넣고 불을 꺼주세요. Step 5 접시에 콩나물불고기를 담고 파채와 통깨를 뿌려주세요.","['고단백', '고지방']",한식,일반
G96HSCsrmWzAmbynq9EdZAH3,된장찌개,시판 된장 2큰술 | 쌀뜨물(또는 생수) 2컵 | 다진 마늘 1/2작은술 | 육수용 멸치 4마리 | 애호박 1/2개 | 양파 1/4개 | 감자 1/2개 | 대파 1/4대 | 청양고추 1개 | 홍고추 1/2개 | 두부 1/2모,"Step 1 애호박, 양파, 감자, 두부는 먹기 좋은 크기로 잘라 준비해주세요. 청양고추, 홍고추, 대파는 어슷 썰어주세요. tip. 감자를 넣으면 국물이 전분기로 인해 끈적해질 수 있어요. 전분기가 싫다면 감자를 찬물에 10분 정도 담근 후 사용해 주세요 Step 2 냄비에 육수용 멸치를 넣고 약불에서 23분 정도 볶다가 쌀뜨물을 붓고 끓여주세요. tip. 멸치는 통으로 사용해도 괜찮지만, 취향에 따라 머리와 내장, 가시를 제거하고 사용해주세요 Step 3 육수가 끓으면 감자를 넣고 1분간 끓이다가 양파, 애호박, 간마늘, 된장을 넣고 5분간 끓여주세요. 마지막으로 대파, 청양고추, 홍고추를 넣어 끓이다가 두부를 넣고 1분간 끓여 완성해주세요. tip. 된장에 따라 간이 다를 수 있으니 양을 조절해주세요","['고단백', '저칼로리', '고염']",한식,일반
ubtxpaqPwbt8pbFSgWeHPWsr,곤드레 버섯 솥밥,쌀 2컵 | 건 곤드레 한 줌 (30g) | 새송이버섯 1개 | 들기름 1큰술 | 다시마  육수 (또는 물) 2컵 | 들기름 2큰술 | 간장 1큰술 | 간장 3큰술 | 맛술 1큰술 | 올리고당 1작은술 | 고춧가루 1작은술 | 다진 마늘 ½작은술 | 다진 청양고추 ½큰술 | 참기름 1큰술 | 통깨 약간,Step 1 쌀은 깨끗이 씻어 30분 정도 불려주세요. Step 2 건 곤드레는 찬물에 담가 30분1시간 정도 불려주세요. 불린 곤드레는 끓는 물에 부드럽게 데쳐주세요. Step 3 새송이버섯은 1cm 두께의 동그란 모양으로 잘라주세요. 볼에 양념간장 재료를 넣어 양념장을 만들어주세요. Step 4 데친 곤드레는 물기를 짠 후 적당한 크기로 잘라 볼에 담아주세요. 밑간 재료를 넣어 조물조물 밑간해 주세요. Step 5 달군 냄비에 들기름을 두르고 불린 쌀을 넣어 볶다가 다시마 육수를 부어주세요. 밑간한 곤드레나물과 새송이버섯을 얹고 뚜껑을 닫아 센 불에서 끓여주세요. Step 6 밥물이 끓기 시작하면 불을 약한 불로 줄여 15분 정도 익혀주세요. Step 7 밥이 다 지어지면 5분 정도 뜸을 들인 후 주걱으로 위아래 가볍게 섞고 양념간장을 곁들여 맛있게 즐겨주세요.,"['저칼로리', '고지방', '고염']",한식,일반
tJApvajFjwWHn5w5ziwKpNrh,근대 된장국,근대 200g | 양파 1/4개 | 청양고추 1개 | 대파 1/2대 | 된장 2큰술 | 고춧가루 1큰술 | 다진 마늘 1큰술 | 멸치 다시마 육수(초이스레시피 멸치육수 1.5포) 4컵,"Step 1 깨끗이 씻은 근대는 먹기 좋은 크기로 썰어 준비해 주세요. Step 2 양파는 얇게 썰고 청양고추와 홍고추를 송송 썰어주세요. 대파는 어슷 썰어주세요. Step 3 냄비에 멸치 다시마 육수를 넣고 된장을 풀어주세요. 양파를 넣고 끓이다가 근대와 청양고추, 고춧가루, 다진 마늘, 대파를 넣고 팔팔 끓여주세요. 완성된 근대 된장국을 그릇에 담아 맛있게 즐겨주세요. tip. 부족한 간은 소금을 가감해 조절해 주세요",['고염'],한식,일반
LwhjysLeq31Nt9UxLX4ienm1,달걀볶음밥,달걀 2개 | 밥 2공기 | 대파 1/2대 | 스팸 1/3개(60g) | 통깨 약간 | 식용유 약간 | 굴소스 1큰술 | 소금 한꼬집 | 후추 약간,Step 1 대파는 얇게 송송 썰어주세요. 스팸은 작은 큐브모양으로 먹기 좋게 잘라주세요. Step 2 볼에 달걀을 풀어 달걀물을 만들어주세요. Step 3 달군 팬에 기름을 두르고 대파를 1분 정도 볶다가 스팸을 넣어 볶아주세요. Step 4 팬 한쪽에 달걀물을 넣어 부드럽게 스크램블드에그를 만들어주세요. Step 5 밥과 양념재료를 넣어 고루 섞어가며 볶아주세요. Step 6 그릇에 담고 통깨를 뿌려 맛있게 즐겨주세요.,"['고단백', '고지방']",한식,일반
wPm3uFZfJTzaUCNuALkhDw4t,두부 리코타 가지롤,가지 2개275g  토마토 소스 1컵200ml  채 썬 바질 적당량  후춧가루 약간  올리브오일 적당량  두부 12모250g  마늘 2톨  허브 가루 1작은술  비건 파마산 치즈 100g  레몬즙 2큰술  소금 약간,"Step 1 가지는 양쪽 끝 부분을 자른 후 얇게 슬라이스로 잘라주세요. Step 2 오븐 팬에 가지를 가지런히 올린 후 올리브오일과 소금을 뿌려 160온도에서 15분 정도 구워주세요. Step 3 믹서기에 물기를 짠 두부와 나머지 두부 리코타 재료를 넣어 갈아주세요. Step 4 깊이가 있는 넓은 오븐 용기 바닥에 토마토 소스를 자작하게 펼쳐 깔아주세요. Step 5 가지 슬라이스에 두부 리코타를 1큰술씩 얹은 후 돌돌 말아 오븐 용기에 나란히 넣어주세요. Step 6 오븐에 넣어 180도에서 1015분 정도 익혀주세요. Step 7 기호에 따라 파마산 치즈 가루와 후춧가루, 채 썬 바질을 뿌린 후 맛있게 즐겨주세요. tip. 기호에 따라 빵을 곁들여 드셔도 맛있게 드실 수 있답니다","['고단백', '저칼로리', '고지방', '고염']",채식,채식
gcPDXcjdTDKvPNWDK2urZC6x,연어오차즈케,밥 1공기  연어 50g  쪽파 15g  녹차가루 1큰술  뜨거운 물 2 컵  식용유 2큰술  고추냉이 약간  허브솔트 약간  통깨 약간,Step 1 뜨거운 물에 녹차 가루를 섞어 녹차를 만들어주세요. Step 2 연어에 허브솔트를 뿌려 밑간을 한 후 달군 팬에 식용유를 두르고 연어를 앞뒤로 노릇하게 구워주세요. 다 익으면 먹기 좋은 크기로 잘라주세요. Step 3 밥그릇에 밥을 담고 STEP2의 연어와 고추냉이를 올려주세요. 쪽파를 송송 썰어 뿌린 후 STEP1의 녹차를 밥이 23정도 잠길 만큼 붓고 통깨를 쌀짝 뿌려 완성하세요.,['고단백'],일식,일반
7wJZrhhokUEwGLiZpRgh4Zq8,토마토 가스파초,토마토 3개  오이 12개  파프리카빨간색 12개  샐러리 1대  마늘 12쪽  올리브유 12큰술  소금 약간  후춧가루 약간  올리브유 2큰술  레몬즙 1큰술  소금 두 꼬집,"Step 1 토마토는 꼭지를 제거하고, 열십자로 칼집을 넣어주세요. 끓는 물에 토마토를 살짝 데친 후 얼음물에 담가 껍질을 제거하고, 4등분으로 잘라주세요. Step 2 오이, 파프리카를 큼직하게 썰고 샐러리는 줄기를 제거한 후 썰어주세요. tip. 토핑으로 올릴 토마토와 샐러리는 네모난 모양으로 잘게 잘라주세요. Step 3 믹서에 토마토, 오이, 파프리카, 샐러리, 마늘을 넣고 부드럽게 갈아 준 후 밑간 재료를 넣어 잘 섞어 주세요. 냉장고에 1시간 이상 숙성시켜 주세요. Step 4 차가워진 토마토 가스파초를 그릇에 담아 잘게 자른 토마토와 샐러리, 바질 잎생략 가능을 올리고 약간의 후추, 올리브유를 뿌려주세요. tip. 구운 빵을 곁들여 드셔도 맛있답니다.",['저칼로리'],양식,일반
pf2ejrsqz2C6wKK47mMKiHqG,채소 전골,"알배추 1포기  깻잎 100g  청경채 200g  느타리버섯 100g  팽이버섯 50g  표고버섯 2개  당근 2개  두부 1모 300g  연근 1토막 30g,  단호박 개  유부 6장  실 곤약 생략 가능 100g  식용유 약간  다시마 물 4컵  건표고 우린 물 4컵  소금 약간  후춧가루 약간  간장 1큰술  맛술 1큰술  국간장 5큰술  소금 큰술  생강가루 1작은술  양파 개  간장 2큰술  레몬즙 또는 식초 1큰술  비정제 설탕 1큰술","Step 1 표고버섯은 젖은 키친타월로 가볍게 닦아주세요. 표고버섯의 윗부분을 칼로 조각을 내어 주고 느타리버섯과 팽이버섯은 밑동을 잘라 먹기 좋게 찢어주세요. Step 2 연근과 단호박은 먹기 좋게 슬라이스 해주세요. 당근은 감자칼로 얇게 슬라이스 해주세요. 소스 재료의 양파는 얇게 채 썰어 찬물에 담가 매운기를 제거해 주세요. Step 3 깨끗이 씻은 청경채는 잎을 떼어내 주세요. Step 4 물기를 제거한 두부는 큐브로 썰고 소금, 후추로 밑간을 해주세요. 달군 팬에 기름을 두른 후 두부를 앞뒤로 노릇하게 구워주세요. 간장과 맛술을 둘러 향을 입혀준 후 접시에 덜어주세요. Step 5 깨끗이 씻은 배춧잎과 깻잎을 겹친 후 얇게 슬라이스한 당근을 올려주세요. 45회 반복해서 쌓은 후 4등분 해주세요. tip. 사용할 전골냄비 높이에 맞춰서 잘라주세요 Step 6 전골 냄비에 청경채를 깔고 겹친 채소를 가지런히 둘러 담아주세요. Step 7 버섯과 연근, 단호박을 올리고 육수를 부어주세요. 국물 양념 재료를 넣고 5분간 끓여주세요. 소스에 찍어 맛있게 즐겨주세요. tip. 전골에 유부와 실 곤약 등을 넣어 더욱 풍성하게 즐겨보세요 tip. 부족한 간은 소금으로 해주세요","['고단백', '저칼로리', '고지방', '고염']",채식,채식
ZfuddchLL2gRBgBBBPi3W4Ht,채소 춘권,당근 50g  샐러리 40g  닭가슴살 100g  마늘 20g  다진마늘 20g  굴소스 30g  고추기름 30g  치킨파우더 10g  참기름 15g  설탕 2g  백후추 1g  설탕 3g  물전분 약간  춘권피 6장  밀가루풀물1밀가루1 약간,"Step 1 당근과 샐러리, 닭가슴살은 채 썰어 준비해 주세요. Step 2 팬에 마늘을 볶아 마늘 향을 내주세요. Step 3 닭가슴살을 넣어 볶아주세요. Step 4 순서 3에 순서 1을 넣고 분량의 소스를 넣어 볶아주세요. Step 5 물전분을 넣어 농도를 맞춰주세요. Step 6 준비해둔 춘권피 위에 볶은 속재료를 넣어 감싸주세요. Step 7 춘권피 모서리 부분에 밀가루 풀을 발라주세요. Step 8 모양대로 접어주세요. Step 9 양 끝의 길이를 맞추어 가며 접어주세요. Step 10 돌돌 말아줍니다. Step 11 일정한 크기로 만들어 주세요. Step 12 완성 가열된 기름에 넣고 튀겨주세요.","['고단백', '저칼로리', '고지방']",중식,일반
yWgNH6WCpuqkaqLaP9VBhh7P,복숭아토르테,무염버터 75g  설탕 70g  바닐라설탕 8g  소금 18작은술  달걀 2개  밀가루 박력분 75g  아몬드가루 50g  베이킹파우더 1작은술  우유 1큰술  황도 통조림 1캔  과일 적당량  토르텐구스 1봉  사과주스 또는 통조림 국물 1 컵  설탕 2큰술,"Step 1 오븐을 180도로 미리 예열해주세요. Step 2 볼에 버터를 넣어 핸드믹서의 거품기로 풀고 설탕, 바닐라설탕, 소금을 섞어 두세 번에 나누어 넣으며 섞어주세요. 실온에 꺼내둔 달걀을 거품기로 풀고 볼에 세 번으로 나누어 넣으며 섞어주세요. Step 3 박력분, 아몬드가루, 베이킹파우더를 섞어 체에 쳐서 주걱으로 자르듯이 섞어주세요. 실온에 둔 우유를 넣고 주걱으로 살살 섞어주세요. Step 4 토르테팬에 녹인 버터를 바르고 반죽을 부어주세요. 윗면을 평평하게 만든 후 170도로 예열한 오븐에서 15분간 구워주세요. Step 5 황도와 준비한 과일을 먹기 좋게 자르고 물기를 제거해주세요. Step 6 구운 시트는 식힘망에 올려 식힌 후 황도와 과일을 올려주세요. 냄비에 토르텐구스, 사과주스, 설탕을 넣고 2분간 끓여 숟가락으로 떠서 황도 위에 둘러주세요.","['고단백', '고지방', '고염', '고당']",양식,일반
yaJjpwvNxpKuReRmtz46B2Ms,콤부차,물 2.8L  홍차 티백 8개  비정제 설탕 1컵  스코비 1개  콤부차 원액 2컵,"Step 1 냄비에 물을 끓인 후 설탕을 넣어 녹여주세요. Step 2 불을 끄고 티백을 넣어 15분간 우려주세요. Step 3 티를 충분히 식힌 후 소독한 유리 병에 담고 스코비와 콤부차 원액을 넣어주세요. Step 4 거즈나 키친타월로 입구를 공기가 통하게 막아준 후 끈으로 묶어주세요. Step 5 직사광선이 없는 서늘한 곳에서 12주 정도 보관해주세요. 날씨와 온도에 따라 완성되는 시기는 약간씩 차이가 있을 수 있어요. 여름 710일, 겨울 14일 정도 Step 6 체에 거즈를 깔고 스코비를 건져내어 콤부차 7  물 3의 비율로 건강하게 즐겨주세요. 딸기, 귤, 오렌지등의 과일을 갈아 19 과일  콤부차정도 비율로 콤부차와 섞어 병에 담아 12일 실온 보관하면 과일 콤부차로 드실 수 있어요.",['고당'],다이어트,다이어트
hzYiT7AjwhxopWsisremKsr3,꼬마김밥,당근 1개 | 시금치 1/2단 | 단무지 6줄 | 밥 3공기 | 구운김 4장 | 참기름 약간 | 통깨 약간 | 참기름 1큰술 | 깨소금 1/2큰술 | 소금 1/2작은술 | 간장 1큰술 | 물 1/2큰술 | 연겨자 1작은술 | 올리고당 1작은술 | 식초 1작은술,"Step 1 당근은 채를 썰고, 단무지는 이등분으로 잘라 먹기 좋은 두께로 썰어주세요. Step 2 시금치는 뿌리를 자르고 깨끗이 씻고, 끓는 물에 약간의 소금을 넣어 살짝 데친 후 찬물에 헹궈서 물기를 제거해주세요. 데친 시금치에 약간의 소금과 참기름을 넣고 밑간 해주세요. Step 3 달군 팬에 기름을 두르고 약간의 소금을 뿌려 당근을 볶아주세요. Step 4 고슬하게 지은 밥에 밥양념 재료를 넣어 밑간 해주세요. Step 5 구운 김은 4등분으로 자르고, 그 위에 밥을 14정도 고르게 편 후 볶은 당근채, 단무지, 시금치를 올려 돌돌 말아주세요. Step 6 꼬마김밥 표면에 참기름을 바르고 통깨를 뿌린 후 겨자소스를 곁들여주세요.","['고지방', '고염']",한식,일반
o5MehdaL7Bxh5WxpYpv4iE3d,고구마순김치,손질한 고구마줄기 600g | 양파 ½개 | 실파 10대 | 굵은 소금 1큰술 | 통깨 약간 | 홍고추 3개 | 양파 ⅓개 | 배 ¼개 | 멸치액젓 3큰술 | 새우젓 ½큰술 | 고춧가루 6큰술 | 다진 마늘 1+½큰술 | 매실청 2큰술 | 설탕 ½큰술 | 다진 생강 ½작은술 | 찹쌀가루 1큰술 | 멸치다시육수 2/3컵,"Step 1 껍질 벗긴 고구마순은 깨끗이 씻고 굵은소금을 뿌린 후 중간에 위 아래로 뒤집어가며 30분정도 절이고 씻어 물기를 빼주세요. tip 고구마순을 구부렸을 때 부러지지 않고 휘어질 정도로 절여주세요. Step 2 찹쌀풀재료를 잘 풀어준 후 냄비에 넣어 중불에서 저어가며 풀고 기포가 올라오면서 농도가 나면 불을 끄고 식혀주세요. Step 3 양파는 채를 썰고 실파는 4센치 길이로 썰어주세요. 갈아 줄 재료인 배와 양파는 껍질을 벗기고 큼직하게 썰고 홍고추는 씨를 뺀 후 썰어주세요. Step 4 갈아 줄 재료를 블렌더에 넣어 간 후 찹쌀풀과 양념재료를 넣어 고루 섞어 김치양념을 만들어주세요 Step 5 절인 고구마순은 먹기좋게 7센치 길이로 자른 후 김치양념과 실파, 양파채를 넣어 고루 섞고 통깨를 뿌려 김치통에 담고 반나절 실온에 두었다가 냉장보관 해주세요.",['고염'],한식,일반
LjiJ7qCnJ3V4ZxdnWwk2nCGn,새우튀김냉메밀,메밀면 250g  실파 1대  김 약간  무 약간  새우 5마리  튀김가루 12컵  무순.고추냉이 약간씩  소금.후추 약간씩  식용유.얼음 약간씩  물 5컵  다시마 1장  멸치 10마리  가쓰오부시 1컵  간장 12컵  맛술 12컵  설탕 4큰술  차가운 물 12컵  얼음 약간,"Step 1 가쓰오부시를 뺀 육수 재료를 냄비에 넣고 끓어오르면 다시마를 건져내고 불을 줄여서 3분간 더 끓여주세요. Step 2 불을 끄고 가쓰오부시를 넣어 10분간 우려낸 후 체에 거릅니다. Step 3 가쓰오부시 육수 4컵에 국물 양념 재료를 섞어 불에 올려주세요. 한 번 끓어오르면 불을 끄고 냉장고에 넣어 차갑게 준비합니다. Step 4 실파는 송송 썰고 김은 잘게 채 썰거나 부숴주세요. Step 5 무를 강판에 갈아 준비해주세요. Step 6 새우의 껍질과 내장, 꼬리의 물총주머니를 제거한 후 안쪽에 칼집을 넣어 새우등을 펴주고 소금, 후추로 밑간을 합니다. Step 7 볼에 튀김 반죽 재료를 잘 섞고 튀김가루는 따로 넓은 그릇에 담아주세요. 새우에 튀김가루를 먼저 골고루 묻힌 후 튀김 반죽을 묻혀 160도로 달군 식용유에 튀깁니다. Step 8 끓는 물에 메밀면을 4분간 삶고 찬물에 여러번 헹군 후 물기를 빼고 그릇에 담아주세요. Step 9 준비해둔 국물과 얼음을 넣은 후 새우튀김, 실파, 김, 무, 무순, 고추냉이를 올려주세요.","['고단백', '고지방', '고염']",일식,일반
f2v1e5Kd4caoW1vZcwrsJG7v,표고버섯 덮밥,표고버섯 6개 (150g) | 양파 ½개 | 대파 ½대 | 다진 마늘 1큰술 | 참기름 1큰술 | 식용유 약간 | 통깨 약간 | 레드페퍼 약간 (또는 청양고추 ½개) | 밥 2공기 | 간장 1+½큰술 | 올리고당 1큰술 | 맛술 1큰술 | 설탕 ½큰술 | 참기름 ½큰술 | 후추가루 약간,Step 1 표고버섯은 밑동 부분을 자르고 먹기 좋게 슬라이스해주세요. 양파는 채를 썰어주세요. 대파는 흰 부분과 푸른 부분을 분리한 후 가늘게 채를 썰어주세요. 볼에 양념재료를 넣고 섞어주세요. tip 표고버섯의 기둥은 손으로 찢어 준비해 주세요. tip 대파의 속심 부분은 잘게 썰어 양념재료와 함께 섞어주세요. Step 2 달군 팬에 식용유를 넉넉히 두르고 다진 마늘과 대파 흰 부분을 넣어 볶아주세요. Step 3 마늘과 파의 향이 올라오면 표고버섯과 양파를 넣어 볶다가 양념재료를 넣어 졸이듯이 볶아주세요. Step 4 마지막에 불을 끄고 대파 푸른 부분을 넣고 참기름을 둘러주세요. Step 5 그릇에 밥을 담고 완성된 표고버섯볶음을 얹은 후 통깨와 레드페퍼를 뿌려 맛있게 즐겨주세요.,"['저칼로리', '고지방']",한식,일반
35XuLgE5TFKNaKLFHkJP17CX,피단 연두부,송화단 2개  연두부 1개  쪽파 2뿌리  마늘 2개  다진 땅콩가루 약간  고수 약간  간장 1큰술  치킨파우더 1작은술  설탕 작은술  후춧가루 약간,"Step 1 연두부는 수분을 제거한 후 세 토막을 내주세요. 송화단은 껍질을 제거하여 깍둑 썰고, 마늘은 다져주세요. Step 2 완성 순서 1에 분량의 재료로 소스를 만들어 넣고 땅콩가루와 고수를 얹어 완성해 주세요. Tip. 피단을 삶을 때 찬물 상태로 넣어 10분간 끓여서 사용하면 향은 줄어들고 식감은 더 쫀득거린답니다.","['고단백', '저칼로리']",중식,일반
6Vxq29THWUGabTGe9PW73F5h,동파육,삼겹살 800g  흑설탕 2큰술  마늘 4쪽  생강 12쪽  대파 1대  건고추 2개  팔각 2개  숙주 한 줌  올리브오일 약간  소금.후추 약간씩  식용유 약간  양파 12개  영양부추 16단  물 8컵  대파 2대  통후추 5알  월계수잎 3장  청주 14컵  된장 1큰술  물 2컵  간장 3큰술  맛술 2큰술  굴소스 1큰술  식초 1큰술  설탕 1큰술  참기름 1큰술  고춧가루 12큰술  간장 1작은술,"Step 1 냄비에 고기 삶는 물 재료를 넣고 끓여주세요. Step 2 삼겹살은 흐르는 물에 씻고 고기삶는 물이 끓어오르면 냄비에 넣어 1시간 정도 삶아주세요. Step 3 팬에 식용유를 넉넉하게 두르고 흑설탕을 중간불에 녹인 후 삼겹살을 넣어 노릇하게 색이 나게 지져주세요. Step 4 삼겹살을 1cm 두께로 두툼하게 자릅니다. Step 5 마늘, 생강은 편으로 썰고 대파, 건고추는 큼직하게 썰어주세요. 새로 달군 팬에 식용유를 두르고 마늘, 생강, 대파, 건고추, 팔각을 넣고 볶습니다. Step 6 조림 양념 재료와 삼겹살을 넣고 30분 이상 조려 동파육을 완성해주세요. Step 7 숙주는 깨끗이 손질한 후 올리브오일을 두른 팬에 소금, 후추로 간을 해 살짝 볶아주세요. Step 8 양파는 채 썰고 영양부추는 적당한 길이로 잘라 양파무침 양념에 버무려줍니다. 그릇에 숙주를 깔고 동파육을 올린 후 양파무침을 곁들여 내어주세요.","['고지방', '고염', '고당']",중식,일반
kkXv9nQLFcD2mPCbFUvfWd84,키토 치즈 스콘,"녹인 무염 버터 70g  우유 60g  달걀 1개  잘게 썬 체다치즈 65g  아몬드 가루 220g  오트 파이버 가루 귀리 식이섬유 25g  파마산 치즈 가루 45g  에리스리톨 알룰로스 가루, 라칸토로 대체 가능 18g  베이킹파우더 9g",Step 1 가루 재료에 녹인 버터를 넣고 주걱으로 섞어주세요 Step 2 달걀과 우유를 섞은 후 조금씩 부어가며 섞어주세요. tip. 달걀물은 15 정도 남겨주세요 Step 3 잘게 썬 체다치즈를 넣고 섞어 한 덩이로 뭉쳐주세요. Step 4 반죽을 종이 포일에 감싸 냉장고에서 30분간 휴지시켜주세요. Step 5 밀대로 가볍게 밀어준 후 동그란 틀로 찍어내 주세요. tip. 두께는 2cm 정도로 만들어주세요 tip. 틀이 없다면 원하는 모양으로 잘라 만드셔도 좋아요 Step 6 개씩 겹쳐 이음새를 가볍게 정리한 후 오븐 팬에 담고 스콘 윗면에 남겨둔 달걀 물을 발라주세요. Step 7 도로 예열한 오븐에서 10분 180도에서 78분 정도 구워주세요. tip. 오븐에 따라 굽는 시간 및 온도가 다를 수 있으니 조절하여 만들어주세요,"['고단백', '고지방']",양식,일반
jD22TAvKxJ3eD4rvgyQhsQes,불고기 달걀덮밥,현미밥 130g  소분한 소불고기 110g  달걀 1개  쪽파 1줄기  올리브유 큰술  소금 1꼬집  검은깨또는 통깨 약간,"Step 1 볼에 달걀을 깨트려 넣어요. 소금을 넣고 섞어 달걀물을 만들어주세요. 달군 팬에 올리브유를 두르고 달걀물을 붓습니다. 약한 불에서 윗면이 마를 때까지 익힌 다음 뒤집어서 불을 끄고 한김 식혀주세요. Step 2 쪽파는 송송 썰고, 식힌 달걀물은 돌돌 만 뒤 채 썰어 지단을 만들어주세요. Step 3 밀폐용기에 현미밥을 담아요. Step 4 지단과 소불고기를 올린 뒤 쪽파와 검을깨를 뿌려주세요. Step 5 완성 동그랗게 담아 이쁘게 즐겨보세요. Tip. 지단 대신 장조림달걀을 넣어도 좋고, 샐러드채소나 어린잎채소를 추가해도 든든해요.","['고단백', '저칼로리', '고염']",다이어트,다이어트
VRGcgpianYgSAw5wS8rBAiug,비타민지짐  사과소스,비타민 20g | 사과 75g | 달걀노른자 1개 | 올리브유 약간,"Step 1 식초 1방울 또는 베이킹소다를 탄 물에 비타민을 담가 살균한 후 흐르는 물에 씻겨주세요. Step 2 비타민은 물기를 꼭 짜고 잎만 자른 후, 잘게 다져주세요. Step 3 달걀노른자만 푼 다음, 손질한 비타민을 담가 잘 섞어주세요. Step 4 키친타월에 올리브유를 묻혀 프라이팬을 닦은 후 동그랑땡 크기로 순서 3을 부쳐주세요. Step 5 사과는 깨끗이 씻은 후 껍질을 벗기고 알맞은 크기로 잘라주세요. Step 6 끓는 물에 사과를 넣고 삶아주세요. Step 7 삶은 사과는 숟가락 또는 절구로 으깨주세요. Step 8 비타민지짐에 사과소스를 곁들여주세요.",['고단백'],한식,일반
TB7X44JnB4Rdyi8dEH5g3TzR,그릭홍시,홍시 1개  그릭 요거트 4큰술  꿀 1큰술  그래놀라 적당량,Step 1 깨끗하게 씻은 홍시의 꼭지 부분을 떼주세요. Step 2 가운데 부분을 칼이나 숟가락으로 파내주세요. Step 3 파낸 부분에 그릭 요거트를 가득 채워주세요. Step 4 먹기 좋은 크기로 자른 후 꿀과 그래놀라를 곁들여 맛있게 즐겨주세요.,['고당'],다이어트,다이어트
6MyaXPhLQMy8d2L9VPenELpP,굴 부추전,굴 200g | 부추 100g | 청양고추 1개 | 홍고추 1개 | 식용유 적당량 | 부침가루 1컵 (120g) | 찬물 ½ 컵 (100mL) | 달걀 1개 | 다진 마늘 ½큰술 | 참치액젓 1작은술 | 레몬즙 ½큰술 | 설탕 1작은술 | 진간장 1큰술,"Step 1 깨끗이 씻은 부추는 4cm 길이로 썰고, 청양고추는 얇게 송송 썰어주세요. 홍고추는 굵게 다져주세요. Step 2 볼에 반죽 양념을 넣고 잘 섞어주세요. 초간장 재료는 모두 섞어주세요. Step 3 반죽에 썰어 둔 부추와 청양고추를 넣어 섞어주세요. Step 4 달군 팬에 굴을 넣고 강불로 12분간 볶아주세요. tip. 굴이 익으면서 나온 물을 반죽에 모두 부어주세요 Step 5 달군 팬에 식용유를 넉넉히 두르고 반죽을 넣어 펼친 후 볶은 굴과 홍고추를 얹고 반죽 물을 2큰술 둘러주세요. 한쪽 면이 익으면 뒤집어 익혀주세요. tip. 기름이 충분히 달궈졌을 때 반죽을 올려야 바삭하게 구울 수 있어요. Step 6 초간장을 곁들여 따뜻할 때 즐겨주세요.","['고지방', '고염']",한식,일반
Wkref59jzFwkDxJ7upZJ8bjW,간장게장,꽃게 (암게) 1kg | 홍고추 1개 | 청양고추 2개 | 마늘 5쪽 | 레몬 (생략 가능) ¼개 | 가다랑어포 반 줌 | 물 9컵 | 다시마 (사방 6cm) 2쪽 | 사과 ½개 | 생강 (마늘 한쪽 사이즈) 2쪽 | 양파 ½개 | 대파 ½대 | 건고추 2개 | 통후추 15알 | 간장 3컵 | 맛술 ½컵 | 청하 ¼컵 | 설탕 4큰술 | 매실청 2큰술,"Step 1 냄비에 물과 깨끗이 씻어 손질한 육수 재료를 넣고 끓이다가 물이 끓어오르면 다시마를 건져내고 15분 정도 끓이다가 불을 끈 후 가다랑어포를 넣고 5분 정도 우린 후 체에 걸러 가다랑어 육수를 만들어주세요. tip. 사과는 씨를 제거한 후 사용해주세요. Step 2 홍고추와 청양고추는 먹기 좋게 썰고 마늘은 편으로 썰어주세요. 레몬은 깨끗이 씻어 링으로 슬라이스 해 주세요. Step 3 냄비에 가다랑어 육수 6컵과 간장양념 재료를 넣고 끓인 후 식혀주세요. tip. 국물이 팔팔 끓으면 불을 꺼 주세요. Step 4 꽃게는 조리용 솔로 비벼 깨끗이 씻은 후 물기를 제거하고 보관 용기에 꽃게의 배가 위로 오도록 담아주세요. tip. 봄에는 알이 꽉 찬 암게를 사용하고 가을에는 살이 통통하게 오른 수게를 사용해서 만드시는 것이 좋고 살아있는 게는 냉동실에 2시간 정도 넣었다가 손질하시면 게의 살이 물러지지 않아요. Step 5 보관 용기에 마늘과 레몬, 홍고추, 청양고추를 넣은 후 차게 식은 간장양념 물을 부어주세요. tip. 꽃게가 간장 물에 잠기도록 눌러 뚜껑을 닫아주세요. Step 6 냉장고에 넣어 하루 숙성 후 국물만 따라내어 끓이고 식혀 다시 꽃게에 붓고 하루에서 이틀 정도 냉장고 넣어 숙성해 주세요. tip. 간장게장을 오래 두고 먹으려면 꽃게와 간장 물을 따로 나눠 냉동고에 넣어 보관해 주세요. Step 7 맛있게 즐겨주세요.",['고염'],한식,일반
K81Rz9oR5ypg2qB9DSYrYKBW,큐민향 양고기 볶음,양고기 200g  큐민가루 1작은술  쪽파 3뿌리  고수 약간  생추왕 1작은술간장  물전분 컵  식용유 1컵  산초가루 작은술  치킨파우더 1작은술  백후춧가루 작은술  설탕 1작은술  소금 약간,"Step 1 양고기는 편 썰고, 마늘은 반만 썰고, 쪽파는 흰 부분만 준비해 주세요. Step 2 볼에 분량의 양고기 마리네이드 재료를 치댄 후 기름에 재워두세요. Tip. 부드럽고 잡내 없는 고기 맛을 위해 해물, 육류에 미리 마리네이드를 하면 좋아요. 마리네이드 재료해물, 육류 250g 기준  옥수수 전분 2큰술, 흰자 1개, 소금 12 작은술, 식용유 3큰술, 후춧가루 약간 고기 후춧가루 Step 3 볼에 분량의 재료로 소스를 섞어 준비해 주세요. Step 4 팬에 기름을 두르고 양고기와 순서 3의 소스를 볶아 익을 때쯤 마늘을 넣고 볶은 후 체에 받쳐두세요. Step 5 완성 팬을 가열하여 순서 4를 넣고 큐민 가루를 골고루 뿌린 후 마지막에 쪽파와 고수를 넣고 볶아 접시에 담아 주세요. Tip. 양고기를 큐민 가루와 함께 마리네이드 하면 육질이 더 부드러울 뿐만 아니라 양고기 특유의 향을 잡아줘요.","['고지방', '고염']",중식,일반
tejMDLXF5TZbqiUjPayPkwoc,무 간장 장아찌,무 ½개 (600g) | 양파 ½개 | 홍고추 2개 | 청양고추 3개 | 물 1컵 | 간장 ⅔컵 | 현미 식초 ⅔컵 | 설탕 ⅔컵,"Step 1 무는 깨끗이 씻고 껍질을 벗긴 후 손가락 두께로 먹기 좋게 잘라주세요. 양파는 한입 크기로 자르고 홍고추와 청양고추는 반 갈라 씨를 털어 낸 후 어슷하게 썰어 주세요. Step 2 냄비에 절임물 재료를 넣고 팔팔 끓여주세요. Step 3 보관 용기에 썰어둔 무와 양파, 고추를 넣고 팔팔 끓인 절임물 재료를 뜨거울 때 붓고 실온에 반나절 두었다가 냉장 보관해 맛있게 즐겨주세요.",['일반'],한식,일반
JeDN7fReP724FqVJRdu8dwCc,비건 감자 샐러드,감자 34개 400g  오이 개  소금 작은술  땅콩 12큰술  후춧가루 약간  파슬리 생략 가능 약간  비건 마요네즈 2큰술  디종 머스타드 1작은술  설탕 큰술  소금 약간,"Step 1 깨끗이 씻은 감자는 반으로 잘라 김이 오른 찜통에 20분 정도 쪄주세요. Step 2 찐감자는 껍질을 벗겨 먹기 좋게 으깨주세요. 오이는 얇게 썰고, 파슬리는 잎을 떼어내 주세요. Step 3 볼에 감자와 오이, 파슬리, 다진 땅콩을 넣고 소스 재료를 넣어 섞어주세요. Step 4 그릇에 담아 맛있게 즐겨주세요.",['저칼로리'],채식,채식
ZNvPFGFdEyAtX4FCqAVkYB5F,새우장,새우 36마리(1kg) | 청주 1컵 | 청양고추 1개 | 홍고추 1개 | 레몬 1/3개 (생략가능) | 간장 2컵 | 물 2+1/2컵 | 청주 1/2컵 | 맛술 1/2컵 | 매실청 1/4컵 | 설탕 3큰술 | 다시마(사방 5cm) 2장 | 양파 1/2개 | 사과 1/3개 | 대파 1대 | 건고추 2개 | 통후추 15알 | 마늘 8쪽 | 생강 1개(마늘 1쪽 사이즈),"Step 1 새우는 입부분의 뾰족한 부분과 긴 수염을 가위로 잘라서 손질하고 청주에 10분 정도 담가 두었다가 흐르는 물에 깨끗하게 씻은 후 물기를 제거해주세요. 냉동새우는 물 1리터에 굵은 소금 2큰술을 넣은 소금물에 녹인 후 건져 손질 해주세요. Step 2 청양고추와 홍고추는 송송 썰고, 레몬은 얇게 슬라이스해주세요. 다림 간장 재료의 사과와 양파, 대파, 청양고추는 큼직하게 썰어주세요. Step 3 냄비에 다림간장 재료를 모두 넣고 팔팔 끓으면 다시마를 건져내고 2분정도 끓인 후 차게 식혀주세요.사과는 씨를 제거하고 넣어주세요. Step 4 새우를 보관 용기에 담고 송송 썰은 고추와 레몬 슬라이스를 올려 준 후 식힌 다림 간장을 체에 걸러 부어주세요. Step 5 완성된 간장 새우장은 냉장고에서 2일간 숙성 후 간장만 따라내어 팔팔 끓여 차게 식힌 후 부어주고 3일간 냉장 보관하여 숙성시켜주세요. Step 6 새우장을 머리와 껍질을 벗기고 먹기 좋은 크기로 잘라 맛있게 즐겨주세요.","['고단백', '고염']",한식,일반
GkqfdoYgrLeq7zNwbLuLGM8f,버섯 취나물 솥밥,현미 1+¾컵 | 렌틸콩 ¼컵 | 표고버섯 3개 | 미니 당근 80g | 취나물 60g | 간장 ½큰술 | 참기름 1큰술 | 물 2컵 | 강황가루 2작은술 | 들기름 1큰술 | 간장 2작은술 | 간장 3큰술 | 쪽파 2큰술 | 맛술 1큰술 | 올리고당 1작은술 | 고춧가루 1작은술 | 다진마늘 ½작은술 | 통깨 약간,"Step 1 쌀은 깨끗이 씻어 30분 정도 불린 후 체에 밭쳐 물기를 빼주세요. Step 2 생취나물은 질긴 잎과 굵은 줄기 부분을 자르고 깨끗이 씻어주세요. 손질한 생취나물을 끓는 물에 살짝 데치고 건져 물기를 짜주세요. 먹기 좋은 크기로 썰어주세요 취나물 밑간 재료를 넣어 조물조물 무쳐주세요. Step 3 표고버섯은 밑동 부분을 자르고 먹기 좋게 썰어 주세요. 미니당근은 먹기 좋게 송송 썰어주세요. Step 4 솥에 참기름을 두르고 불린 쌀을 넣어 볶아주세요. 쌀이 약간 투명해지면 강황가루와 간장을 넣어 볶다가 물을 붓고 뚜껑을 닫아 센 불에서 끓여주세요. Step 5 밥 물이 끓기 시작하면 골고루 잘 섞어 준 후, 불을 중약 불로 줄여 15분간 익혀주세요. Step 6 밥이 다 지어지면 불을 끄고 밑간 한 취나물과 표고버섯을 얹어 15분간 뜸을 들여 주세요. 완성된 솥밥을 주걱으로 잘 섞고 양념간장을 곁들여 맛있게 즐겨주세요.","['저칼로리', '고지방', '고염']",한식,일반
3hJFiJ4c3gtzeqUxnjhJF4P8,고사리 간장 비빔국수,고사리 200g | 소면 200g | 대파 ½대 | 청양고추 1개 | 통깨 약간 | 달걀노른자 2개 | 소금 약간 | 간장 2+½큰술 | 올리고당 1큰술 | 다진 마늘 ½작은술 | 설탕 1작은술 | 참기름 2큰술 | 후춧가루 약간,"Step 1 고사리는 3cm 길이로 잘라주세요. 청양고추는 굵게 다져주세요. 대파는 송송 썰어주세요. 볼에 국수 양념 재료를 모두 섞어주세요. 양념 Step 2 달군 팬에 참기름을 두르고 송송 썬 대파를 넣고 볶다가 고사리와 소금 한 꼬집을 넣어 2분간 볶아주세요. Step 3 끓는 물에 소면을 펼쳐 넣고 젓가락으로 저어 면끼리 달라붙 지 않도록 저어주고 물이 끓어오르면 찬물 반 컵을 23회 반복해서 부어 국수를 삶아주세요. 흐르는 찬물에 소면을 여러 번 씻어 전분기를 없애고 체반에 받쳐 물기를 빼주세요. Step 4 볼에 삶은 국수와 볶은 고사리, 양념장을 넣고 골고루 섞어주세요. Step 5 그릇에 담아 달걀노른자와 다진 청양고추를 넣고 통깨를 뿌려주세요.","['고단백', '고지방', '고염']",한식,일반
B3GhSstZfZWQvZ7QTxo4oNoQ,달걀꼬마김밥,달걀 8개 | 오이 1/2개 | 스팸 50g | 단무지 2줄 | 적채피클 1/2컵 | 밥 3공기 | 구운김 4장 | 간장 1/2큰술 | 맛술 1큰술 | 올리고당 2큰술 | 참기름 1큰술 | 소금 1/2작은술,"Step 1 스팸과 오이는 나무젓가락 두께로 잘라주세요. 오이는 약간의 소금을 뿌려 10분 정도 밑간 한 후 물기를 제거해주세요. Step 2 스팸은 끓는 물에 살짝 데친 후, 팬에 스팸조림 소스를 넣어 2분 정도 졸여주세요. Step 3 고슬하게 지은 밥에 밥양념 재료를 넣어 밑간 해주세요. Step 4 등분으로 자른 구운 김 위에 밥을 14정도 고르게 편 후 오이, 단무지, 스팸, 적채피클을 각각 넣어 돌돌 말아주세요. Step 5 볼에 달걀을 넣고 섞은 후 체에 내리고, 달군 팬에 약간의 기름을 넣고 달걀물을 김 크기로 얇게 펴주세요. 달걀이 80정도 익었을 때, 김밥을 올려 달걀로 돌돌 말아주세요. Step 6 달걀꼬마김밥을 먹기좋은 크기로 잘라 즐겨주세요.","['고단백', '저칼로리', '고지방', '고염']",한식,일반
6DJSi5gh6THAQXNce561D8sd,돌나물 골뱅이무침,골뱅이 통조림 1캔 (400g) | 돌나물 한 줌 (50g) | 깻잎 6장 | 대파 ½대 | 오이 ½개 | 당근 ⅙개 | 양파 ¼개 | 통깨 약간 | 고춧가루 3큰술 | 골뱅이 국물 2큰술 | 고추장 1큰술 | 간장 1+½큰술 | 맛술 1큰술 | 설탕 1큰술 | 올리고당 2큰술 | 식초 1큰술 | 다진 마늘 1큰술 | 참기름 1작은술 | 후춧가루 약간,"Step 1 볼에 양념 재료를 넣고 섞어 양념장을 만들어주세요. Step 2 돌나물은 손질한 후 깨끗하게 씻어 물기를 빼고 깻잎, 양파, 대파는 채를 썰어주세요. 대파 채는 찬물에 담갔다가 물기를 빼주세요 오이와 당근은 길이로 반 갈라 어슷하게 슬라이스 해 주세요. Step 3 골뱅이는 체에 밭쳐 물기를 빼고 길이로 이등분해주세요. Step 4 볼에 골뱅이와 돌나물, 손질한 야채, 양념장을 넣고 섞어주세요. Step 5 접시에 돌나물 골뱅이무침을 올린 후 통깨를 뿌리고 기호에 따라 삶은 소면을 곁들여 맛있게 즐겨주세요.",['저칼로리'],한식,일반
85DB1zcbudBBZj9QXzpBvaGh,오징어깐풍기,오징어 1마리  마른고추 2개  청양고추 1개  대파 14대  실파 2대  참기름 1작은술  마늘 3쪽  통깨 약간  튀김 기름 적당량  달걀 1개  전분가루 12컵  튀김가루 14컵  간장 2큰술  맛술 3큰술  식초 2큰술  굴소스 12큰술  설탕 1큰술  다진마늘 1큰술  생강가루 14작은술  후춧가루 약간,"Step 1 오징어는 내장을 제거하고, 껍질을 벗겨 씻은 후 안쪽에 칼집을 내고 한 입 크기로 잘라주세요. Step 2 마른고추와 청양고추, 대파는 링으로 잘게 자르고 실파는 송송 썰어주세요. Step 3 마늘은 얇게 슬라이스해서 물에 담갔다가, 키친타월에 올려 물기를 제거한 후 팬에 기름을 넉넉히 두르고 노릇하게 튀겨주세요. Step 4 썰어놓은 오징어를 튀김반죽 재료를 넣고 섞은 후 튀겨주세요. 튀겨진 오징어를 센불에 다시 한 번 더 바삭하게 튀겨주세요. Step 5 달군 팬에 약간의 기름을 두르고 대파와 마른고추, 청양고추를 넣어 볶다가 소스양념 재료를 넣고 끓여주세요. Step 6 소스가 바글바글 끓으면 튀겨놓은 오징어를 넣어 재빨리 버무려주고, 마지막에 참기름을 뿌리고 송송 썬 실파와 마늘칩, 통깨를 뿌려주세요. Step 7 알맞은 그릇에 덜어 맛있게 즐겨주세요.","['고단백', '고지방']",중식,일반
kwisiZzWHsw9JLga1Tr5LKFx,복주머니 만두,"간 돼지고기 300g | 부추 (만두소 80g, 만두 묶을 때 사용 20g) ⅓단 (150g) | 양파 1개 | 건당면 60g | 애호박 1개 | 느타리버섯 1팩 (200g) | 굴소스 2큰술 | 간장 2큰술 | 생강가루 약간 | 다진 마늘 1큰술 | 소금 1작은술 | 후춧가루 약간 | 소금 한 꼬집 | 맛술 1큰술 | 소금 약간 | 참기름 ½큰술 | 밀가루 (중력분) 1컵 | 물 ¼컵 | 비트즙 ⅓컵 | 시금치즙 ⅓컵 | 간장 3큰술 | 고춧가루 1작은술 | 식초 1작은술 | 설탕 1작은술 | 다진 청양고추 2개 | 다진 마늘 1작은술 | 깨 1작은술","Step 1 세 가지의 만두피 반죽 재료를 각각 볼에 담고, 고루 섞어 밀가루가 보이지 않도록 잘 치댄 후 각각 비닐봉지에 넣어 냉장고에서 12시간 정도 휴지시켜주세요. tip. 반죽을 오래 치댈수록, 숙성을 오래 할수록 식감이 쫄깃쫄깃해지니 최소 10분 이상 치대고, 반죽을 하루 전날 만들어 냉장고에서 숙성시켜도 좋아요. 물은 조금씩 넣어가며 반죽을 해주세요 Tip. 비트즙 만들기  비트 개, 물 컵을 믹서에 넣고 갈아 만들어 주세요 Tip. 시금치즙 만들기  시금치 두 줌, 물 컵을 믹서에 넣고 갈아 만들어 주세요 Step 2 당면은 찬물에 20분 정도 불린 후 끓는 물에 2분 정도 데쳐주세요. 찬물에 헹군 후 체에 밭쳐 물기를 제거하고 잘게 다져주세요. 만두를 묶을 때 사용할 부추는 데쳐서 물기를 짜주세요. Step 3 양파는 잘게 다지고, 부추는 송송 썰어주세요. Step 4 느타리버섯은 끓는 물에 1분 내외로 살짝 데친 후 물기를 꽉 짜고 송송 썰어주세요. 애호박은 채를 썰어 소금에 10분 정도 절인 후 물기를 꽉 짜주세요. 느타리버섯을 데쳐서 사용하면 쫄깃한 식감을 줄 수 있어요. 만두소를 만들 때는 재료들의 수분을 최대한 제거해주는 것이 좋아요. Step 5 돼지고기는 키친타월에 올려 핏물을 제거한 후, 볼에 담고 밑간 양념 재료를 넣어 밑간해 주세요. 다진 양파, 송송 썬 느타리버섯, 채 썬 애호박, 만두소 양념을 넣어 버무린 후, 부추를 넣고 한 번 더 가볍게 섞어주세요. Step 6 .만두피 반죽을 길게 밀어준 후, 적당한 크기12g 정도로 잘라 밀대로 동그랗게 밀어주세요. 바닥에 밀가루를 뿌리고 얇게 밀어주세요. Step 7 만두피를 반으로 잘라 다른 색의 반죽과 겹친 후 밀대로 밀어 붙여주세요. 만두피는 0.5cm 이상으로 겹쳐야 만두가 터지지 않아요. Step 8 만두피에 만두소를 넣고 복주머니 모양으로 오므려 윗부분에 주름을 잡은 후 데친 부추로 묶어주세요. 김이 오른 찜통에 810분 정도 쪄주세요. 볼에 양념장 재료를 넣어 섞어주세요. Step 9 완성된 요리를 접시에 담아 양념장과 곁들여 마무리해주세요. 기호에 따라 초간장과 곁들여 드시거나 만둣국 등을 만들어 드셔도 좋아요.","['고단백', '저칼로리', '고염']",한식,일반
dga42tKc3MzN8qWNcdtgsK8e,크로와상 베네딕트,크로와상 생지 2개  달걀 2개  베이컨 2장  올리브오일 약간  소금 약간  후춧가루 약간  마요네즈 112큰술  머스타드 12큰술  물 1리터  식초 3큰술  버터 80g  달걀 노른자 2개  물 1큰술  레몬즙혹은 식초 1큰술,"Step 1 크로와상 생지는 에어프라이이어에 넣어 180도 온도에서 1215분간 구워주세요. Step 2 달군 팬에 베이컨을 노릇하게 구워주세요. Step 3 냄비에 식촛물 재료를 넣고 살짝 끓어오르면 수저로 냄비 가장자리를 원 모양으로 돌려주세요. 중앙에 달걀을 넣고 23분 정도 익혀 수란을 만들어주세요. Step 4 버터는 중탕으로 녹이거나 전자레인지에 40초 정도 녹여주세요. 볼에 달걀노른자를 넣어 푼 후, 따뜻한 물이 있는 냄비 위에 볼을 얹고 녹인 버터를 조금씩 넣으면서 거품기로 섞어주세요. 레몬즙과 약간의 소금, 후춧가루로 간을 해주세요. Step 5 크로와상 가운데를 살짝 눌러준 후 스프레드를 발라주세요. 베이컨과 수란을 얹은 후 소스를 뿌려주세요. Step 6 맛있게 즐겨주세요.","['고단백', '고지방', '고염']",양식,일반
or6sN4TfXc2SqtW6zAryQtpm,돼지고기 짜글이,돼지고기 200g | 감자 1개 | 양파 ½개 | 대파 ¼개 | 청양고추 2개 | 두부 ½모 | 다시마 육수 (물로 대체 가능) 1컵 | 맛술 2큰술 | 식용유 약간 | 고춧가루 ½큰술 | 고추장 ½큰술 | 된장 ½큰술 | 생강가루 1작은술 | 다진 마늘 1큰술 | 간장 2큰술 | 액젓 1큰술 | 후춧가루 약간,"Step 1 돼지고기는 먹기 좋은 크기로 자르고 후춧가루와 맛술을 넣어 밑간해 주세요. Step 2 껍질을 벗긴 감자와 두부는 한입 크기로 썰어주세요. 양파는 채를 썰어주세요. 대파, 청양고추는 송송 썰어주세요. Step 3 볼에 양념 재료를 넣고 잘 섞어주세요. Step 4 냄비에 식용유를 두른 후 돼지고기 넣어 볶아주세요. 돼지고기의 겉면이 익으면 중약불에서 양념장을 넣어 볶아주세요. Step 5 양파와 감자를 넣고 육수를 조금 부어 볶다가 두부를 넣고 남은 육수를 마저 넣은 후 센 불에서 끓여주세요. Step 6 국물이 자작하게 졸아들면 대파와 청양고추를 넣어 한소끔 더 끓여 완성해 주세요.","['고단백', '저칼로리']",한식,일반
FWBGM7JAJsZ7Jk8tD5Go1iiZ,게살덮밥,게맛살 80g  달걀 2개  밥 1공기  대파 흰 부분 12개  팽이버섯 50g  물 12컵  설탕 12큰술  맛술 1큰술  간장 1큰술  굴소스 12큰술  식초 1큰술  전분 12큰술  물 2큰술,Step 1 볼에 달걀을 풀어주세요. 파는 송송 썰고 팽이버섯은 손으로 찢어 반으로 잘라주세요. 크래미는 손으로 찢어주세요. Step 2 달걀에 손질한 재료를 넣어 섞어주세요. Step 3 팬에 기름을 두르고 달걀물을 부어 뚜껑을 덮어 3단에서 4분간 익혀주세요. 불을 끄고 5분간 뜸을 들여주세요. Step 4 달걀을 그릇에 덜어놓은 후 팬에 전분을 제외한 양념을 넣고 9단에서 30초간 끓여주세요. Step 5 전분물을 조금씩 부어 5단에서 1분간 저어가며 끓여주세요. Step 6 밥 위에 달걀을 올리고 소스를 부어 쪽파와 통깨를 뿌려 완성해주세요.,"['고단백', '저칼로리', '고지방']",중식,일반
J7FR6XS6bgNXjr1apPNevBbM,가지 고추장 구이,가지 2개  쪽파 2줄기  통깨 약간  고추장 1큰술  고춧가루 12큰술  간장 1큰술  올리고당 1큰술  설탕 1작은술  다진마늘 1큰술  참기름 1큰술  소금 약간  후춧가루 약간,Step 1 가지는 꼭지를 따지 않고 길이로 반을 가른 후 격자무늬로 칼집을 넣어주세요. Step 2 쪽파는 송송 썰어 준비해주세요. 볼에 양념장 재료를 넣고 섞어주세요. Step 3 달군 팬에 가지를 넣고 노릇하게 구워 가지의 수분을 날려주세요. Step 4 가지가 노릇하게 익으면 칼집을 넣은 면에 양념장을 골고루 발라 200도로 예열한 오븐에 넣어 810분정도 구워주세요. tip 가지를 구워 수분을 날린 후 양념을 바르면 가지 속까지 양념이 잘 스며들게 만들 수 있어요. Step 5 가지 고추장 구이를 접시에 담고 송송 썬 쪽파와 통깨를 뿌려 맛있게 즐겨주세요.,['고염'],채식,채식
S4JtRQpd2a81XCNyHNvBW6SJ,닭고기양배추롤,현미밥 12공기  닭고기 안심 3개 60g  다진 김치 1줄기 50g  양배추 잎 4장  다시마 1장  깨소금 12작은술  참기름 약간  청주 1큰술  다진 마늘 12작은술  포도씨유 약간  후춧가루 약간  고춧가루 2작은술  고추장 1작은술  올리고당 1작은술  간장 12작은술,"Step 1 양배추 잎은 두꺼운 부분을 저며낸 뒤 찜기에 올려 710분간 쪄주세요. Step 2 다시마는 찬물에 담가 짠맛을 뺀 뒤 0.7cm 폭으로 길게 썰어주세요. Step 3 닭고기는 사방 1cm 크기로 썰어 밑간으로 가볍게 버무려 잠시 재워두세요. Step 4 볼에 양념 재료를 고루 섞어주세요. Step 5 현미밥에 잘게 다진 김치, 깨소금, 참기름을 넣어 고루 섞어주세요. Step 6 달군 팬에 물을 살짝 두르고 닭고기를 넣어 볶다가, 겉면이 하얗게 익으면 물 12큰술을 더 넣고 볶아 속까지 잘 익혀주세요. Step 7 의 양념을 넣어 후루룩 볶은 후 불을 꺼주세요. Step 8 김발 위에 양배추 잎 2장을 깔고, STEP5의 현미밥을 얇게 깐 뒤 닭고기를 올려 꼭꼭 누르면 돌돌 말아주세요. Step 9 양배추말이밥을 일정한 간격을 두고 길게 썬 다시마로 묶어주세요. 다시마 사이사이를 썰어 마무리하세요.","['저칼로리', '고지방', '고염']",다이어트,다이어트
BEGHLqW9XmgCxfrW92HYH93L,부드러운 달걀찜,달걀 4개  다시마육수 1 컵  맛술 1큰술  설탕 1작은술  소금 12작은술,Step 1 모든 재료를 볼에 넣고 잘 섞어주세요. Step 2 달걀물을 체에 걸러 알끈을 제거해주세요. Step 3 달걀물을 사기그릇에 7080 채우고 표면의 거품을 제거한 후 랩을 씌워주세요. Step 4 냄비에 사기그릇을 넣고 뚜껑을 닫은 후 중약불로 1315분간 중탕해서 익혀주세요. Step 5 기호에 따라 달걀찜 표면에 지단과 파슬리 등을 이용해 장식해서 마무리해주세요.,"['고단백', '저칼로리']",일식,일반
iCkWCJoygU5niY9t9GmysCja,단팥죽,팥 2컵 | 멥쌀 1/2컵 | 물 10컵 | 설탕 3큰술 | 소금 1작은술 | 찹쌀가루 1컵 | 뜨거운 물 1/2컵 | 소금 두 꼬집,Step 1 멥쌀은 깨끗이 씻어 3시간정도 불린 후 체에 밭쳐 물기를 빼주세요. Step 2 팥은 깨끗이 씻은 후 냄비에 팥이 잠길 정도로 물을 붓고 5분정도 끓이다가 물을 따라 버리고 다시 냄비에 물 10컵을 붓고 팥알이 푹 무르도록 1시간 정도 삶아주세요. Step 3 삶은 팥은 뜨거울 때 물 6컵을 조금씩 부어가며 체에 내려 껍질을 거르고 걸러낸 팥물은 10분 정도 두어 팥앙금이 가라앉도록 해주세요. Step 4 볼에 새알심재료인 찹쌀가루를 넣고 조금씩 뜨거운 물울 부어가며 고루 섞이도록 반죽을 치댄 후 새알심을 1센치 크기로 동글동글하게 빚어주세요. Step 5 냄비에 팥물의 윗 맑은 팥물만 따라내고 불린 멥쌀을 넣어 쌀알이 퍼질때까지 저어가며 끓여주세요. 멥쌀을 팥앙금에 처음부터 넣어 끓이면 멥쌀이 잘 퍼지지 않고 앙금이 눌러 붙을 수 있어 멥쌀이 퍼진 후에 넣어 함께 끓여주는 것이 좋답니다. Step 6 쌀알이 푹 익으면 팥물에 가라앉힌 팥앙금을 넣고 한소끔 끓이고 새알심을 넣고 새알심이 익어 떠오를면 설탕과 소금을 가감해서 간을 맞쳐주세요.,"['고염', '고당']",한식,일반
EhvNCAncpkphpRyyeJbVQXNo,모닝빵 핫도그,모닝빵 6개  비엔나 소시지 6개  치커리 한줌  체더치즈 슬라이스 2장  양파 14개  오이피클 50g  케첩 약간  머스터드 약간  마요네즈 3큰술  머스터드 1큰술,"Step 1 치커리는 먹기 좋게 자른 후 찬물에 담갔다가 물기를 제거하고, 양파와 피클은 굵게 다져 물기를 제거해주세요. 체더치즈는 대각선으로 4등분해서 잘라주세요. Step 2 비엔나 소시지는 어슷하게 칼집을 넣어 달군 팬에서 2분정도 볶아주세요. 또는 비엔나 소시지는 끓는 물에 살짝 데쳐서 사용하셔도 된답니다 Step 3 모닝빵의 가로로 반절정도 되는 부분까지 칼집을 넣어주세요. Step 4 모닝빵 밑면에 스프레드를 바르고 체더치즈치커리다진 오이피클다진 양파비엔나 소시지 순으로 올리고 케첩과 머스터드 소스를 뿌려주세요. 아이들 간식용으로 만드실 때는 허니 머스터드소스를 뿌려주셔도 좋답니다 Step 5 브런치 메뉴, 아이들 간식, 간편한 한끼로 활용해보세요.","['저칼로리', '고지방']",양식,일반
vYg4F3ophywHUznxDHRgJucm,서리태콩두유,서리태 2컵 | 물 8컵 | 호두 2큰술 | 잣 1큰술 | 소금 1큰술 | 꿀 2큰술,"Step 1 콩은 깨끗이 씻어 5시간 정도 불려주세요. Step 2 냄비에 서리태와 물 5컵, 소금을 넣고 1520분 정도 삶아 체에 건져주세요. 콩물은 따로 받아주세요. tip. 물이 끓기 전에 콩을 넣으면 콩 특유의 비린향이 날 수 있기 때문에 물이 끓고 난 후 콩을 넣어 끓이는 게 좋아요. Step 3 믹서에 삶은 서리태와 콩물, 물 3컵, 호두, 잣, 꿀을 넣어 곱게 갈아주세요. tip. 부족한 간은 소금으로 맞추고, 더 묽게 드시고 싶으신 분은 물의 양을 늘려서 만드셔도 좋아요. 취향에 따라 다른 견과류나 검은깨 등을 추가로 넣어 갈아 드셔도 좋답니다. Step 4 냉장고에 보관해 시원하게 드시는 걸 추천드려요.","['고염', '고당']",한식,일반
KrkYZZzwoWLEQ9s2VxbGx8zZ,오징어채볶음,오징어채 3줌(150g) | 식용유 2큰술 | 참기름 1큰술 | 통깨 약간 | 고추장 2큰술 | 올리고당 2큰술 | 맛술 2큰술 | 마요네즈 2큰술 | 설탕 1/2큰술 | 간장 1큰술 | 고운 고춧가루 1큰술 | 다진마늘 1/2큰술 | 물 1/4컵 | 후추 약간,"Step 1 오징어채는 찬물에 살짝 담갔다가 체에 받쳐 물기를 빼고 먹기 좋게 잘라주세요. Step 2 볼에 양념재료를 넣고 섞어주세요. Step 3 달군 팬에 식용유를 두르고 중약불에서 양념재료를 넣은 후, 끓어오르면 약한불로 줄여 오징어채를 넣어주세요. Step 4 양념이 고루 섞이도록 2분 정도 버무리고 불을 끈 후 참기름과 통깨를 뿌려주세요. 오징어채는 오래 볶으면 질겨질 수 있으니 약한불에서 짧은 시간 동안 빠르게 볶아주세요. Step 5 완성된 오징어채볶음을 그릇에 담아 내어주세요. 참고  오징어채를 물에 담그지 않고 바로 조리 하실 때는 양념을 끓인 후 불을 끄고 오징어채를 넣어 남은 잔열로 버무려주세요.","['고단백', '고지방']",한식,일반
eMZubPH49r2YGPkWoC6CZyh1,황진선 크래미 볶음,크래미 1봉  곤약 80g  새송이버섯 60g  죽순 50g  팽이버섯 30g  달걀왕란 3개  다진 대파 1큰술  다진 생강 1작은술  파기름 90ml  물전분물 1큰술전분 1큰술 2큰술  치킨파우더 1작은술  물 250ml  소금 12작은술  설탕 13작은술  참기름 1작은술  식초 16작은술  청주 1큰술,"Step 1 크래미는 손으로 찢어주세요. 새송이버섯 기둥 부분과 죽순, 곤약, 대파를 채 썰어주세요. 팽이버섯은 밑동을 썰어내고 손으로 떼어내 준비해 주세요. Step 2 물에 치킨 파우더를 약간 넣고 끓여주세요. 새송이버섯, 팽이버섯, 곤약, 죽순을 데친 후 채반에 밭쳐 한김 식혀주세요. 볼에 계란 흰자를 담아 풀어 주세요. Step 3 달군 팬에 차가운 파기름을 두른 후 다진 대파와 다진 생강을 넣어 볶아주세요. 약불로 볶으면서 향을 내 주세요. tip. 중식의 기본으로 팬은 뜨겁게 기름은 차갑게를 기억해 주세요 tip. 파기름에 다진 대파를 넣어 한 번 더 파기름을 낸다고 생각하면 좋아요 Step 4 팬 가장자리에 식초와 청주, 설탕, 미원을 뿌리듯 넣어 불맛을 살려 주세요. tip. 팬의 가운데가 아닌 가장자리에 재료를 넣는 것이 포인트랍니다 tip. 특히 설탕을 팬의 가장자리에 넣으면 불맛이 난답니다 Step 5 볶아 놓은 버섯, 죽순, 잘게 찢은 크래미를 넣고 같이 볶아 주세요. 육수를 넣어 한소끔 끓여 주세요. tip. 게살은 반씩 나눠 넣고 볶아주세요 Step 6 물에 전분을 넣고 묽게 푼 후 넣어 주세요. 소금을 넣어 간을 해주세요. tip. 전분은 한 번에 넣지 않고 여러 번에 나눠 천천히 넣어주세요. 걸죽한 느낌이 되었을 때 팬을 여러번 흔들어 볶아주세요 Step 7 전분이 익었을 때 계란 흰자를 넣어주세요. 주걱으로 바닥을 천천히 긁어 저으면서 익혀주세요. 흰자가 익으면 참기름을 넣고 오목한 접시에 담은 후 맛있게 즐겨 주세요.","['고단백', '저칼로리', '고지방', '고염', '고당']",중식,일반
2LeSwsZo6zW5ancQdLrPcr36,갈비통닭,닭볶음탕용 닭 1마리(800g) | 우유 400ml | 파 1/4대 | 치킨튀김가루 2컵 | 식용유 약간 | 통깨 약간 | 맛술 2큰술 | 소금 약간 | 후추 약간 | 간장 1/4컵(50ml) | 물 1/2컵 | 설탕 1큰술 | 물엿 2큰술 | 맛술 1큰술 | 양파 1/4개 | 다진마늘 1큰술 | 참기름 1작은술,"Step 1 닭볶음탕용 닭은 누린내 제거를 위해 우유에 30분가량 담갔다가 물에 씻어 밑간 재료에 10분 정도 재워주세요. Step 2 파는 송송, 양파는 잘게 다져주세요. Step 3 밑간한 닭고기에 치킨튀김가루를 묻혀주세요. Step 4 튀김옷을 입힌 닭에 식용유를 넣어 버무려주세요. 에어프라이어를 활용해 만들기 위해 식용유에 버무리는 것으로, 기름에 튀겨 만드실 경우 이 과정은 생략해주세요 Step 5 에어프라이어에 서로 달라붙지 않도록 넣은 후 180도에서 15분 굽고, 뒤집어서 10분 구워주세요. tip. 기름에 튀길 때에는 가루 반죽을 묻힌 후, 치킨튀김가루 200g에 찬물 340ml를 넣고 묽은 반죽을 만들어 한 번 더 묻혀 준비해주세요. 냄비에 식용유를 붓고 170도로 예열한 후 닭고기를 1012분간 노릇하게 튀겨주세요. 닭고기를 두 번 튀겨내면 더욱 바삭한 맛을 살릴 수 있어요. Step 6 달군 팬에 소스재료를 넣고, 소스가 바글바글 끓으면 닭튀김을 넣어 버무린 후 다진 파와 통깨를 뿌려주세요. Step 7 알맞은 그릇에 담아 맛있게 즐겨주세요.",['고지방'],한식,일반
PiSQdxAvS7PKCbC9xT9q8YCG,아보카도새우 오픈샌드위치,바게트 4조각  아보카도 1개  칵테일새우 12마리  올리브오일 약간  마요네즈 2큰술  파프리카파우더 약간  루꼴라 약간  소금 약간  후춧가루 약간  크러쉬드 레드페퍼생략가능 약간  버터 1큰술  마요네즈 3큰술  디종머스터드 1작은술  레몬즙 1작은술  카레가루 12큰술  다진양파 2큰술,"Step 1 아보카도는 반으로 가른 후, 씨를 빼고 껍질을 벗겨 0.5cm두께로 슬라이스 해주세요. Step 2 달군 팬에 버터를 두른 후 바게트를 노릇하게 구워주세요. 소스재료는 볼에 넣고 모두 섞어주세요. Step 3 달군 팬에 올리브오일을 두르고, 새우와 파프리카파우더, 소금, 후춧가루를 뿌려 노릇하게 구워주세요. Step 4 바게트에 마요네즈를 적당히 바르고 루꼴라와 아보카도, 구운 새우를 차례대로 올려주세요. Step 5 소스와 크러쉬드 레드페퍼, 후추를 뿌려 맛있게 즐겨주세요.","['고단백', '고지방', '고염']",양식,일반
1aLXMYqiK26iFkKi5NGX1ByG,돼지고기오징어쌈밥,율무밥 1/2공기 | 돼지고기(다진 것) 50g | 오징어(손질한 것) 1/4마리 | 양배추잎 1장 | 깻잎 6장 | 포도씨유 약간 | 고춧가루 2작은술 | 고추장 1작은술 | 청주 1작은술 | 올리고당 1작은술 | 다진 마늘 1/2작은술 | 간장 1/2작은술 | 후춧가루 약간,"Step 1 다진 돼지고기는 종이타월에 감싸 핏물을 제거하세요. Step 2 양배추 잎은 잘게 다져주세요. Step 3 오징어는 끓는 물에 살짝 데친 후 잘게 다져주세요. Step 4 양념 재료를 볼에 모두 넣어 고루 섞어주세요. Step 5 다진 돼지고기와 오징어, 양배추 잎을 한데 넣고 STEP4의 양념을 넣어 고루 섞은 후 20분 정도 재워두세요. Step 6 팬에 포도씨유 또는 물을 살짝 두르고 STEP5를 넣어 볶아주세요. Step 7 돼지고기오징어 볶음에 율무밥을 넣어 고루 섞어주세요. Step 8 랩 위에 깻잎을 올리고 볶음밥을 올린 후 동그랗게 뭉쳐주세요. 흩어지기 쉬운 재료이므로 랩을 이용해 모양을 잡고, 그대로 도시락에 싸 먹기 직전에 풀러 한입에 드세요.",['고단백'],한식,일반
TifpxTnXmCjqozKHcae1KPbq,플라워피자,메리골드 꽃 한 줌  강력분 145g  물 80g  이스트 2g  소금 2g  올리브오일 1작은술  모차렐라 치즈 1덩이  토마토 소스 2큰술,Step 1 볼에 반죽 재료를 넣고 섞어주세요. Step 2 젖은 수건 또는 랩을 씌워 실온에서 15분 정도 발효시켜주세요. Step 3 발효된 반죽은 덧밀가루를 뿌려 둥글린 후 다시 1시간 발효시켜주세요. Step 4 반죽을 납작하게 눌러 조금씩 펼쳐 늘려주세요. Step 5 법랑 접시에 종이호일을 깔고 반죽을 올린 후 반죽에 토마토소스를 바르고 생 모차렐라를 토핑해주세요. Step 6 법랑 접시를 1단에 넣고 광파오븐 수동 요리 오븐에서 200도로 13분간 구워주세요. Step 7 피자 위에 꽃잎을 뜯어 흩뿌리 듯 토핑해 주세요.,['일반'],양식,일반
zBsVsneeWTvRY66JMPDEFPw7,약콩 현미죽,검은콩 ½컵 | 현미 1컵 | 죽염 ½작은술 | 항암육수(카테고리 내 레시피 참조) 4~5컵,"Step 1 요리 시작 전, 검은콩은 8시간, 현미는 2시간 정도 불려서 검은콩 12컵, 현미 1컵을 준비해 주세요. Step 2 믹서기에 검은콩과 현미를 모두 넣고 곱게 갈아 주세요. Step 3 의 갈아놓은 검은콩과 현미, 항암육수를 냄비에 붓고 끓여줍니다. Step 4 센 불에서 5분 정도 끓이다가 약불에서 1520분 정도 더 끓인 후 죽염으로 간을 맞춰주세요. Step 5 완성 그릇에 덜어 구수하고 담백한 맛을 즐기세요. Tip. 죽은 여러 번 간을 하는 것 보다 먹기 직전에 간하는 게 가장 좋답니다.",['일반'],한식,일반
zFxvoKLRHqd8wqLBZ5Sd1Ua2,라이스페이퍼 꿔바로우,돼지고기 등심 200g  라이스페이퍼 20장  대파 대  생강 1톨  맛술 2큰술  식용유 4컵  깐마늘 4톨  간장 1큰술  설탕 5큰술  사과식초 8큰술  물엿 2큰술  물 4큰술  전분 물 2큰술,"Step 1 대파와 생강은 채를 썰어주세요. 마늘은 편 썰어주세요. Step 2 돼지고기 등심은 얇게 썰어주세요. 소금, 후추, 맛술을 뿌려 10분간 밑간해 주세요. Step 3 라이스페이퍼를 물에 적셔 펼친 후 수분이 충분히 스며들었을 때 등심을 넣고 감싼 후 라이스페이퍼에 한 번 더 감싸주세요. tip. 라이스페이퍼는 물에 오래 담그지 마시고 바로 빼주세요 Step 4 냄비에 식용유를 넣어 160도로 예열해주세요. 라이스페이퍼로 감싼 등심을 넣어 12분간 튀겨주세요. tip. 젓가락으로 사이사이를 흔들어 가며 서로 붙지 않게 해주세요 Step 5 볼에 전분 물을 제외한 소스 재료를 넣고 섞어주세요. Step 6 냄비에 식용유 2큰술을 두른 후 마늘을 넣어 볶다가 소스를 붓고 끓여주세요. 소스가 끓어오르면 채를 썰어둔 생강과 대파를 넣고 30초 정도 끓여주세요. 전분 물을 부어 끈적한 농도가 나도록 30초 정도 센 불에서 저어가며 끓여주세요. Step 7 튀겨낸 꿔바로우를 접시에 담고 소스를 부어 맛있게 즐겨주세요.","['고단백', '고염']",중식,일반
PNArtyRg47wCVhp1x3kLGJy6,무화과핑거푸드,무화과 4개  리코타치즈 2큰술  피스타치오 1큰술  메이플시럽또는 꿀 2큰술  후춧가루 약간  무화과 3개  카망베르치즈 12개  프로슈토 12장  메이플 시럽또는 꿀 2큰술  바게트 13개  리코타치즈 4큰술  다진 피스타치오 2큰술  아몬드 슬라이스 2큰술  민트생략가능 약간  발사믹 글레이즈 약간,"Step 1 무화과 치즈카나페 무화과는 흐르는 물에 깨끗이 씻은 후 꼭지를 자르고 4등분으로 칼집을 내주세요. 2. 피스타치오는 잘게 다져주세요. 3. 칼집을 낸 무화과에 리코타치즈를 12큰술씩 넣어주세요. 4. 메이플 시럽을 뿌린 후 다진 피스타치오와 후춧가루를 뿌려 완성해주세요. Step 2 무화과 치즈말이 무화과는 흐르는 물에 깨끗이 씻어주세요. 꼭지를 제거 후 길게 4등분으로 잘라주세요. 2. 카망베르치즈를 한 입 크기로 잘라 무화과 위에 얹어주세요. 3. 무화과와 치즈를 프로슈토로 감싸주세요. 4. 마지막에 메이플시럽과 후춧가루를 뿌려 완성해주세요. Step 3 무화과 브루스케타 바게트 빵은 2cm 두께로 자르고, 달군 팬에 양쪽을 노릇하게 구워주세요. 2. 무화과는 흐르는 물에 깨끗이 씻어주세요. 꼭지를 제거 후 6등분으로 잘라주세요. 3. 바게트 빵 위에 리코타치즈를 발라주세요. 4. 빵 위에 무화과를 올린 후 다진 피스타치오와 아몬드 슬라이스, 발사믹 글레이즈를 뿌린 후 민트를 얹어 완성해주세요. 빵","['고지방', '고당']",양식,일반
uYizd78DSG47VWqQoZEJ9Sd9,버섯크림 스파게티,스파게티면 160g  베이컨 5줄  양송이버섯 5개  느타리버섯 한줌  양파 14개  마늘 3쪽  버터 1큰술  올리브유 약간  후추 약간  우유 2컵  생크림 1컵  파르메산 치즈가루 4큰술  소금 약간,"Step 1 베이컨과 양송이는 먹기 좋은 크기로 썰어주세요. 양파는 잘게 다지고 마늘은 편으로 썰어주세요. Step 2 끓는물에 약간의 소금과 스파게티면을 넣어 7분 정도 삶은 후 체에 받쳐 물기를 빼고, 넓은 접시에 펼쳐 약간의 올리브유를 넣어 버무려주세요. Step 3 팬에 버터를 두르고 마늘편과 다진양파, 베이컨을 넣어 2분 정도 볶아주세요. Step 4 버섯을 넣고 약간의 소금, 후추를 더해 볶고 크림소스 재료를 넣어 3분 정도 끓여주세요. Step 5 크림소스에 삶은 스파게티면을 넣어 12분 정도 볶은 후 약간의 소금, 후추로 간을 맞추고 불을 꺼주세요. Step 6 접시에 스파게티를 푸짐하게 담고, 피클과 함께 즐기면 더욱 좋아요.","['저칼로리', '고지방', '고염']",양식,일반
QtjWfpbABttvmkFJci2rMCSf,고기 수박 우동,소고기 샤브용 100g  수박 흰 부분 긁어낸 것 100g  수박 40g  새우 2마리  물 2와 컵500ml  다시마 1장  건가리비또는 건멸치 2개  건새우 10마리  오쿠라 1개  우동면 200g  연간장 작은술  후추 조금,"Step 1 샤브용 고기는 데쳐 찬물에 담근 후 물기를 빼주세요. Step 2 새우는 소금물에 삶아 껍질을 제거하여 반으로 자르고, 오쿠라는 0.3cm 길이로 잘라주세요. Step 3 물에 다시마, 건가리비, 건새우를 넣고 30분간 끓인 다음 체에 걸러주세요. Step 4 순서 3에 연간장 작은술을 넣어 간을 맞춘 뒤 수박의 흰 부분과 함께 믹서에 갈아주세요. Step 5 완성 우동을 삶고 물기를 뺀 후 그릇에 담아준 뒤 고기, 새우, 수박, 오쿠라를 올리고 순서 4를 부어주세요. Tip. 육수는 시원하게 살얼음이 낄 정도로 만들면 더 맛있답니다.","['고단백', '고염']",일식,일반
HdC1bU3fkvQ1V9YHbZpnqAoq,고추장 제육볶음,돼지고기 (불고기용) 400g | 양파 1/2개 | 깻잎 10장 | 대파 1/2대 | 청양고추 1개 | 홍고추 1개 | 깨 약간 | 고추장 3큰술 | 맛술 3큰술 | 간장 2큰술 | 고춧가루 1큰술 | 올리고당 2큰술 | 굴소스 1큰술 | 설탕 1큰술 | 다진마늘 1큰술 | 참기름 1큰술 | 생강가루 1/4작은술 | 후춧가루 약간,"Step 1 돼지고기는 먹기 좋은 크기로 자르고, 양파와 깻잎은 채를 썰어주세요. 대파와 청양고추, 홍고추는 어슷하게 썰어주세요. Step 2 볼에 양념재료를 넣어 섞은 후, 돼지고기를 넣고 주물러서 먼저 양념하고 양파와 대파를 더해 섞어 20분 정도 양념장에 재워주세요. Step 3 팬에 약간의 기름을 두르고 양념한 돼지고기와 야채를 넣고 볶아주세요. 돼지고기가 익으면 청양고추, 홍고추, 참기름을 넣어 살짝 볶고 불을 꺼주세요. Step 4 접시에 제육볶음을 담고, 채썬 깻잎과 깨를 뿌려주세요","['고단백', '저칼로리', '고지방']",한식,일반
3iAbfV8hgKJ7296Tfqd3F1tF,프랑스식 치킨스튜,닭다리살 500g  레드와인 1병  샬롯 8개  양송이버섯 300g  통베이컨 200g  토마토 페이스트 1큰술  버터 2큰술  월계수잎 2장  타임 2줄기  소금 약간  후춧가루 약간,"Step 1 볼에 닭다리와 샬롯, 타임, 월계수잎을 넣고 와인을 부어 냉장고에서 12시간 숙성해주세요. tip. 샬롯이 없다면 양파를 깍뚝 썰어 사용해도 좋아요 Step 2 통 베이컨은 잘게 깍뚝 썰고 양송이는 반으로 잘라 준비해주세요. Step 3 숙성한 재료를 건져내고 와인을 채에 걸러주세요. Step 4 달군 냄비에 올리브 오일을 두르고 닭다리를 껍질부터 구워주세요. 구운 닭고기를 접시에 덜어주세요. tip. 닭고기에 물기가 있으면 기름이 튈 수 있으니 키친타월로 물기를 제거한 후 구워주세요 Step 5 닭고기를 구운 냄비에 베이컨을 넣고 볶은 후 접시에 덜어주세요. Step 6 베이컨을 볶은 냄비에 버터를 넣고 양송이를 볶은 후 접시에 덜어주세요. Step 7 냄비에 버터를 넣고 샬롯을 볶다가 토마토 페이스트 1큰술과 밀가루 1큰술을 넣고 볶은 후 체에 거른 레드와인과 스톡을 넣고 저어가며 끓여주세요. Step 8 구워둔 닭다리, 베이컨, 양송이를 넣고 타임과 월계수잎을 올린 후 포일로 덮어 주세요. Step 9 법랑 접시에 냄비를 올려 1단에 넣고 광파오븐 수동 요리 오븐에서 230도로 50분간 조리해 주세요. Step 10 완성된 치킨스튜를 접시에 담고 파슬리를 뿌려 맛있게 즐겨주세요.",['고지방'],양식,일반
mg6BZFrW7qEWWXbDuwKX5rFj,조랭이떡국,조랭이떡 400g | 다진 쇠고기 100g | 대파 ½대 | 달걀 2개 | 멸치 다시마 육수 5컵 | 간장 ½큰술 | 다진 파 1작은술 | 맛술 1작은술 | 다진 마늘 1작은술 | 설탕 1작은술 | 참기름 1큰술 | 후춧가루 약간 | 국간장 ½큰술 | 소금 약간,"Step 1 조랭이떡은 찬물에 담갔다가 체에 밭쳐 물기를 빼주세요. 대파는 어슷하게 썰어주세요. Step 2 달걀은 약간의 소금을 넣어 황백지단을 부쳐 가늘게 채를 썰어주세요. Step 3 볼에 핏물을 제거한 다진 쇠고기와 쇠고기 양념 재료를 넣어 섞어주세요. Step 4 팬에 고기를 볶은 후 덜어주세요. 냄비에 육수를 넣어 끓여주세요. Step 5 육수가 끓으면 조랭이떡을 넣고, 조랭이떡이 떠오르면 대파와 국물 재료를 넣어 주세요. Step 6 그릇에 조랭이떡국을 담고 볶은 고기와 달걀지단을 올려 완성해주세요. 기호에 따라 김 가루 등을 곁들여 드셔도 좋아요.","['고단백', '고염']",한식,일반
Yg6T2drYTBBbrbMRGccZ2XX6,쇠고기 미역국,자른 쇠고기 양지(또는 등심) 100g | 자른 미역 20g (⅔컵) | 참기름 (또는 들기름) 2큰술 | 국간장 2큰술 | 다진 마늘 1큰술 | 물 (또는 쌀뜨물) 7컵 (1.4L) | 멸치 액젓 (또는 참치액젓) 1큰술,Step 1 불린 미역은 물에 깨끗하게 헹군 후 체에 밭쳐 물기를 빼주세요. tip. 미역은 미지근한 물이나 뜨거운 물에 불리게 되면 비린내가 올라오게 되니 찬물에 20분 정도 불려주세요 tip. 자르지 않은 미역은 불린 후 먹기 좋은 크기로 잘라주세요 Step 2 달군 팬에 쇠고기를 넣어 볶다가 참기름을 넣고 쇠고기 겉면의 핏기가 없을 때까지 약불에서 볶아주세요. 다진 마늘을 넣어 볶다가 국간장과 미역을 넣고 34분 정도 볶아주세요. tip. 국간장을 볶을 때 넣으면 쇠고기와 미역에 간이 잘 되면서 기름진 맛을 잡아준답니다 Step 3 물을 넣고 2030분 정도 충분히 끓여주세요. tip. 2030분 정도 충분히 끓이면 쇠고기도 더욱 부드럽고 국물의 맛도 진해져요 Step 4 부족한 간은 국간장과 액젓으로 맞춰주세요. Step 5 맛있게 즐겨주세요.,"['고지방', '고염']",한식,일반
sPPLaGCSk7yQNJJeTHoJUEd5,레몬소스 닭고기튀김,닭고기 안심살 300g  달걀흰자 2개  레몬 1개  우유 1컵  녹말 6큰술  물 6큰술  설탕 4큰술  생강즙 1큰술  간장 12큰술  식용유 적당량  굵은 소금 적당량  소금 약간  후춧가루 약간,"Step 1 볼에 닭고기 안심살을 넣고 우유를 부운 후 10분 정도 재우고 흐르는 물에 씻어 물기를 제거해요. 먹기 좋은 크기로 자른 후 생강즙, 소금, 후춧가루를 뿌려 밑간해요. 밑간한 닭고기는 볼에 달걀흰자, 녹말 4큰술과 함께 넣고 잘 섞어주세요. Step 2 레몬은 굵은 소금으로 표면을 박박 문질러 깨끗이 씻은 후 얇게 슬라이스 해 5조각을 준비하고 남은 과육은 즙을 짜 4큰술을 준비해주세요. Step 3 달군 팬에 STEP2의 레몬즙과 슬라이스 한 레몬, 그리고 설탕, 간장, 물 4큰술을 넣고 끓여주세요. 그릇에 녹말 2큰술, 물 2큰술을 섞어 녹말물을 만든 후 팬에 넣고 끓여 레몬소스를 완성하세요. Step 4 냄비에 식용유를 넉넉히 붓고 기름 온도가 180도가 되면 STEP1의 반죽한 닭고기를 두 번 튀겨 식감을 바삭하게 하세요. Step 5 접시에 잘 익은 닭튀김을 담고 그 위에 레몬소스를 뿌려 완성해주세요.","['고단백', '고지방', '고염', '고당']",양식,일반
jcLEmuC38b52DoEgyQRiTAxT,양배추 덮밥,양배추 2장 | 베이컨 3장 | 당근 (생략 가능) ¼개 | 대파 ½대 | 식용유 약간 | 밥 1공기 | 달걀 1개 | 깨 약간 | 참기름 약간 | 후춧가루 약간 | 굴 소스 1큰술 | 물 2큰술 | 간장 ½큰술 | 설탕 1작은술,"Step 1 양배추는 채를 썰어 깨끗이 씻은 후 체에 밭쳐 물기를 빼주세요. 당근도 양배추와 비슷한 크기로 채를 썰어주세요. Step 2 베이컨은 1cm 두께로 자르고, 대파는 송송 썰어주세요. 베이컨이 없을 경우 햄으로 대체 가능해요 Step 3 볼에 양념 재료를 넣어 섞어주세요. Step 4 달군 팬에 식용유를 살짝 두른 후 대파를 볶아 향을 낸 후 베이컨을 볶다가 당근, 양배추를 넣어 숨이 죽을 때까지 볶다가 섞어 둔 양념과 후춧가루를 넣어 볶아주세요. Step 5 그릇에 밥을 담은 후 양배추 볶음을 얹은 후, 가운데 달걀을 올려 참기름과 통깨를 뿌린 후 완성해 주세요.","['고단백', '고지방']",한식,일반
ZhiDDCpNv51jztLXH9BonPqL,토마토모차렐라파니니,치아바타 1개  바질페스토 3큰술  토마토 12개  모차렐라치즈 100g  바질잎 34장  다진 양파 1큰술  토마토소스 2큰술,Step 1 치아바타를 반으로 갈라 한쪽 면에 바질페스토를 바른 후 토마토 슬라이스를 올려주세요. Step 2 토마토 위에 바질잎을 얹어주세요. Step 3 다진 양파와 토마토소스를 섞어서 얹어주세요. Step 4 모차렐라치즈를 올린 후 나머지 빵 한쪽도 바질페스토를 발라 덮어주세요. 빵 Step 5 달군 그릴팬에 파니니를 무거운 냄비나 뚜껑으로 눌러서 치즈가 녹을 때까지 구워주세요. Step 6 완성된 요리를 그릇에 담아 마무리하세요.,['고지방'],양식,일반
HpjZz8gemEnKYu6TiSt75gaZ,치킨윙,닭날개 500g  우유 12컵  칠리소스 약간  허니머스타드 약간  올리브오일 약간  올리브오일 2큰술  맛술 2큰술  굴소스 1큰술  올리고당 1큰술  다진 마늘 12큰술  카레가루 1작은술  소금.후추 약간씩  파슬리가루 약간  로즈메리 약간,Step 1 닭날개는 우유에 10분간 담갔다 물에 헹굽니다. 물기를 제거하고 칼집을 넣어 양념 재료에 10분간 재워주세요. Step 2 달군 팬에 올리브오일을 두르고 닭날개를 올려 껍질이 노릇해지도록 앞뒤로 2분간 구워주세요. Step 3 오븐 팬에 유산지를 깔고 닭날개를 올린 후 200도로 예열한 오븐에 1315분간 구워줍니다. 오븐이 없을 때는 팬에 올린 채로 약한 불로 줄이고 뚜껑을 닫은 채로 10분간 구워주세요. Step 4 칠리소스 또는 허니머스터드를 곁들여 냅니다.,['고지방'],양식,일반
hkB7UWngNC6rpJHGiMz3yeTc,봄동전,봄동 1/2포기 | 부침가루 약간 | 식용유 적당량 | 부침가루 2/3컵 | 물 1컵 | 소금 약간 | 간장 2큰술 | 맛술 1큰술 | 식초 1큰술,"Step 1 봄동은 잎을 모아 잡고 밑동을 도려내주세요. 적당한 크기의 잎을 15장 정도 떼어내 준비해 주세요. 흐르는 물에 23번 깨끗이 씻은 후 체에 밭쳐 물기를 빼 준비해 주세요. tip. 손질하고 남은 작은 잎은 국이나 겉절이에 활용하면 좋아요 Step 2 볼에 반죽 재료를 넣어 가루가 보이지 않을 때까지 잘 섞어주세요. tip. 바삭한 식감을 위해 차가운 물을 넣어주세요 Step 3 봄동의 앞, 뒤에 부침가루를 가볍게 묻힌 후 반죽을 입혀주세요. tip. 봄동에 부침가루를 살짝 묻히면 반죽이 더 잘 묻는답니다 Step 4 달군 팬에 식용유를 두른 후 반죽을 입힌 봄동을 올려 앞뒤로 노릇하게 부쳐주세요. Step 5 완성된 봄동전을 그릇에 담아 초간장을 곁들여 맛있게 즐겨주세요.",['고염'],한식,일반
vuxnBDQk6S9pzw52XNDbAUPt,쇠고기 버섯 솥밥,쌀 2컵 | 쇠고기 (불고기용) 150g | 표고버섯 2개 | 새송이버섯 1개 | 만가닥버섯 (또는 느타리버섯 ) 한 줌 (40g) | 쪽파 (생략 가능) 3대 | 다시마 육수 2컵 | 물 ½컵 | 간장 1큰술 | 설탕 ½큰술 | 맛술 1큰술 | 다진 마늘 1작은술 | 간장 3큰술 | 올리고당 1작은술 | 고춧가루 1작은술 | 다진 마늘 ½작은술 | 다진 청양고추 ½큰술 | 참기름 1큰술 | 통깨 약간,"Step 1 쌀은 깨끗이 씻어 30분 정도 불린 후, 체에 받쳐 물기를 빼주세요. 쌀을 불려 사용하면 밥이 더욱 부드러워요 Step 2 쇠고기는 먹기 좋은 크기로 썰고 키친타월에 올려 핏물을 제거해 주세요. 밑간 재료를 넣어 15분 정도 재워주세요. Step 3 표고버섯은 채를 썰고, 새송이버섯은 한입크기로 잘라주세요. 만가닥버섯은 밑동을 잘라주세요. Step 4 쪽파는 송송 썰어주세요. 볼에 양념 간장 재료를 넣어 양념장을 만들어주세요. Step 5 달군 팬에 밑간한 쇠고기와 물을 넣고 뚜껑을 닫아 23분 정도 익혀주세요. Step 6 냄비에 쌀과 다시마 육수를 넣어주세요. 손질한 버섯을 가지런히 얹은 후 뚜껑을 덮어 강불에서 45분 정도 끓여주세요. Step 7 밥물이 끓기 시작하면 약한 불로 줄여 15분 정도 익혀주세요. Step 8 불을 끄고 쇠고기와 송송 썬 쪽파를 얹어 5분 정도 뜸을 들인 후 주걱으로 위 아래 가볍게 섞어주세요. Step 9 양념 간장을 곁들여 맛있게 즐겨주세요.","['저칼로리', '고염']",한식,일반
ZdPMmH9A7M4cCU3xPdXwTt6d,알감자조림,알감자 30알 | 마른고추 1개 | 물엿 1큰술 | 통깨 약간 | 식용유 약간 | 물 1+1/2컵 | 다시마 1장(사방 6센치) | 간장 4큰술 | 맛술 2큰술 | 설탕 1큰술 | 참기름 1작은술 | 후추 약간,"Step 1 마른 고추는 링으로 썰고, 알감자는 껍질 째 깨끗이 씻어주세요. Step 2 냄비에 알감자를 넣고, 알감자가 잠길 정도로 물을 부어 감자를 10분 정도 삶아주세요. 알감자의 크기에 따라 익히는 시간을 가감해주세요. 알감자는 나무꼬치가 들어갈 정도로 익혀주세요. Step 3 팬에 약간의 기름을 두르고, 알감자를 살짝 볶다가 간장 양념 재료와 다시마, 마른고추를 넣고 국물이 자작해 질때까지 졸인 후 마지막에 물엿을 넣고 섞어주세요. 양념 Step 4 그릇에 담고 통깨를 뿌려주세요.","['고지방', '고염']",한식,일반
i5atx6nyrY5NH3uYAMJvDxVq,선 드라이 토마토 페스토,"선 드라이 토마토 200g  마늘 4쪽  아몬드 잣, 호두 등의 견과류로 대체 가능 컵  파르메산 치즈 50g  그린 올리브 50g  올리브오일 1컵  바질 잎 허브가루로 대체 또는 생략 가능 4장  소금 작은술  후춧가루 약간","Step 1 달군 팬에 아몬드를 12분 볶아주세요. 볶은 아몬드를 사용 시 과정 생략 가능해요 Step 2 블렌더에 모든 재료를 넣어 갈아주세요. 치즈가 없으면 치즈 가루로 대체 가능해요 Step 3 소독한 밀폐 용기에 담아 냉장 보관해 주세요. 빵에 곁들여 먹거나 샐러드드레싱, 파스타 소스 등으로 활용해보세요. 냉장 보관으로 2주 정도 보관 가능하며 가급적 이른 시일 내에 드시는 것을 추천해요","['저칼로리', '고지방']",양식,일반
burDbLMN4sx6yvNeSShMC8Mg,와일드라이스 샐러드,와일드라이스 10g  보리쌀 40g  로메인 한줌  토마토 2개  비트 12개  적채 16통  리코타치즈 6큰술  올리브유 6큰술  식초 2큰술  올리고당 1큰술  머스터드 1작은술  소금 12작은술  후추 파슬리가루 또는 타임 약간,"Step 1 비트와 와일드라이스는 끓는 물에 각각 20분정도 삶은 후 체에 받쳐 물기를 제거해주세요. 보리쌀은 끓는 물에 10분정도 삶은 후 체에 받쳐 물기를 제거해주세요. Step 2 토마토와 삶은 비트는 사방 1센치 크기로 잘라주세요. 적채는 얇게 채를 썰고, 로메인은 먹기 좋게 자른 후 찬물에 담갔다가 물기를 제거해주세요. Step 3 드레싱 재료를 볼에 넣고 섞어주세요. Step 4 유리병이나 투명한 컵에 삶은 보리토마토드레싱1큰술적채로메인비트로메인리코타치즈삶은 보리와 와일드라이스 순으로 층층이 보기 좋게 담아주세요. Step 5 먹기 직전에 드레싱을 뿌려주세요. 샐러드의 숨이 죽지 않도록 꾹꾹 눌러 담지 않도록 담으시는 게 좋답니다.","['저칼로리', '고지방']",다이어트,다이어트
kupSgWufCRbSmeHWTRmCdCTz,오이 금귤 피클,오이 3개  금귤 10개  딜 12줄기  소금 1큰술  베이킹소다 3큰술  화이트 발사믹 식초 1컵  물 2컵  설탕 컵  피클링 스파이스 1큰술,"Step 1 냄비에 유리병을 거꾸로 세워 넣고 찬물부터 끓여 열탕 소독한 후 건조시켜주세요. Step 2 오이와 금귤은 베이킹소다를 풀은 물에 담가 소금으로 비벼 씻은 후 물에 헹궈 깨끗이 씻어 물기를 제거해주세요. Step 3 금귤은 꼭지를 떼고 반으로 잘라 씨를 빼고 오이는 한 입 크기로 잘라주세요. Step 4 냄비에 피클주스 재료를 넣고 끓이다가 설탕과 소금이 녹으면 마지막에 화이트 발사믹식초를 넣어 살짝 끓여주세요. Step 5 소독한 유리병에 오이와 금귤, 딜을 넣고 끓인 피클주스의 피클링 스파이스를 걸러낸 후 뜨거울 때 부어주세요. Step 6 한 김 식힌 후 뚜껑을 닫아 냉장보관해주세요. tip 오이 피클을 담근 후 23일 숙성 후 맛있게 즐겨주세요.","['저칼로리', '고염', '고당']",양식,일반
cJkmF5qPUDo79HbW4BcxSYjv,치킨가라아게,닭다리살 300g  양배추 3잎  레몬생략가능 12개  전분가루 1컵  우유 12컵  튀김기름 적당량  간장 1큰술  맛술 1큰술  생강즙또는 생강가루 12큰술14작은술  소금 두꼬집  후추 약간,"Step 1 닭다리살은 우유에 10분 정도 담갔다가 물에 씻어 물기를 제거하고, 한 입 크기로 잘라 밑간 재료에 30분 정도 재워주세요 Step 2 양배추는 얇게 채를 썰고, 찬물에 담갔다가 물기를 빼주세요. Step 3 밑간한 닭다리살에 전분가루를 골고루 묻힌 후 털어내고, 160도의 기름에서 튀겨 익힌 후 한번 더 노릇하게 튀겨주세요. Step 4 접시에 치킨가라아게와 양배추샐러드, 레몬생략가능을 곁들여주세요.",['저칼로리'],일식,일반
aUGL7RjpWVuZikZksBAT3Van,치즈돈가스,돼지고기 등심 또는 안심 400g  달걀 1개  밀가루 1컵  빵가루 2컵  모차렐라치즈블럭또는 피자치즈 200g  맛술 2큰술  시판 돈가스소스 약간  깨 약간  연겨자생략가능 약간  소금 약간  후춧가루 약간,"Step 1 돼지고기는 납작하게 두드린 후 맛술과 약간의 소금, 후추를 뿌려 10분 정도 밑간 해주세요. tip. 랩을 씌워 두드리면 돼지고기가 찢어지는 것을 방지할 수 있어요. Step 2 모차렐라 치즈블럭은 5센치 길이로 도톰하게 잘라주세요. Step 3 랩 위에 돼지고기를 평평하게 펴준 후 치즈를 올려주세요. 고기의 양옆을 접은 후 돌돌 말아 랩으로 모양을 고정시켜주세요. Step 4 돈가스의 랩을 벗겨 밀가루달걀물빵가루를 순서대로 묻힌 후 모양을 잡아주세요. Step 5 도의 기름에 돈가스를 넣고 노릇하게 튀겨주세요. Step 6 돈가스를 세로로 이등분 하여 그릇에 담고, 돈가스소스에 약간의 연겨자와 갈아놓은 깨를 얹어 곁들여 주세요.","['고단백', '고지방', '고염']",일식,일반
Phq1srHvzgYtDueKGZFcBHS5,브로콜리 참깨무침,브로콜리 1개 | 감자 1개 | 볶은 통깨 5큰술 | 마요네즈 3큰술 | 식초 1큰술 | 설탕 1큰술 | 간장 1큰술,Step 1 큰 볼에 물을 담고 식초 1큰술을 넣은 후 브로콜리 윗부분이 아래로 가도록 담가 20분 정도 두세요. Step 2 브로콜리의 밑동을 자르고 한입 크기로 썬 후 흐르는 물에 깨끗이 헹궈주세요. Step 3 감자는 껍질을 벗긴 후 한입 크기로 깍뚝 썰어주세요. Step 4 찜기에 감자를 넣고 10분 정도 쪄주세요. 8분 정도 지났을 때 손질한 브로콜리를 넣어 같이 쪄주세요. Step 5 통깨는 절구에 넣어 으깬 후 볼에 담고 나머지 소스 재료를 넣어 섞어주세요. tip. 통깨를 으깨면 고소한 향이 배가 된답니다. 절구가 없다면 손바닥으로 부숴 사용해주세요 Step 6 찐 브로콜리와 감자에 참깨소스를 조물조물 무쳐낸 후 접시에 담아 맛있게 즐겨주세요.,['저칼로리'],한식,일반
keYmXXCm8QuJtHJjeQNz2nm8,비건 단호박 파운드케이크,두유 112g  식초 8g  포도씨 오일 48g  황설탕 68g  통밀가루 64g  아몬드 가루 8g  현미 가루 24g  베이킹파우더 3g  단호박 큐브 1x1cm 100g  호박씨 15g  단호박 슬라이스 0.5cm 두께 4개,"Step 1 두유와 포도씨 오일을 잘 섞어주세요. Step 2 식초와 황설탕을 넣고 녹을 때까지 섞어주세요. Step 3 체 친 가루 재료를 넣고 섞어주세요. 호박씨와 단호박 큐브를 넣고 섞어주세요. Step 4 유산지를 깐 파운드 틀에 반죽을 붓고 토핑용 단호박 슬라이스를 올려주세요. Step 5 도로 예열된 오븐에서 20분, 160도에서 20분간 구워주세요. tip. 오븐의 성능에 따라 굽는 시간에 차이가 있을 수 있어요","['고지방', '고당']",채식,채식
Ksk7xr793cPTXLvY1ZSdspRF,비건 요거트,두유 500g  비건 그릭요거트 스타터 또는 비건 유산균 파우더 24g,"Step 1 실온의 두유에 유산균 스타터를 넣고 녹여주세요. tip. 이미 발효한 비건 요거트가 있다면 두유의 1015를 넣고 섞어주세요 Step 2 뚜껑을 닫고 2535도에서 812시간 정도 발효해 주세요. tip. 푸딩처럼 찰랑거리면 발효가 잘 된 거예요 tip. 실내 온도 및 환경에 따라 다를 수 있어요 Step 3 냉장고에서 24시간 굳혀주세요. Step 4 볼에 요거트를 담고 과일, 그래놀라를 곁들여 맛있게 즐겨주세요.",['일반'],채식,채식
81XudAorfmjdz2veTNCSLhWj,새싹 샐러드 우엉김밥,우엉 2줄 300g  당근 1개  새싹채소 2줌 60g  현미밥 3공기  김밥용 김 4장  식용유 적당량  소금 약간  참기름 약간  통깨 약간  간장 3큰술  맛술 2큰술  설탕 2큰술  올리고당 2큰술  물 컵  소금 작은술  참기름 1큰술,"Step 1 깨끗이 씻은 우엉과 당근은 껍질을 얇게 벗긴 후 채칼이나 칼로 가늘게 채를 썰어주세요. tip. 식촛물에 우엉을 1시간 정도 담가 두면 우엉의 아린 맛을 제거할 수 있어요 채칼을 사용하여 채를 썰게 되면 더욱 간단하답니다 Step 2 달군 팬에 오일을 약간 두른 후 당근에 소금을 살짝 뿌려 간을 해 볶아주세요. Step 3 달군 팬에 오일을 약간 두른 후 우엉의 숨이 죽을 때까지 볶다가, 우엉 조림 재료를 넣어 물기가 없을 때까지 졸여주세요. 마지막에 참기름과 통깨를 살짝 뿌려주세요. tip. 올리고당은 거의 다 졸여졌을 때 넣어야 더욱 윤기도 나면서 쫀득한 식감으로 만들 수 있어요 Step 4 볼에 밥과 밥 양념 재료를 넣어 골고루 섞어주세요. Step 5 김발에 김을 올리고 현미밥을 고르게 편 후 우엉, 당근, 새싹 채소를 올려 김밥을 말아주세요. Step 6 적당한 크기로 잘라 맛있게 즐겨주세요.","['저칼로리', '고지방', '고염']",채식,채식
V23haVi86TY4HqMZbB5FKhxB,감바스 알 아히요,새우 15마리  마늘 10쪽  양송이버섯 5개  파슬리 약간  페퍼론치노 5개  바게트 적당량  올리브오일 1컵  소금 1작은술  후춧가루 약간,"Step 1 새우는 깨끗하게 씻고 머리를 떼어내고 꼬리만 남겨 껍질을 제거하고 약간의 소금과 후추를 뿌려 밑간을 해주세요. 꼬리 부분의 뾰족한 물총 부분도 잘라주세요. Step 2 마늘은 편으로 자르고 양송이는 3등분으로 잘라주세요. Step 3 팬에 올리브오일을 붓고 살짝 데워져서 기포가 올라오면 마늘 편을 넣어 1분 정도 끓여주세요. Step 4 새우와 양송이버섯을 넣고 새우가 붉게 변하면 소금, 후추, 파슬리, 잘게 부순 페페론치노를 넣고 마무리해 주세요. Step 5 따뜻한 감바스 알 하이요에 바삭하게 구운 바게트를 곁들여 주세요. 드시고 남은 올리브오일은 다른 볶음요리 등에 사용하셔도 돼요","['고단백', '저칼로리', '고지방', '고염']",양식,일반
X5QxYwHuEM16EEj4U7tnGWZc,굴 버터 덮밥해양수산부,굴 100g | 레몬 1/2개 | 부추 한 줌 | 버터 2큰술 | 전분 약간 | 밥 1공기 | 다진 마늘 1큰술 | 간장 1큰술 | 물 2큰술,Step 1 굴은 굵은 소금으로 문지르고 물로 헹구는 것을 34번 반복하여 깨끗하게 세척해 주세요. Step 2 굴에 전분을 골고루 묻혀주세요. Step 3 레몬을 슬라이스하고 부추는 잘게 썰어주세요. Step 4 볼에 양념 재료를 넣어 섞어주세요. Step 5 팬에 버터를 녹이고 굴을 올려 노릇하게 구워주세요. Step 6 양념 재료를 넣고 골고루 섞어 졸여주세요. Step 7 따뜻한 밥 위에 굴을 올린 후 부추를 뿌려 마무리해 주세요. tip. 먹기전 레몬즙을 뿌려주세요,"['고지방', '고염']",한식,일반
bvHJ6ZWZrHiq9G6CHRXiX1Gw,송로 오일 육회 스파게티,"스파게티면 100g  마늘 5개  페페론치노 1개  이태리 파슬리 5줄기  치킨 스톡 200ml  양파 10g  간마늘 티스푼  차이브 2줄기  육회용 소고기 80g  송로오일 1티스푼  엑스트라 버진 1티스푼  루꼴라 5장  꽃소금 약간  소금, 후추 약간  올리브유 약간","Step 1 냄비에 꽃소금을 한 줌 넣고 물을 끓인 후 스파게티 면을 5분간 삶아주세요. Step 2 양파와 차이브는 다지고 소금, 후추, 간마늘, 송로 오일을 육회용 고기와 함께 버무려 주세요. Step 3 팬에 올리브유를 두르고 마늘을 손으로 으깬 후 천천히 구워 향을 낸 뒤 페페론치노를 넣어 살짝 더 볶아주세요. Step 4 삶아낸 면과 치킨 스톡을 넣어 스톡의 양이 반으로 줄어들 때까지 계속 비벼 주세요. Step 5 완성 엑스트라 버진과 이태리 파슬리를 넣고 기호에 맞게 소금간을 한 후 육회, 루꼴라를 올려 완성합니다.","['고지방', '고염']",양식,일반
iZmzoDaCTFP45qELyT3nUiyx,깻잎김치,깻잎 45장(100g) | 대파 1/2대 | 쪽파 5대 | 양파 1/4개 | 당근 1/4개 | 고춧가루 2큰술 | 까나리액젓 2큰술 | 진간장 2큰술 | 물 2큰술 | 다진마늘 1큰술 | 설탕 1큰술 | 올리고당 1큰술 | 통깨 약간,"Step 1 깻잎은 흐르는 물에 깨끗이 씻어 체반에 밭쳐 물기를 뺀 후 꼭지를 적당한 길이로 잘라주세요. Tip. 깻잎은 꼭지 부분이 검게 변하지 않고, 뒷면의 보라색이 진할수록 신선한 깻잎이에요. Step 2 대파는 잘게 다지고, 쪽파는 4cm 길이로 썰고, 양파, 당근은 채 썰어주세요. Step 3 볼에 양념을 섞고, 썰어 둔 야채를 섞어주세요. Step 4 깻잎은 두 장씩 깔고 그 위에 야채 양념장을 적당량씩 올린 후, 깻잎을 깔고 같은 과정을 반복해주세요. Step 5 적당한 크기의 통에 담아 맨 위에는 양념장을 넉넉하게 올려주세요. Tip. 반나절 숙성 후 드시면 더욱 맛있어요. Step 6 맛있게 즐겨주세요.",['저칼로리'],한식,일반
mmniDREdSqtCo5ciivS65vK8,꽃초밥,밥 2공기  새우 8마리  참치또는 훈제연어 6조각  달걀 1개  와사비 약간  식초 4큰술  설탕 2큰술  소금 12큰술,"Step 1 달걀은 완숙으로 익혀 노른자만 체에 내려주세요. Step 2 볼에 배합초 재료를 넣고 전자레인지에서 설탕이 녹을 때까지 1분 정도 돌린 후, 고슬고슬하게 지은 밥에 2큰술정도 넣고 섞어 주세요. Step 3 끓는 물에 약간의 소금과 맛술을 넣고, 내장을 제거 한 새우를 넣어 1분정도 데친 후 배합초 1큰술로 밑간을 해주세요. Step 4 랩을 손바닥 크기로 잘라 새우참치를 올리고 와사비를 약간 바르고 한입 크기로 밥을 얹은 후 랩으로 감싸 동그랗게 모양을 잡아주세요. Step 5 랩을 벗긴 후 새우참치 초밥 가운데에 달걀 노른자를 얹어주세요. 초밥 Step 6 어울리는 그릇에 담아 맛있게 즐겨주세요.","['고단백', '고염', '고당']",일식,일반
AMW5EpQKRqeSkDR8E2NHfbGr,청국장찌개,청국장 150g | 배추김치 (숙성) 1컵 | 양파 ½개 | 무 ⅛개 (100g) | 두부 ½모 | 대파 ½대 | 애호박 ⅓개 | 홍고추 1개 | 김칫국물 ¼컵 | 멸치 다시마 육수 4컵 | 참기름 ½큰술 | 된장 1큰술 | 다진 마늘 ½큰술 | 고춧가루 1작은술,"Step 1 배추김치는 속을 가볍게 털어 낸 후 먹기 좋게 자르고 무는 나박하게 썰어주세요. 양파와 애호박, 두부는 깍뚝 썰고 대파와 홍고추는 송송 썰어주세요. Step 2 냄비에 약간의 참기름을 두르고 김치와 김칫국물을 넣어 볶다가 김치가 투명해지면 멸치 다시마 육수와 무를 넣어 끓여주세요. Step 3 무가 반쯤 익으면 애호박과 양파를 넣고 1분 정도 끓여주세요. Step 4 청국장과 양념 재료를 넣어 풀고 두부를 넣어 2분 정도 끓여주세요. tip 청국장은 마지막에 넣어 오래 끓이지 않는 것이 맛도 좋고 영양가 있는 청국장찌개를 만들 수 있답니다. Step 5 마지막에 홍고추와 대파를 넣고 한소끔 더 끓여 맛있게 즐겨주세요.","['고단백', '저칼로리', '고지방']",한식,일반
fTudpsVAjJDqogm1ftiXS8nj,닭가슴살오트밀 샐러드,닭가슴살 3쪽300g  오트밀 한줌  라디치오 2잎  토마토 1개  잎상추 약간  꿀 1큰술  청주 2큰술  대파 12대  통마늘 2개  굵은소금 약간  통후추 약간  올리브유 2큰술  간장 2큰술  식초 2큰술  올리고당 2큰술  참기름 12큰술  다진마늘 1작은술  소금 약간  후추 약간,"Step 1 냄비에 물과 닭삶는 재료를 넣고, 물이 끓으면 닭가슴살을 넣어 15분정도 삶아주세요. Step 2 라디치오와 잎상추는 먹기 좋은 크기로 자른 후 찬물에 담갔다가 물기를 제거해주세요. 토마토는 한입크기로 먹기 좋게 썰어주세요 Step 3 닭가슴살은 결 따라 굵게 찢고, 약간의 소금과 후추로 밑간을 해주세요. 볼에 드레싱재료를 넣고 섞어주세요. Step 4 접시에 잎채소와 토마토를 담은 후 닭가슴살, 오트밀을 올리고 꿀 1큰술을 뿌려주세요. 먹기직전에 드레싱을 뿌려 즐겨주세요.","['고단백', '저칼로리', '고염', '고당']",양식,일반
rjY9LWZurh4GxjhjxMd4nPvB,물만두,만두피 20장  부추 40g  부침두부 130g  연근 150g  참깨 2스푼  소금 약간  간장 1스푼  식초 0.5스푼  고춧가루 약간,"Step 1 연근은 강판에 곱게 갈아 놓고, 두부는 면보에 감싸 손으로 물기를 최대한 짜주세요. Step 2 부추는 0.5cm 길이로 송송 썰고, 깨는 갈아주세요. STEP1의 속재료를 넣고 소금 약간과 함께 고루 섞어 주세요. Step 3 만두피를 얇게 밀어주세요. 너무 얇게 밀면 만두 속이 터지므로 적당한 두께로 밀어 주세요. 얇게 민 만두피 위에 컵이나 밥공기 같은 단단한 원 모양 그릇을 이용해 꾹 눌러주어 만두피 모양을 만들어 주세요. Step 4 만두 속을 만두피 중앙에 한 숟갈 넣고 반으로 접어 엄지와 검지를 이용해 맞주름을 만들어 주세요. 만두 양 끝을 손끝으로 꼼꼼하게 잡아 반달 모양을 만들어 주세요. Step 5 팔팔 끓는 물에 만두를 넣고 만두가 다 익어 떠오를 때까지 익혀 주세요. Step 6 촉촉하게 익은 물만두를 그릇에 담아 완성해주세요. 초간장은 간장1T, 식초 0.5T, 고춧가루 약간을 한 볼에 넣고 섞어 주세요.","['고단백', '저칼로리', '고염']",채식,채식
zRwd7VXL6Rp7aoSjpfkf4C9K,야끼소바,야끼소바면 2봉지300g  베이컨 100g  새우 10마리  양배추 16개250g  양파 12개  당근 15개70g  숙주 한 줌150g  쪽파 3대  다진 마늘 1큰술  식용유 2큰술  통깨 약간  돈가스 소스 3큰술  굴소스 1큰술  간장 12큰술  가쓰오부시 한 줌,"Step 1 냄비에 물 1리터를 붓고 9단에서 3분 30초간 가열해 주세요. Step 2 물이 끓으면 면을 넣고 1분간 젓가락으로 저어가며 데친 후 채반에서 물기를 빼주세요. Step 3 양파와 양배추는 도톰하게 썰어주세요. 당근은 얇게 편썰고 베이컨은 1cm 두께로 썰어 주세요. Step 4 팬에 식용유를 두르고 베이컨과 마늘을 넣고 5단에서 3분 30초간 볶아주세요. Step 5 양배추와 양파, 당근을 넣고 7단에서 2분간 볶아주세요. Step 6 면과 소스 재료를 넣고 7단에서 1분간 볶아주세요. Step 7 숙주와 새우를 넣고 8단에서 1분 30초간 볶아주세요. Step 8 완성된 야끼소바에 가쓰오부시와 통깨를 뿌려 맛있게 즐겨주세요.",['고단백'],일식,일반
HrmKTF2ToVWxE4iezdiwohkm,고추장 삼겹살구이,삼겹살 600g | 대파 1대 | 양파 1/2개 | 통깨 약간 | 고추장 3큰술 | 간장 2큰술 | 고춧가루 2큰술 | 맛술 3큰술 | 물엿 1큰술 | 설탕 1큰술 | 다진마늘 1큰술 | 참기름 1큰술 | 생강가루 1/2작은술 | 후춧가루 약간 | 식초 1작은술 | 간장 1/2작은술 | 소금 약간,"Step 1 삼겹살은 반자른 후 소스에 20분 정도 재워주세요. Step 2 대파와 양파는 가늘게 채를 썰어 찬물에 10분 정도 담갔다가 체에 밭쳐 물기를 빼주세요. Step 3 팬에 약간의 식용유를 두르고 양념한 삼겹살을 넣어 앞,뒤로 익힌 후 먹기 좋은 크기로 자르고 불을 약불로 줄여 뒤집어가며 속까지 익혀주세요. Step 4 파채와 양파채는 양념소스를 넣어 살짝 무쳐주세요. Step 5 접시에 고추장삼겹살을 담고 파채무침과 쌈채소를 곁들여주세요.","['저칼로리', '고지방', '고염']",한식,일반
tRAbVCtMyEfYppedFLMFBPPQ,달래 간장 비빔국수,달래 ¼단 (반 줌) | 다진 쇠고기 80g | 소면 200g | 홍고추 ⅓개 | 통깨 약간 | 간장 1작은술 | 설탕 1작은술 | 다진 마늘 ½큰술 | 후춧가루 약간 | 간장 1+½큰술 | 올리고당 1큰술 | 설탕 ½큰술 | 다진 마늘 ½작은술 | 참기름 2큰술 | 깨소금 1큰술,"Step 1 쇠고기는 키친타월에 올려 핏물을 뺀 후 고기 양념에 재워주세요. Step 2 달래는 손질해서 깨끗이 씻고 먹기 좋은 길이로 썰어주세요. 홍고추는 씨를 빼고 채를 썰어 주세요. Step 3 달군 팬에 약간의 기름을 두르고 쇠고기를 볶아주세요. Step 4 끓는 물에 소면을 펼쳐 넣고 젓가락으로 저어 면끼리 달라붙지 않도록 저어주고 물이 끓어오르면 찬물 반 컵을 23회 반복해서 부어 국수를 삶아주세요. 흐르는 찬물에 소면을 여러 번 씻어 전분기를 없애고 체에 밭쳐 물기를 빼주세요. Step 5 볼에 삶은 국수와 국수 양념장, 볶은 쇠고기를 넣고 골고루 섞은 후 달래와 홍고추를 넣어 가볍게 버무려주세요. Step 6 그릇에 달래간장 비빔국수를 담고 통깨를 뿌려 맛있게 즐겨주세요.","['고지방', '고염']",한식,일반
bxLS59qGSbdu7bkQQLEv31D7,순살감자탕,돼지앞다리살 550g | 양파 1개 | 대파 1대 | 감자 3개 | 팽이버섯 150g | 깻잎 50장 | 올리브오일 2큰술 | 들깨가루 150g | 참치액 2큰술 | 후춧가루 약간 | 된장 90g | 다진 마늘 2큰술 | 설탕 1큰술,"Step 1 감자는 4등분 하고 대파는 어슷썰고 양파는 깍둑 썰어주세요. 깻잎도 썰어주세요. Step 2 팬에 올리브오일 2큰술을 두르고 돼지고기 넣어 중불로 3분 정도 볶아주세요. 양념재료를 넣어 중불로 5분 볶아주세요. 돼지고기 Step 3 감자, 대파, 양파, 팽이버섯, 깻잎을 넣고 쌀뜨물 또는 생수 2.2L를 넣어주세요. 참치액젓 2큰술을 넣어 중불에서 30분 정도 끓여주세요. Step 4 마지막에 들깨가루와 후춧가루를 넣고 12분 정도 끓여 완성해 주세요.","['고단백', '저칼로리', '고지방']",한식,일반
eJscgub1xmU6sQwsS5KUiHxG,허니카망베르치즈파니니,치아바타 1개  카망베르치즈 80g  모차렐라치즈 80g  호두 4알  아몬드 슬라이스 2큰술  꿀 1 큰술,Step 1 치아바타를 반으로 가르고 빵의 양면에 각각 꿀 12큰술씩 발라주세요. 빵 한쪽에 모차렐라치즈 절반 분량을 올려주세요. 빵 Step 2 모차렐라치즈 위에 잘게 부숴둔 호두 절반과 아몬드 슬라이스 절반을 올려주세요. Step 3 카망베르치즈를 얹고 그 위에 남은 두 조각의 모차렐라치즈를 얹은 후 빵으로 덮어주세요. Step 4 그릴팬을 달군 후 빵을 올리고 무거운 냄비나 뚜껑으로 눌러주세요. 치즈가 녹을 때까지 앞뒤로 구워주세요. 꿀 12큰술을 뿌리고 남은 호두와 아몬드 슬라이스를 뿌려냅니다. Step 5 완성된 요리를 그릇에 담아 마무리해주세요.,"['고지방', '고당']",양식,일반
XxDFURBcJ2SwvyKyMp6Aq8HM,몬테크리스토샌드위치,식빵 3장  슬라이스햄 2장  슬라이스체더치즈 4장  딸기쨈 1큰술  허니머스터드 1큰술  빵가루 1컵  식용유 적당량  달걀 2개  우유 14컵  설탕 1작은술  소금 한꼬집,"Step 1 테두리를 자른 식빵 한 면에 허니머스터드를 고루 펴바르고치즈2장햄을 올리고, 나머지 한 면에 딸기쨈을 발라 덮은 후 반복해서 허니머스터드 펴바른 식빵치즈2장햄딸기쨈을 한면에 바른 식빵으로 덮어주세요. Step 2 볼에 달걀물재료를 넣고 섞어, 샌드위치를 달걀물빵가루 순으로 골고루 묻혀주세요. Step 3 달군 팬에 식용유를 넉넉히 부은 후, 샌드위치를 올려 중약불에서 네 면을 돌려가며 노릇하게 구워주세요. Step 4 샌드위치를 대각선으로 4등분으로 잘라주세요. Step 5 접시에 예쁘게 담아 즐겨주세요.","['고단백', '고지방']",양식,일반
GyZFBdpKjXZhd9QNCySZ4Lyn,참치두부조림,두부 (넓은 것) 1모(500g) | 참치캔 1캔(135g) | 팽이버섯 1봉지 | 대파 1대 | 양파 1/2개 | 청양고추 1개 | 멸치다시마육수 1+1/2컵 | 간장 4큰술 | 고추장 2큰술 | 된장 1/2큰술 | 고춧가루 1큰술 | 설탕 1큰술 | 다진마늘 1/2큰술 | 참기름 1큰술,"Step 1 두부는 도톰한 두께로 썰어주세요. Step 2 양파는 채썰고 대파와 청양고추는 송송 썰어주세요. 팽이버섯은 밑동을 자르고 손으로 뜯어주세요. 볼에 양념재료를 담아 섞어주세요. Step 3 냄비에 양파와 대파를 깔고 참치 1캔을 기름까지 모두 넣어주세요. 두부와 팽이버섯, 청양고추를 올리고 양념장, 멸치육수를 부어 10분간 졸여주세요. Step 4 완성된 참치두부조림을 밥과 함께 맛있게 즐겨주세요.","['고단백', '저칼로리', '고지방', '고염']",한식,일반
A8qQMsjykFhZyFTAMDVRCc9s,황태콩나물찜,황태포 1개(100g) | 콩나물 250g | 양파 1/2개 | 대파 1대 | 청양고추 1개 | 홍고추 1개 | 물 1컵 | 들기름 1큰술 | 통깨 약간 | 진간장 2큰술 | 고추장 1큰술 | 고춧가루 2큰술 | 맛술 2큰술 | 올리고당 1큰술 | 다진마늘 1큰술 | 다진양파 2큰술 | 후춧가루 약간,"Step 1 황태는 대가리, 꼬리, 지느러미를 제거한 후 쌀뜨물또는 물에 넣어 약 20분 동안 불려 주세요. 불린 황태는 껍질 부분에 칼집을 내 주세요. tip. 쌀뜨물에 불리게 되면 황태의 비린내를 없앨 수 있어요. 껍질부분에 칼집을 넣으면 조리 시 황태가 오그라드는 것을 방지할 수 있답니다 Step 2 콩나물은 깨끗이 씻어 체에 밭쳐 물기를 빼고, 황태는 8등분으로 잘라주세요. 양파는 굵게 채썰고, 대파와 청양고추, 홍고추는 어슷하게 썰어주세요. tip. 아삭한 식감을 위해 콩나물은 찜용을 사용하시는 게 좋아요 Step 3 양념 재료는 볼에 넣어 모두 섞어주세요. Step 4 깊이가 있는 프라이팬에 콩나물을 깔고 황태와 청양고추, 홍고추, 양파, 물을 넣은 후 뚜껑을 덮고 5분 정도 익혀주세요. Step 5 뚜껑을 열고, 섞어 둔 양념장을 넣어 황태와 콩나물을 섞어주세요. Step 6 어슷썬 대파와 들기름을 넣어 약불에서 3분간 익힌 후 불을 꺼주세요. Step 7 접시에 보기 좋게 담은 후 통깨를 뿌려 마무리해주세요.","['저칼로리', '고지방']",한식,일반
cZLdTTBxmeFdeLe4DgzkagXu,다시마 쌈밥,쌈 다시마 염장 다시마 70g  낙지 젓갈 3큰술  홍고추 개  청양고추 1개  실파 2줄기  부추 반 줌  다진 마늘 작은술  참기름 큰술  통깨 약간  밥 1공기  소금 약간,"Step 1 끓는 물에 짠기를 뺀 다시마를 살짝 데쳐주세요. 선명한 녹색으로 변하면 바로 건져내 찬물에 헹궈 손바닥 크기로 잘라 키친타올로 물기를 닦아주세요. tip 다시마는 찬물에 20분 정도 담가 소금기를 빼주세요 Step 2 낙지 젓갈은 먹기 좋게 다지고 홍고추와 청양고추는 잘게 잘라주세요. 실파는 송송 썰고 부추는 살짝 데쳐 물기를 빼주세요. Step 3 볼에 낙지 젓갈과 잘게 자른 고추, 다진 마늘, 참기름, 통깨를 넣어 젓갈을 양념하고 밥은 밥 양념 재료를 넣어 밑간해 주세요. tip. 낙지 젓갈의 염도에 따라 소금양을 가감해서 밥 간을 조절해주세요. Step 4 다시마를 깔고 그 위에 밥을 펴서 올려 돌돌 말아 준 후 데친 부추로 묶어 고정해 한입 크기로 잘라주세요. Step 5 다시마 쌈밥 위에 낙지 젓갈을 먹기 좋게 올리고 송송 썬 실파와 통깨를 뿌려 맛있게 즐겨주세요.","['고지방', '고염']",다이어트,다이어트
ZpLBkfQTwya5noLdCbppCL8e,채식 김치 콩나물국,콩나물 200g | 김치 200g | 김칫국물 1컵 | 대파 ½대 | 홍고추 ½개 | 청양고추 (생략 가능) ½개 | 다진 마늘 1작은술 | 소금 약간 | 국간장 1큰술 | 다시마 물 7컵,"Step 1 콩나물은 깨끗이 씻어 체에 밭쳐 물기를 빼주세요. Step 2 대파와 홍고추, 청양고추는 어슷하게 썰어주세요. 김치는 먹기 좋게 썰어주세요. Step 3 냄비에 김치를 넣고 1분간 볶다가 채수와 김칫국물을 넣어 2분간 끓여주세요. Step 4 콩나물을 넣고 3분 정도 끓여주세요. tip. 콩나물을 삶는 중간에 뚜껑을 닫으면 비린내가 날 수 있으니 주의해 주세요 Step 5 대파와 청양고추를 넣어 2분 정도 끓이고, 부족한 간은 소금으로 해주세요.",['고염'],한식,일반
wayigBiJazT17BSWeQ31fyoL,그릭요거트 오이 샐러드,오이 2개  적양파 개  올리브오일 1큰술  레드와인 비네거 2큰술  허브 가루 생략 가능 약간  그릭요거트 1컵  레몬즙 2큰술  마늘 2톨  딜 약간  소금 약간  후춧가루 약간,"Step 1 적양파는 얇게 썰어주세요. 오이는 얇게 슬라이스 해주세요. 마늘은 다져주세요. Step 2 적양파에 올리브오일과 레드와인 비네거, 오레가노를 넣고 섞어주세요. Step 3 볼에 드레싱 재료를 넣고 섞어주세요. Step 4 넓은 볼에 슬라이스한 오이와 절인 양파, 드레싱을 넣고 섞어주세요. Step 5 분 정도 냉장고에서 차갑게 보관한 후 맛있게 즐겨주세요.","['저칼로리', '고지방']",양식,일반
6i73R5jARwq899NGgyuk9fWp,흑찰옥수수밥,흑찰옥수수 1개 | 백미 1컵 | 현미 1/2컵 | 물 1+1/2컵,Step 1 흑찰옥수수는 칼이나 손으로 알알이 떼주세요. Step 2 백미와 현미는 깨끗하게 씻어주세요. 냄비에에 쌀과 흑찰옥수수를 올린 후 물을 넣어주세요. Step 3 센불에서 물이 끓으면 불을 약하게 줄이고 12분간 익혀주세요. Step 4 분 정도 뜸을 들인 후 고슬고슬 흑찰옥수수밥을 맛있게 즐겨주세요.,['일반'],한식,일반
gkZLeSFPKfMdkQ1bVuEFABcK,토마토브루스케타,바게트 12개  방울토마토 10개  바질잎 10장  마늘 1쪽  올리브오일 1큰술  소금 12작은술  후추 약간,"Step 1 바질은 잎을 돌돌 말아서 가늘게 채를 썰어주세요. 방울 토마토는 반으로 잘라 씨부분을 빼낸 후 1cm 크기로 썰어주세요. Step 2 큰 볼에 썰어 놓은 토마토와 소금, 후추, 올리브유 한 큰술을 넣고 재워주세요. Step 3 바게트는 2cm 두께로 자르고 팬에 올리브유를 두른 후 바게트를 올려 양쪽을 노릇하게 구워주세요. Step 4 마늘 끝을 살짝 잘라낸 뒤 구운 바게트에 잘라낸 마늘 단면을 문질러 마늘 향이 배어 나도록 해주세요. Step 5 바게트에 재워둔 토마토를 올려준 후 잘라 놓은 바질잎을 얹어주세요.",['고염'],양식,일반
3XVSfpVZDWgFGbWzfpA8E3K6,비건 당근 케이크,당근 채 100g  두유 150g  식초 5g  녹인 코코넛 오일 35g  메이플 시럽 42g  황설탕 50g  마스코바도 설탕 50g  통밀가루 65g  아몬드 가루 65g  베이킹파우더 2g  베이킹소다 1g  시나몬 가루 1g  다진 호두 70g  두부 250g  캐슈넛 50g  황설탕 60g  레몬즙 10g  레몬 제스트 레몬 1개 분량  메이플 시럽 10g  코코넛 오일 10g  당근 슬라이스 6개  민트 잎 허브 잎 6장  레몬 제스트 4g,"Step 1 볼에 두유와 식초를 넣고 섞어 거품을 내주세요. 녹인 코코넛 오일, 메이플 시럽을 넣고 잘 섞어주세요. Step 2 황설탕과 마스코바도 설탕을 녹을 때까지 섞어주세요. tip. 마스코바도 설탕은 당밀의 깊은 풍미를 활용하기 위해 사용하나 황설탕으로 대체 가능해요 Step 3 채썬 당근을 넣고 섞어주세요. Step 4 가루 재료를 체 친 후 반죽에 넣고 섞은 후 다진 호두를 넣고 섞어주세요. Step 5 cm 원형 틀에 반죽을 300g씩 나누어 담아주세요. Step 6 도 오븐에서 2025분간 구운 후 식힘망에 올려 식혀주세요. tip. 오븐의 성능에 따라 굽는 시간에 차이가 있을 수 있어요 Step 7 두부는 끓는 물에 데친 후 물기를 빼주세요. Step 8 아이싱 재료를 모두 믹서기에 넣고 곱게 갈아주세요. tip.완성된 아이싱은 차갑게 식혀 사용해 주세요 Step 9 케이크 시트를 돌림판 위에 올리고 두부 아이싱 크림을 올려 스패츌러로 발라주세요. Step 10 아이싱 위에 케이크 시트를 올리고 아이싱 크림을 한 번 더 발라주세요. Step 11 당근 슬라이스, 민트 잎, 레몬제스트 등으로 장식해 주세요.","['고단백', '저칼로리', '고지방', '고당']",채식,채식
2gDJxRrHG2iiCeBxRab3jzCB,크림 연어구이,연어필렛 4조각  생크림 1컵  올리브오일 2큰술  버터 2큰술  마늘 6개  양파 개  화이트와인 컵  선드라이 토마토 방울토마토로 대체 가능 컵  어린 시금치 일반 시금치로 대체 가능 한 줌  파마산치즈 컵  소금 1작은술  후춧가루 약간  파슬리 또는 딜 약간,Step 1 마늘은 편 썰고 양파는 굵게 다져주세요. 어린 시금치는 깨끗이 씻어 채반에서 물기를 빼주세요. Step 2 연어필렛에 소금과 후추를 뿌려 밑간해 주세요. Step 3 달군 팬에 올리브오일을 두른 후 연어를 넣고 양쪽 면을 3분씩 익혀주세요. 구워진 연어는 접시에 덜어주세요. Step 4 연어를 구운 팬에 버터 1큰술과 마늘을 넣고 볶다가 양파를 넣고 볶아주세요. Step 5 화이트와인을 넣고 끓이다가 선드라이 토마토를 넣어 볶아주세요. Step 6 약불로 줄인 후 생크림과 시금치를 넣고 파마산 치즈를 뿌려주세요. tip. 부족한 간은 소금으로 해주세요 Step 7 크림소스에 구워둔 연어를 넣고 1분 정도 끓인 후 딜로 장식해 주세요.,"['고단백', '고지방', '고염']",양식,일반
A83dHyJEdPafbBpZWEmT3Vzk,게살 육즙교자,갈은 삼겹살 200g  불린 샤미 20g  돼지고기 A 지방 20g  총장즙 50g  소금 10g  참기름 40g  백후추 5g  치킨파우더 30g  설탕 2g  닭 육수 400g  판 젤라틴 10장  설탕 20g  중력분 300g  강력분 150g  물 200g,"Step 1 닭 육수에 불린 판 젤라틴을 넣고 끓여 틀에 넣고 굳혀 주세요. Step 2 굳으면 다져서 준비해 주세요. Step 3 분량의 재료와 소스를 넣어 치댄 후 순서 2의 육수 젤리를 넣어 섞어주세요. Step 4 피를 손바닥 크기만큼 얇게 밀어서 속재료를 가득 넣어 주세요. Step 5 이때 모양은 지진 교자와 같은 방법으로 접어 모양을 만들어주세요. 카테고리 내 지진교자 레시피를 참조해 주세요. Step 6 찜기에 넣고 8분간 쪄주세요. Step 7 완성 냄비에 육수와 생강, 대파를 넣고 끓여 육수를 준비합니다. 그릇에 찐 교자를 담고 만들어 둔 육수를 얹어 담아내면 완성이예요.",['저칼로리'],중식,일반
WSXawufhNdJeAmEZudJoyy35,고구마단호박견과류 샐러드,고구마 1개 120g  단호박 14개  통아몬드 구운 것 1작은술  아몬드 슬라이스 구운 것 1작은술  헤이즐넛 구운 것 1작은술  리코타치즈 1큰술  레몬즙 2작은술  저지방 그릭 요거트 2작은술  소금 약간  후춧가루 약간,"Step 1 고구마는 깨끗이 씻어 껍질째 먹기 좋은 크기로 썰어주세요. Step 2 단호박은 씨를 파내고 껍질째 먹기 좋은 크기로 썰어주세요. Step 3 찜기에 고구마와 단호박을 올려 충분히 익을 때까지 쪄주세요. Step 4 볼에 드레싱 재료를 넣고 고루 섞어주세요. Step 5 의 찐 고구마와 단호박을 볼에 넣고 STEP4의 드레싱을 부은 뒤 가볍게 버무려주세요. Step 6 아몬드 슬라이스, 헤이즐넛, 통아몬드를 뿌리고 접시에 담아 마무리해주세요.",['저칼로리'],양식,일반
pAoyqaxTDejiaMswYuzys6pt,콘수프,옥수수 2개  감자 12개  양파 13개  우유 3컵  생크림 1컵  버터 2큰술  올리고당 1큰술  소금 12작은술  후추 약간  파슬리 약간,"Step 1 냄비에 물 6컵, 굵은소금 12큰술, 설탕 2큰술, 옥수수를 넣고 뚜껑을 닫은 후 강불에서 30분 정도 삶고, 10분간 약불에서 뜸을 들여 삶아주세요. Step 2 삶은 옥수수는 칼로 잘라 옥수수 알갱이를 분리해주세요. 감자, 양파는 껍질을 제거하고 굵게 채를 썰어주세요. Step 3 달군 팬에 버터를 녹인 후 양파, 감자, 옥수수를 넣어 3분 정도 볶아주세요. 우유 3컵을 넣고 감자가 익을 때까지 10분 정도 더 끓인 후, 한김 식혀 믹서기에 곱게 갈아주세요. 부드러운 스프를 만드시려면 체에 옥수수껍질을 걸러주세요. Step 4 믹서에 곱게 간 3과 생크림을 냄비에 넣은 후 약불에서 3분 정도 저어가며 끓여주세요. 올리고당, 소금, 후추를 넣고 간을 조절해주세요. 생크림이 없으면 우유를 가감해서 농도를 맞춰주세요. Step 5 콘수프에 삶은옥수수를 약간 올리고, 파슬리가루로 장식해주세요.","['고지방', '고염', '고당']",양식,일반
PUfHmWiAVczenEx9ySauqkvP,과일샌드위치,식빵 4장  생크림 1컵  설탕 2큰술  딸기 4개  키위 1개  포도 45알  황도 통조림 12캔,Step 1 볼에 생크림과 설탕을 넣고 핸드믹서의 거품기로 1분간 휘핑해주세요. Step 2 딸기는 이등분하고 키위는 4등분해주세요. 포도는 알알이 떼고 황도는 키친타월로 물기를 제거합니다. Step 3 식빵에 생크림을 바르고 과일을 올린 후 식빵으로 덮어주세요. Step 4 샌드위치를 랩으로 싼 후 냉장고에서 30분간 두었다가 잘라주세요. Step 5 완성된 과일샌드위치를 예쁘게 포장하여 지인들에게 선물해보세요.,"['고지방', '고당']",일식,일반
Pm7pPYEQQS9xTLTsaFdUszHy,꼬막시금치된장국,삶은꼬막 1컵(150g) | 시금치(섬초) ½단(200g) | 대파 ½단 | 홍고추 ½개 | 멸치다시마 육수 5컵 | 된장 2큰술 | 다진마늘 ½큰술 | 고춧가루 1작은술,"Step 1 해감한 꼬막은 깨끗이 비벼 씻은 후 끓는물에 청주를 넣어 온도를 떨어뜨린 다음 꼬막을 넣고 한쪽 방향으로 저어주면서 삶다가 입이 벌어지기 시작하면 체로 건져 살만 발라주세요. tip 꼬막 삶은 맑은 윗물은 버리지 않고 쌀뜨물과 함께 섞어 육수로 사용해 주셔도 돼요. Step 2 시금치는 다듬어 먹기좋게 자르고 씻은 후 소금을 넣은 끓는물에 살짝 데쳐 찬물에 헹궈 물기을 빼주세요. 대파는 반갈라 5센치 길이로 자르고 홍고추는 씨를 빼고 채를 썰어주세요. Step 3 냄비에 멸치다시마육수를 붓고 끓기 시작하면 양념재료와 시금치를 넣어 2분정도 끓여주세요. tip 육수를 끓일 때 건새우를 더해주면 좀 더 감칠맛을 더해줄 수 있어요. Step 4 마지막에 삶은 꼬막과 대파, 홍고추를 넣어 한소끔 더 끓여 완성해주세요.tip 부족한 간은 약간의 소금을 가감해서 조절해주세요.","['고단백', '고염']",한식,일반
T72TgjW2dyFw8kAZM9nyrgcg,실 곤약 비빔국수,실 곤약 2봉지 360g  양배추 2장  깻잎 4장  오이 개  당근 개  통깨 약간  고추장 3큰술  간장 2큰술  설탕 3큰술  다진 마늘 큰술  식초 2큰술  참기름 1큰술  후춧가루 약간,"Step 1 실 곤약은 체에 밭쳐 흐르는 물에 씻은 후 끓는 물에 식초를 넣어 실곤약을 30초 정도 데쳐주세요. 채반에 밭쳐 찬물에 헹구고 물기를 빼주세요. tip.식초를 넣어 데치면 곤약 특유의 냄새를 없애줘요 Step 2 양배추와 깻잎, 오이와 당근은 가늘게 채를 썰어주세요. Step 3 양념 재료를 섞어 실 곤약에 버무려주세요. Step 4 그릇에 썰어 둔 야채와 실곤약을 담고 깨를 뿌려 맛있게 즐겨주세요. 기호에 따라 삶은 달걀을 곁들여 드셔도 좋아요","['고단백', '저칼로리']",다이어트,다이어트
ZpLBkfQTwya5noLdCbppCL8e,채식 김치 콩나물국,콩나물 200g  김치 200g  김칫국물 1컵  대파 대  홍고추 개  청양고추 생략 가능 개  다진 마늘 1작은술  소금 약간  국간장 1큰술  다시마 물 7컵,"Step 1 콩나물은 깨끗이 씻어 체에 밭쳐 물기를 빼주세요. Step 2 대파와 홍고추, 청양고추는 어슷하게 썰어주세요. 김치는 먹기 좋게 썰어주세요. Step 3 냄비에 김치를 넣고 1분간 볶다가 채수와 김칫국물을 넣어 2분간 끓여주세요. Step 4 콩나물을 넣고 3분 정도 끓여주세요. tip. 콩나물을 삶는 중간에 뚜껑을 닫으면 비린내가 날 수 있으니 주의해 주세요 Step 5 대파와 청양고추를 넣어 2분 정도 끓이고, 부족한 간은 소금으로 해주세요.",['고염'],채식,채식
RqAXrWeniooBSWZtsrdK7iX2,멸치무조림,무 1/3개 | 국멸치(굵은멸치) 8마리 | 홍고추 1개 | 청양고추 1개 | 대파 1/2대 | 다시마육수 4컵 | 간장 4큰술 | 맛술 3큰술 | 고춧가루 2큰술 | 설탕 1큰술 | 다진마늘 1큰술 | 후춧가루 약간,"Step 1 무는 2센치 두께로 동그랗게 자른 후 모서리를 다듬고 홍고추, 청양고추와 대파는 어슷하게 썰어주세요. Step 2 멸치는 머리와 내장을 제거한 후 전자레인지에 40초 정도 돌려주세요. Step 3 냄비에 무를 깔고 멸치와 양념장, 다시마육수를 넣어주세요. 국물이 끓으면 중불로 줄여 30분 정도 무가 투명해질 때까지 졸여주세요. Step 4 홍고추, 청양고추, 대파를 넣고 국물이 자작해지면 불을 꺼주세요. Step 5 반찬과 안주로 맛있게 즐겨주세요.",['일반'],한식,일반
m4k61xN3Lp5EeCwE1nq94Bk3,냉이무침,냉이 200g(세줌) | 소금 약간 | 통깨 약간 | 된장 1큰술 | 고추장 1/2작은술 | 다진파 1/2큰술 | 다진마늘 1작은술 | 참기름 1큰술 | 깨소금 약간,"Step 1 냉이는 뿌리와 줄기를 연결하는 부분의 흙을 칼로 긁어내고, 누런 잎은 떼어내주세요. 굵은 것은 반으로 쪼개고, 흐르는 물에 여러 번 흔들어 씻어주세요. Step 2 끓는 물에 약간의 소금을 넣고, 손질한 냉이를 넣어 30초 정도 데쳐 찬물에 헹궈주세요. 물기를 적당히 짠 후 먹기 좋은 길이로 잘라주세요. Step 3 볼에 데친 냉이와 양념을 넣고 조물조물 무쳐주세요. Step 4 접시에 냉이무침을 담고 통깨를 뿌려 마무리해주세요.",['고염'],한식,일반
gip44q1G1TVfwrqd1obVhuuM,수능도시락,"쇠고기(불고기용) 600g | 양파 1개 | 당근 1/3개 | 대파 1대 | 버섯류(생략가능) 한줌 | 참기름 1큰술 | 통깨 약간 | 간장 5큰술 | 설탕 2큰술 | 다진파 2큰술 | 다진마늘 1큰술 | 깨소금 약간 | 후춧가루 약간 | 브로콜리 1개 | 두부 (찌개용) 1/2모 | 다진마늘 1작은술 | 국간장 1큰술 | 소금 약간 | 참기름 약간 | 잔멸치 2컵 | 모듬견과류(아몬드, 땅콩, 호두, 해바라기씨) 2컵 | 올리고당 3큰술 | 식용유 2큰술 | 맛술 2큰술 | 간장 1/2큰술 | 후추 약간 | 호두 4컵 | 소금 1/2작은술 | 식용유 적당량 | 설탕 1/2컵 | 물 1/2컵","Step 1 쇠고기불고기 쇠고기는 먹기좋은 크기로 썰고 키친타올에 올려 핏물을 제거한 후 고기연육재료를 넣어 골고루 섞은 후 20분정도 재워주세요. 고기간장양념재료를 넣고 조물조물 버무려양념해주세요. 2.양파는 채 썰고 당근과 대파는 어슷하게 썰어 양념한 고기와 섞어주세요. 3.달군 팬에 양념한 쇠고기와 야채를 넣어 볶다가 마지막에 참기름을 뿌리고 불을 꺼주세요. 4.접시에 불고기를 담고 통깨를 뿌려주세요. Step 2 브로콜리두부무침 브로콜리는 줄기에서 한 송이 씩 떼어 큰 것은 반으로 갈라주세요. 2.소금을 약간 넣은 끓는 물에 브로콜리를 20초 정도 살짝 데친 후 찬물에 헹궈 물기를 빼주세요. 3.두부는 끓는 물에 1분 정도 데친 후 면보에 넣어 물기를 꽉 짜 으깨어주세요. 4.볼에 으깬 두부와 브로콜리, 양념 재료를 넣어 무쳐주세요. 5.접시에 보기 좋게 담고, 통깨를 뿌려 마무리해주세요. 양념 Step 3 견과류멸치볶음 잔멸치는 굵은 체에 흔들어 잔가루를 제거해주세요. 2.마른팬에 잔멸치와 모듬견과류를 넣고 중약불에서 56분정도 바삭하게 볶아주세요. 3.새로 달군 팬에 간장양념을 넣고 양념이 바글바글 끓으면 잔멸치와 모듬견과류를 넣고 양념이 배도록 고루 섞어주세요. 4.접시에 견과류멸치볶음을 담고 통깨를 뿌려주세요. Step 4 호두강정 호두는 끓는물에 소금을 넣고 2분정도 데친 후 찬물에 헹궈 물기를 빼주세요. 또는 미지근한 물에 10분정도 담갔다가 사용해주세요. 2.냄비에 시럽 재료를 넣고 수저로 젓지 않고 중간 불에서 설탕이 녹을 때까지 끓여 시럽을 만들어주세요. 3.시럽에 데친호두를 넣고 2분정도 섞으면서 졸인 후 체에 받쳐 주세요. 4.140도로 달군 기름에 넣어 바삭하게 튀겨주세요. 티친타올에 올리면 달라붙을 수 있어 종이호일에 올려 기름을 빼주세요. 5.튀긴 호두를 서로 달라 붙지 않게 펼쳐 식혀주세요.","['고단백', '저칼로리', '고지방', '고염', '고당']",한식,일반
havrgDS6Jgf8A1bWyYJ1peMf,두부치커리 샐러드,두부 부침용 12모  치커리 34장  김 12장  간장 13큰술  통깨 12작은술  참기름 12작은술  식초 12작은술  꿀 12작은술  소금 약간  후춧가루 약간,"Step 1 치커리는 물에 담갔다 건져 물기를 빼고 먹기 좋은 크기로 뜯어주세요. Step 2 두부는 사방 1cm 크기로 썰고, 끓는 물에 살짝 데쳐주세요. Step 3 의 데친 두부를 찬물에 담갔다가 체에 밭쳐 물기를 빼고, 종이타월에 감싸 한번 더 물기를 빼주세요. Step 4 마른 팬에 김을 올려 앞뒤로 구운 뒤 비닐봉지에 넣어 곱게 부숴주세요. Step 5 간장 드레싱 재료를 모두 섞어서 준비해주세요. 드레싱 Step 6 그릇에 치커리와 두부를 담고, 간장 드레싱을 가볍게 섞어주세요. Step 7 김가루를 뿌려 마무리해주세요.","['고단백', '저칼로리', '고염']",다이어트,다이어트
CA4BsoPYgtNoqcNqdGcWKJow,새우완자전골,새우살 112컵  청경채 3개  대파 1대  만가닥버섯 한 줌  녹말가루 4큰술  달걀흰자 12개  다진 대파 12큰술  다진 마늘 12작은술  소금 두 꼬집  후추 약간  물 8컵  멸치 10마리  다시마 1장  마른 고추 1개  무 18개  맛술 1큰술  굵은 소금.후추 약간씩,"Step 1 새우살은 키친타월로 물기를 제거하고 곱게 다져준 다음 완자 양념 재료를 넣고 잘 치대주세요. 그리고 한 입 크기로 동그랗게 빚어주세요. Step 2 냄비에 국물 재료를 넣고 끓어오르면 다시마를 건져내고 10분간 더 끓인 후 나머지 재료를 다 건져주세요. 국물 양념을 넣고 끓어오르면 완자를 넣어 3분간 끓입니다. Step 3 청경채, 대파는 반으로 갈라 5cm 길이로 썰고 만가닥버섯은 밑동을 자르고 먹기 좋게 나누어주세요. 완자가 떠오르면 모두 냄비에 넣고 1분간 끓입니다. Step 4 그릇에 담아 마무리해주세요.","['고단백', '저칼로리']",중식,일반
KmhRhdL3ayNn9CvkTQ9XA9Pg,통새우미니버거,모닝빵 4개  새우 8마리  토마토 1개  적양파 12개  잎상추 4장  달걀 1개  밀가루 14컵  빵가루 12컵  마요네즈 1큰술  튀김기름 적당량  소금 약간  후춧가루 약간  맛술 1큰술  마요네즈 4큰술  다진양파 2큰술  다진피클 2큰술  연와사비 12작은술  파슬리가루 약간  소금 한꼬집  후추 약간,"Step 1 새우는 껍질을 벗기고, 나무꼬치로 내장을 빼낸 후 밑간 재료를 뿌려 10분 정도 밑간해주세요. Step 2 잎상추는 깨끗이 씻어 물기를 제거해주세요. 토마토와 적양파는 링으로 썰고, 토마토에 약간의 소금과 후추를 뿌려주세요. 볼에 소스재료를 넣고 섞어주세요. 아이 간식용으로 만드실 때는 연와사비를 생략해서 만드셔도 돼요. Step 3 밑간한 새우에 밀가루달걀물빵가루 순으로 튀김옷을 입혀주세요. Step 4 튀김옷을 입힌 새우를 170도의 기름에서 노릇하게 튀겨주세요. Step 5 모닝빵을 반으로 갈라 마요네즈를 바르고 잎상추토마토적양파튀긴새우소스 순으로 올린 후 빵으로 덮어주세요. Step 6 예쁘게 담아 간식, 도시락 등으로 활용해보세요.","['고단백', '고지방', '고염']",양식,일반
PmE6XkumsQcLaZzPwohz7P9u,마늘 타락죽,통마늘 15톨 | 우유 2컵 | 생크림 ½컵 | 불린 찹쌀 80g | 물 3컵 | 포도씨유 10g | 소금 약간,"Step 1 불린 찹쌀과 통마늘을 준비해 주세요. Step 2 팬에 포도씨유를 두르고 통마늘을 골고루 익혀주세요. Step 3 냄비에 구운 마늘과 불린 찹쌀, 우유, 물을 넣고 끓여주세요. 끓어오르면 중불로 낮추고 생크림을 넣어 찹쌀이 푹 익도록 더 끓여줍니다. Step 4 완성 블렌더나 핸드믹서를 사용하여 곱게 갈아주고 소금으로 간을 맞춰 완성해 주세요. Tip. 마늘 타락죽은 입자를 곱게 할수록 더 부드럽게 즐길수 있답니다.","['고지방', '고염']",한식,일반
CrW1eDobKfu8thyU5tZ51rZP,차돌박이 된장찌개,차돌박이 150g | 두부 1/3모 | 표고버섯 2개 | 무 1/8개 | 애호박 1/3개 | 양파 1/2개 | 대파 1/2대 | 홍고추 1/2개 | 청고추 1/2개 | 다시마 멸치육수 2+1/2컵 | 맛술 1큰술 | 다진 마늘 1/2작은술 | 후춧가루 약간 | 된장 2큰술 | 다진 마늘 1/2큰술 | 고춧가루 1/2작은술,"Step 1 차돌박이는 2등분으로 자르고 키친 타올에 올려 핏물을 빼주세요. Step 2 무, 표고, 양파, 두부는 한 입 크기로 썰고 애호박은 반달 모양으로 썰어주세요. 대파, 홍고추, 청고추는 송송 썰어주세요. Step 3 냄비에 차돌박이와 고기양념을 넣고 중약불에서 볶다가 기름이 나오면 무를 넣고 1분 정도 볶아주세요. Step 4 냄비에 다시마 멸치육수와 된장을 넣고 끓여주세요. Step 5 무가 익으면 표고버섯과 양파, 애호박을 넣어 3분 정도 끓이고 두부와 다진마늘, 고춧가루를 넣고 끓여주세요. Step 6 마지막에 대파, 홍고추, 청고추를 넣고 한소끔 더 끓여주세요. 간이 약하면 기호에 따라 된장으로 간을 맞춰주세요.","['고단백', '저칼로리', '고지방', '고염']",한식,일반
Ajjzxc2DcAubNeQUZXRs2NUu,쇠고기불고기,쇠고기(불고기용) 600g | 양파 1개 | 당근 1/3개 | 대파 1대 | 버섯류(생략가능) 한줌 | 참기름 1큰술 | 통깨 약간 | 간장 5큰술 | 설탕 2큰술 | 다진파 2큰술 | 다진마늘 1큰술 | 후춧가루 약간 | 양파즙 또는 배즙 4큰술 | 맛술 3큰술,"Step 1 쇠고기는 먹기 좋은 크기로 썰고, 키친타월에 올려 핏물을 제거한 후 고기연육 재료를 넣어 골고루 섞어 20분 정도 재워주세요. 고기간장양념 재료를 넣고 조물조물 버무려 양념해주세요. Step 2 양파와 당근은 굵게 채썰고, 대파는 어슷하게 썰어 양념한 고기와 섞어주세요. Step 3 달군 팬에 양념한 쇠고기와 야채를 넣어 볶다가, 고기와 야채가 익으면 불을 끄고 참기름을 뿌려주세요. Step 4 접시에 쇠고기불고기를 담고 통깨를 뿌려 마무리해주세요.","['저칼로리', '고지방', '고염']",한식,일반
AwEnibX69iUcHkjXjuq8gfoi,닭가슴살 오이무침,닭가슴살 2쪽300g  오이 1개  홍고추 1개  청고추 1개  고수 약간  스윗 칠리소스 1큰술  피쉬소스 액젓 1큰술  레몬즙 2큰술  포도씨유 1큰술  설탕 1큰술  다진 적양파 약간,"Step 1 닭가슴살은 내열 용기에 담아 소금, 후춧가루를 뿌려 10분간 밑간해주세요. Step 2 법랑 접시에 석쇠를 놓고 내열 용기를 올려 1단에 넣고 광파오븐 수동기능 스팀 찜에서 30분간 익혀주세요. 광파오븐 스팀 물통에 물을 채우고 시작해주세요. Step 3 오이는 길게 2등분 한 후 어슷하게 썰어주세요. 청, 홍 고추는 얇게 송송 썰어주세요. Step 4 찐 닭가슴살은 결대로 찢어주세요. Step 5 볼에 청, 홍고추와 소스 재료를 넣어 섞어주세요. tip. 손질한 닭고기와 오이, 소스를 냉장고에 넣어 차갑게 준비한 후 드세요 Step 6 볼에 닭가슴살과 손질한 야채를 넣고 먹기 직전에 소스를 넣어 가볍게 버무린 후 취향에 따라 고수를 넣어 완성해주세요. Step 7 완성된 닭가슴살 오이무침을 접시에 담아 맛있게 즐겨주세요.","['고단백', '저칼로리', '고염']",다이어트,다이어트
eH8HoBc7H6NrpKgdowtfgXSW,사천식 고추 새우 덮밥,알새우 25개250g  홍고추 1개  대파 대  마른 월남고추 8개  파프리카 개  양파 개  식용유 컵  다진생강 작은술  다진마늘 1작은술  물 1큰술  설탕 1큰술  간장 큰술  식초 큰술  스리라차 1작은술  후춧가루 약간,"Step 1 알새우는 물기를 제거하고 홍고추, 대파, 파프리카, 양파는 먹기 좋게 한입 크기로 썰어주세요. Step 2 새우는 마리네이드 하여 잘 버무려 주세요. Tip. 부드럽고 잡내 없는 고기 맛을 위해 해물, 육류에 미리 마리네이드를 하면 좋아요. 마리네이드 재료해물, 육류 250g 기준  옥수수 전분 2큰술, 흰자 1개, 소금 12 작은술, 식용유 3큰술, 후춧가루 약간 고기 Step 3 팬에 식용유 12컵을 넣고 끓어오르면 순서 2의 새우를 넣어 기름에 데치듯 부드럽게 익혀주세요. Step 4 분량의 재료를 골고루 섞어서 소스를 만들어 주세요. Step 5 팬에 식용유을 두르고 마른 월남 고추, 대파, 다진 마늘, 다진 생강을 볶아 향을 낸 후 다른 채소들도 함께 넣어 볶아 줍니다. Step 6 완성 잘 볶아진 채소 위에 준비된 순서 4의 소스를 넣어 끓인 다음 순서 3의 새우를 넣고 잘 버무려 완성해 주세요. Tip. 식용유 대신 고추기름 비중을 늘리고 마른 고추를 다져서 추가하면 더욱 맵고 화끈한 불맛을 느낄 수 있답니다.","['고단백', '저칼로리', '고지방', '고염']",중식,일반
ys56AHsWvZpDXNutuP8RnDD9,과카몰리,아보카도 2개  라임 1개  토마토 1개  적양파 12개  할라피뇨 1개  다진 마늘 1작은술  소금 약간  파슬리 약간,"Step 1 아보카도는 칼집을 넣어준 후 반을 갈라서 씨를 빼고 속을 스푼으로 파내어주세요. Step 2 볼에 아보카도를 넣고 으깨어주세요. Step 3 적양파와 할라피뇨를 잘게 다져서 물기를 제거하고 다진 마늘과 함께 STEP 2에 넣어주세요. Step 4 라임즙을 넣고 고루 섞다가 소금으로 간을 해주세요. Step 5 완성된 요리를 그릇에 담아 나초를 찍어서 먹거나 토르티야, 샌드위치에 곁들어주세요",['고염'],양식,일반
QGPjtaanjBFgK6UX3rUVuizD,관자그라탱,관자 67개  올리브오일 약간  양파 12개  마늘 1쪽  브로콜리 14개  콜리플라워 14개  소금. 후추 약간씩  피자치즈. 체더치즈 약간씩  파슬리가루 약간  버터 2큰술  밀가루 2큰술  우유 1 컵  피자치즈 1컵  체더치즈 1장,"Step 1 관자는 포를 뜨듯이 얇게 썰고 올리브오일, 소금, 후추를 뿌려 10분간 재워주세요. Step 2 양파는 잘게 다지고 마늘은 편으로 썹니다. 브로콜리, 콜리플라워는 한입 크기로 썰어 끓는 물에 소금을 약간 넣고 살짝 데쳐주세요. Step 3 달군 팬에 올리브오일을 두르고 마늘, 양파, 관자를 볶다가 브로콜리와 콜리플라워를 넣고 소금과 후추로 간을 해 볶아주세요. Step 4 다른 팬에 버터를 녹인 후 밀가루를 넣어 고소한 냄새가 올라올 때까지 3분간 볶아주세요. Step 5 우유를 넣어 밀가루가 뭉치지 않게 풀어준 후 피자치즈와 체다치즈를 넣어주세요. Step 6 치즈를 완전히 녹인 후 치즈소스를 오븐 그릇에 약간 넣어주세요. 오븐 Step 7 그릇에 관자, 채소를 고루 담은 후 다시 치즈소스를 넣어주세요. Step 8 피자치즈, 체더치즈, 파슬리가루를 골고루 뿌리고 200도로 예열한 오븐에서 12분간 구워주세요. Step 9 완성된 요리를 그릇에 담아 마무리해주세요.","['저칼로리', '고지방', '고염']",양식,일반
5LoHmDLEPuJ4WXxRGYLD4iW5,묵은지닭볶음탕미나리바지락전,닭볶음탕용 닭 600g | 묵은지 1/4 포기 | 멸치다시마육수 3컵 | 감자 3개 | 양파 1/2 개 | 팽이버섯 100g | 대파 1대 | 홍고추 1개 | 고춧가루 2큰술 | 진간장 2큰술 | 맛술 2큰술 | 설탕 1큰술 | 다진마늘 1/2 큰술 | 후추 약간 | 미나리 1/2 단 (100g) | 바지락살 100g | 식용유 (오일스프레이) 적당량 | 부침가루 1컵 | 물 1/2 컵 | 송송썬 청양고추 1개 | 간장 1큰술 | 맛술 1/2 큰술 | 식초 1작은술 | 통깨 약간,"Step 1 양파는 굵게 채를 썰어주세요. 대파와 홍고추는 어슷하게 썰어주세요. 감자는 껍질을 제거하고 4등분 하고, 팽이버섯은 밑동을 제거해주세요. Step 2 Combi 팬에 묵은지, 닭고기, 손질한 채소, 양념, 육수를 넣고 1단으로 밀어 넣어주세요. Step 3 도어를 닫고 Smart Switch를 선택하고 온도를 200도로, 시간을 20분으로 설정해주세요. START를 눌러 조리를 시작하세요. Step 4 미나리는 깨끗이 씻어 4센치 길이로 썰어주세요. 양파는 채를 썰어주세요. Step 5 바지락살은 가볍게 헹궈 준비해주세요. Step 6 볼에 미나리, 바지락살, 반죽 재료를 넣어 섞어주세요. Step 7 베이킹 트레이에 오일스프레이를 적당량 뿌린 후 반죽을 올려 펼치고 한번 더 오일 스프레이를 뿌려주세요. Step 8 타이머에 8분이 남았을 때 도어를 열고 베이킹 트레이를 2단으로 밀어 넣어주세요. Step 9 조리가 완료되면 팬을 장치에서 꺼내주세요. Step 10 완성된 묵은지닭볶음탕의 김치는 가위로 먹기좋게 잘라주세요. 주먹밥을 곁들이면 더욱 맛있어요. Step 11 미나리바지락전에 전 간장을 곁들여 맛있게 즐겨주세요.","['저칼로리', '고지방', '고염']",한식,일반
YKuhZLtQttYoCTFmXTCd6DEr,왕소시지김밥,프랑크소시지 500g | 맛살 216g(7줄) | 단무지 155g | 조림우엉 80g | 달걀 7개 | 밥 5공기 | 김밥용 김 10장 | 소금 ½큰술 | 설탕 ½큰술 | 식초 1큰술 | 깨 1큰술 | 참기름 1큰술 | 식용유 1큰술 | 머스터드 소스 약간,"Step 1 냄비에 물을 절반 정도 담고 끓인 뒤 프랑크소시지를 넣고 1분 정도 데쳐주세요. Tip. 소시지를 데치면 첨가물과 나트륨이 제거되어 맛이 더 깔끔해져요. 오래 데치면 터질 수 있으니 1분만 데치고 칼집을 내주세요. Step 2 달군 팬에 식용유를 두르고 잘 푼 달걀을 넣어 약불에서 달걀지단을 만들어주세요. Step 3 단무지와 조림우엉은 적당한 크기로 길게 자르고 맛살은 반으로 갈라주세요. Step 4 밥에 소금, 설탕, 식초, 깨, 참기름을 넣고 잘 섞어주세요. Step 5 김밥 김을 깔고 밥을 주먹 크기만큼 올린 뒤 얇게 펴주세요. 김밥 Step 6 얇게 편 밥 위에 달걀지단을 올리고 조림우엉, 단무지, 맛살, 프랑크소시지를 올린 뒤 머스터드소스를 뿌려주세요. Step 7 김 끝부분에 물을 바르고 재료가 흐트러지지 않게 돌돌 말아주세요. Tip. 밥알로 붙여도 되지만 물을 묻히면 김이 더 잘 붙어요 Step 8 김밥 표면과 칼에 참기름을 바르고 먹기 좋은 크기로 잘라주세요. Step 9 완성 완성된 왕소시지김밥은 머스터드 소스를 추가로 곁들여 찍어먹어도 맛이 좋답니다.","['고단백', '고지방', '고염', '고당']",한식,일반
WkFQdU3sDtR3oa6Tt2pTbMAi,송로 버터와 양송이버섯 스프,양송이버섯 500g  양파 개  마늘 2개  우유 500ml  생크림 400ml  버터 100g  송로버섯 10g  송로오일 50ml  설탕 티스푼  소금 티스푼  후추 약간  올리브유 약간,"Step 1 상온에 두어 말랑한 상태의 버터와 송로 오일 20ml, 다진 송로버섯을 섞어 송로 버터를 만든 후 기름종이에 넣어 모양을 잡고 냉장고에 넣어주세요. 이때 송로버섯 대신 표고버섯을 사용해도 좋답니다. Step 2 양파, 양송이버섯, 마늘은 얇게 썬 뒤 냄비에 올리브유를 두르고 양파와 마늘, 양송이를 볶아주세요. Step 3 블렌더나 핸드 믹서로 곱게 갈아주세요. Step 4 완성 송로 버터를 얇게 썰어 볼에 담고 양송이버섯 스프를 따뜻하게 데워 버터 위에 부으면 완성이예요.","['저칼로리', '고지방']",양식,일반
MpbsADwjt89oMvSNJVhufZsS,양배추 유부 만두,유부 8장  양배추 잎 100g  표고버섯 2개  불린 당면 40g  대파 14대  다진 마늘 12큰술  간장 2작은술  소금 1작은술  참기름 12큰술  후춧가루 약간  식용유 12컵  양배추 12통  고춧가루 1큰술  식초 1큰술  설탕 12큰술  통깨 약간,"Step 1 끓는 물에 소금 한 꼬집과 양배추 잎을 넣고 1분 정도 데쳐주세요. Step 2 양배추를 데친 물에 유부를 넣고 1분 정도 데친 후 찬물에 헹궈 손으로 물기를 가볍게 짜주세요. Step 3 유부 데친 물에 불린 당면을 넣고 3분 정도 끓인 후 채반에서 물기를 빼주세요. Step 4 양배추, 표고버섯, 삶은 당면, 대파를 잘게 다져주세요. tip. 닌자초퍼를 활용하면 쉽게 다질 수 있어요 Step 5 볼에 다진 재료와 다진 마늘을 넣고 간장, 소금, 후춧가루, 참기름을 넣어 섞어주세요. Step 6 유부 한쪽 면에 가위집을 내고 준비한 만두소를 넣어주세요. Step 7 만두 겉면에 전분을 얇게 입힌 후 잔 가루를 털어주세요. Step 8 달군 팬에 기름을 두르고 만두를 올려 노릇하게 구워주세요. Step 9 양배추는 채칼을 사용해 얇게 채를 썰어 찬물에 헹군 후 채반에 받쳐 물기를 빼주세요. Step 10 볼에 나머지 무침 재료를 넣고 섞은 후 채썬 양배추를 넣고 가볍게 버무려주세요. Step 11 접시에 양배추 유부 만두와 양배추 무침을 보기 좋게 담아 맛있게 즐겨주세요.","['저칼로리', '고지방', '고염']",채식,채식
6jo1ytLDkpMuZaBeF55kohBA,우엉 쇠고기 불고기,쇠고기 (불고기용) 500g | 우엉 1대 (200g) | 아스파라거스 6대 | 참기름 1큰술 | 통깨 약간 | 식초 1큰술 | 양파 1/3개 | 간장 4큰술 | 배즙 (또는 양파즙) 4큰술 | 맛술 3큰술 | 설탕 2큰술 | 물엿 1큰술 | 다진 파 2큰술 | 다진 마늘 1큰술 | 후춧가루 약간,Step 1 쇠고기는 먹기 좋은 크기로 썰고 키친타월 에 올려 핏물을 제거한 후 간장 양념 재료를 넣고 골고루 섞어 20분 정도 재워주세요. Step 2 우엉은 깨끗이 씻은 후 필러로 껍질을 벗기고 먹기 좋은 길이로 잘라 채를 썰어주세요. 아스파라거스는 필러로 껍질을 벗기고 먹기 좋은 길이로 어슷하게 자르고 양파는 채를 썰어주세요. Step 3 식초를 넣은 식초물에 우엉 채를 살짝 데친 후 찬물에 헹궈 물기를 빼주세요. tip. 우엉을 식초물에 살짝 데치거나 식초물에 담갔다가 사용하면 갈변 현상도 막고 우엉의 아린맛도 줄일 수 있어요. Step 4 달군 팬에 쇠고기를 넣어 볶다가 쇠고기가 익으면 데친 우엉과 양파를 넣어 볶고 마지막에 아스파라거스를 넣은 후 센불에서 볶아주세요. Step 5 마지막에 참기름을 넣고 불을 끈 후 통깨를 뿌려 맛있게 즐겨주세요.,"['고지방', '고염']",한식,일반
P1NY3g4sLaJMxBXcGm1trjpV,소고기 오이 시금치 무른밥,불린 쌀 130g | 오이 10g | 시금치 10g | 소고기 안심 50g | 물 520ml,"Step 1 소고기는 미리 찬물에 담가 20분1시간 정도 핏물을 빼주세요. Step 2 식초나 베이킹소다 푼 물에 시금치를 담아 살균한 후 흐르는 물에 씻어주세요. Step 3 오이는 굵은 소금으로 문질러 씻어 흐르는 물에 씻고, 껍질을 벗긴 다음 씨를 도려내고 잘게 다져주세요. Tip. 오이는 알레르기 유발 위험이 높은 채소라서, 처음 사용하기 시작할 때는 조심해서 사용해야 합니다. 알레르기를 일으킬 수 있는 껍질은 깎고 씨는 도려내서 먹이세요. Step 4 냄비에 물을 담고 소고기를 넣어 강한 불로 끓여요. 끓어오르면 약한 불로 줄여 시금치를 넣어 데친다. Tip. 기름은 걷어내면서 끓여요. 시금치는 1분이면 충분해요. 고기 삶은 물은 육수로 쓰면 좋아요. Step 5 잘 데친 시금치는 잎만 잘라 잘게 다지고, 삶은 소고기도 잘게 다져요. Step 6 냄비에 불린 쌀과 채소, 그리고 소고기 삶은 물을 넣고 강한 불로 끓여요. 저어주다 끓기 시작하면 약한 불로 줄여 농도가 적당해질 때까지 끓이고, 4회분으로 나눠 용기에 담아주세요.","['고단백', '저칼로리', '고지방', '고염']",한식,일반
KX2jySmvGfqttjUP78L7RSYZ,낙지꼬치구이,낙지 3마리 | 꽈리고추 20개 | 느타리버섯 한 줌 | 밀가루 ¼컵 | 굵은 소금 1큰술 | 통깨 약간 | 식용유 약간 | 꼬치 10개 | 고추장 3큰술 | 고춧가루 1큰술 | 간장 1큰술 | 맛술 1큰술 | 물엿 1큰술 | 설탕 1큰술 | 참기름 1큰술 | 다진 파 1큰술 | 다진 마늘 ½큰술 | 생강가루 한꼬집 | 후춧가루 약간,Step 1 낙지는 내장과 먹물을 뺀 후 굵은 소금과 밀가루로 바락바락 문질러 씻은 다음 약간의 소금을 넣은 끓는 물에 살짝 데쳐주세요. Step 2 데친 낙지는 양념이 잘 베어들 수 있게 빨판 뒤쪽에 가로로 칼집을 넣고 6센치 길이로 잘라주세요. Step 3 느타리버섯은 끓는 물에 살짝 데쳐 찬물에 헹궈 물기를 제거하고 꽈리고추는 양념이 잘 밸 수 있도록 꼬치로 구멍을 23군데 뚫어 준비해주세요. 볼에 양념장 재료를 넣어 고루 섞어주세요. tip 기호에 따라 꽈리고추 대신 쪽파를 사용해서 만드셔도 돼요. Step 4 낙지느타리버섯꽈리고추낙지 순으로 두 번 반복해서 꼬치에 꿰어 양념장을 앞 뒤로 골고루 발라주세요. Step 5 달군 팬에 약간의 식용유를 두르고 낙지꼬치를 올려 중약불로 굽다가 양념을 앞 뒤로 덧발라 가며 구워주세요. Step 6 뾰죡한 꼬치 양쪽 끝을 자른 후 접시에 낙지 꼬치구이를 담고 통깨를 뿌려주세요.,"['저칼로리', '고염']",한식,일반
EvL42kFhfFSLtNCKnQtb3K72,고양이 귀면,갈은 돼지고기 100g  양파 개  샐러리 1대  죽순 30g  표고버섯 3개  대파 개  다진 마늘 1큰술  다진 생강 작은술  밀가루중력분 2와 컵300g  소금 한꼬집3g  미지근한 물50도 컵  고추장 1큰술  설탕 1큰술  굴소스 1작은술  두반장 1작은술  간장 1작은술  후춧가루 약간  산초기름 1큰술  청주 1작은술  참기름 1작은술  노두유 약간,"Step 1 볼에 분량의 면 반죽 재료를 넣어 반죽해 주세요.. Step 2 채소는 사방 2cm 크기로 썰어서 준비해 주세요. Step 3 볼에 갈은 돼지고기, 다진 마늘, 다진 생강과 분량의 재료로 만든 소스를 넣고 치대주세요. Step 4 순서 1의 숙성된 반죽을 두께 5mm 정도로 넓게 밀고 가로세로 1cm로 잘라서 엄지 손가락으로 둥글게 밀어주세요. Step 5 끓는 물에 순서 4의 면을 삶아 체에 받쳐줍니다. Step 6 완성 팬에 기름을 두르고 순서 3을 볶은 후 모든 채소와 면을 넣고 함께 볶아 완성해 주세요. Tip. 면 반죽 시 발효 시간을 줄이기 위해 미지근한 물을 사용하는 게 좋답니다.","['고단백', '저칼로리', '고지방']",중식,일반
BD1wPSVesiEHDTEFreN88CTP,선 드라이드 토마토,방울토마토 350g  올리브오일 1컵  로즈마리 약간,Step 1 방울토마토는 꼭지를 떼어내고 깨끗이 씻어 반으로 잘라주세요. Step 2 법랑 접시에 방울토마토를 올린 후 1단에 넣어 광파오븐 자동 요리 식품 건조에서 감3개를 선택해 조리해 주세요. 4시간 조리가 끝나면 뒤집어서 다시 4시간 더 건조해 주세요. Step 3 말린 토마토에 절임재료를 넣어 완성해주세요.,['일반'],채식,채식
YRgxvWoN39y2Lzc4WdiUHFkb,한식 채수,물 2L | 양파 2개 | 대파 2대 | 마늘 2통 | 다시마 (사방 20cm) 15g | 건표고버섯 5개 (30g) | 무 ⅙개 (200g),"Step 1 양파와 대파, 무를 큼직하게 썰어 주세요. tip. 양파와 마늘은 흙이 묻은 겉껍질은 벗기고, 속껍질은 사용해 주세요 Step 2 채소에 물 2L를 부어 강불로 끓이다가 중불로 줄여 30분간 끓여 주세요. tip. 물양이 절반쯤 줄어들 때까지 푹 끓여 주세요 Step 3 충분히 우러나온 채소는 채반에 걸러주세요. tip. 한 김 식힌 후 밀폐 용기에 담아 냉장 또는 냉동 보관하여 사용하면 편리해요. 냉장은 일주일 내로 사용해 주세요. 냉동은 3개월 이내로 사용하는 것이 좋아요",['저칼로리'],한식,일반
5ZtdwY6CsVvNw1KReALTsQAC,마라탕,마라소스 110g  물 380ml  사골국물 350ml  팽이버섯 30g  느타리버섯 30g  표고버섯 2개  소고기 샤브용 150g  감자 1개  청경채 20g  오징어 110g  새우 100g  납작당면 80g  땅콩버터 1큰술  다진 마늘 큰술,"Step 1 팽이버섯, 느타리버섯은 잘 씻어 밑동을 자르고 표고버섯은 1cm 두께로 슬라이스 해주세요. Step 2 감자는 껍질을 벗기고 1cm 두께로 슬라이스한 뒤 2등분 하고 청경채는 잘 씻어서 다듬어주세요. Step 3 오징어는 1.5cm 두께로 썰고 새우는 머리와 꼬리를 제거하고 껍질을 벗겨주세요. Step 4 냄비에 물, 사골국물을 넣고 납작당면을 넣어 5분 정도 끓여주세요. Step 5 순서 4의 냄비에 마라소스를 넣고 1분 정도 더 끓여주세요. Step 6 팽이버섯, 느타리버섯, 표고버섯, 감자, 청경채를 넣고 3분 정도 끓여주세요. Step 7 오징어, 새우, 소고기를 넣고 30초 정도 끓여주세요. Step 8 땅콩버터, 마늘을 넣고 2분 정도 더 끓여주세요. Step 9 완성 갖가지 재료와 얼얼한 매운맛을 음미하며 맛있게 즐기세요.","['고단백', '저칼로리', '고지방']",중식,일반
FyScpWU4u5AfAQHepHw2DmsS,토마토 타르트,토마토 3개450g  화이트발사믹 1큰술  황설탕 90g  흑설탕 약간  로즈마리 약간  박력분 90g  통밀가루 25g  소금 1g  코코넛 오일 35g  두유 50g  설탕 12g,"Step 1 박력분과 통밀가루, 소금을 체쳐주세요. Step 2 볼에 설탕, 두유, 코코넛오일을 넣고 거품기로 빠르게 섞어주세요. Step 3 체친 가루에 넣고 주걱으로 섞어주세요. 반죽을 둥글게 빚어 종이호일에 감싼 후 냉장고에서 1015분 정도 휴지시켜주세요. Step 4 깨끗이 씻은 토마토는 꼭지를 떼고 깍뚝 썰어주세요. Step 5 팬에 토마토와 설탕을 넣고 중불에서 8분 정도 졸인 후 마지막에 화이트 발사믹을 넣고 섞어주세요. 한 김 식혀 냉장고에 넣어 완전히 식혀주세요. Step 6 반죽은 덧밀가루를 뿌려 얇게 밀어주세요. 흑설탕을 얇게 뿌리고 식힌 토마토를 올리고 가장자리를 접어주세요. tip. 조린 토마토의 수분은 최대한 빼고 넣어주세요 Step 7 가장자리에 토마토 끓인 시럽을 약간 바르고 황설탕과 흑설탕을 뿌려주세요. tip. 로즈마리나 타임 등을 올려 구우면 더욱 향긋해요 Step 8 도로 예열한 오븐에 넣고 50분간 구워주세요. Step 9 완성된 타르트를 먹기좋게 썰어 맛있게 즐겨주세요. tip. 타르트는 서늘한곳 또는 냉장고에서 1시간 정도 보관했다가 드세요","['고지방', '고염', '고당']",다이어트,다이어트
Skhy4tdg22yXKwnypHdT8FTp,치킨 크랜베리 샌드위치,사워도우 호밀빵으로 대체가능 4장  토마토 1개  로메인 12장  삶은 닭 가슴살 두 덩이 300g  크랜베리 한 줌 50g  호두 반 줌 25g  매일 그릭요거트 4큰술  마요네즈 3큰술  연유 1큰술  레몬즙 큰술  디종 머스타드 1작은술  소금 약간  후춧가루 약간  마요네즈 4큰술  연유 2큰술  홀그레인 머스터드 2큰술,"Step 1 삶은 닭 가슴살은 칼로 썬 후 볼에 담아 가위로 곱게 잘라 주세요. 로메인은 찬물에 5분 정도 담가준 후 물기를 최대한 제거해 주세요. tip. 최대한 곱게 잘라주어야 부드러운 식감이 살아나요. Step 2 다진 닭 가슴살과 다진 호두, 크랜베리, 그릭 요거트, 마요네즈, 연유, 레몬즙, 소금, 후춧가루를 넣고 잘 버무려주세요. tip. 그릭요거트는 달지 않고 향이 없어야 재료와 잘 어우러지고 맛있어요. Step 3 토마토는 얇게 썰고 물기를 제거한 후 소금과 후춧가루를 뿌려주세요. tip. 소금은 토마토의 수분을 제거하고 간을 맞춰주는 역할을 해요. Step 4 볼에 소스 재료를 넣어 섞어주세요. Step 5 달군 그릴 팬에 빵을 올리고 그릴 자국이 나도록 구워주세요. tip. 구운 식빵을 서로 맞대어 세워두면 눅눅하지 않게 드실 수 있어요. Step 6 빵의 안쪽 면에 소스를 바르고 로메인, 토마토, 닭 가슴살 순으로 올려 샌드위치를 완성해 주세요. 먹기 좋은 크기로 잘라 맛있게 즐겨주세요.","['고지방', '고염', '고당']",다이어트,다이어트
28fohifm88Kevf5hVH3r71YH,떠먹는고구마피자,토르티야 1장  옥수수 통조림 5큰술  파프리카 12개  양파 12개  햄 페페로니  50g  베이컨 40g  토마토소스 3큰술  피자치즈 2컵  고구마토핑용 1개  고구마 3개  마요네즈 2큰술  소금.후추 약간씩,"Step 1 고구마를 삶아 껍질을 벗기고 마요네즈, 소금, 후추와 고루 섞어 고구마메시를 만들어주세요. 토핑용 고구마는 1cm x 1cm 크기로 잘라주세요. Step 2 파프리카와 양파는 잘게 썰어주고, 베이컨은 3cm 길이로 잘라주세요. 자른 재료들은 팬에 살짝 구워주세요. Step 3 토르티야를 찢어서 팬 위에 깔고 토마토소스, 고구마 메시, 야채, 치즈 순으로 덮어주세요. Step 4 고구마 토핑을 골고루 뿌려준 후 뚜껑을 덮고 치즈가 녹을 때까지 약불에서 20분간 구워주세요. 또는 오븐을 사용할 경우, 200도로 예열해 1012분간 구워주세요. Step 5 완성된 요리를 샐러드와 함께 곁들여주세요.","['저칼로리', '고지방', '고염']",양식,일반
E9eTK8PgEnugSWv4b2k1Vo8v,딸기피자,토르티야 1장  꿀 1큰술  피자치즈 1컵  루꼴라샐러드잎채소 한줌  딸기 6개  메이플시럽또는 꿀 1큰술  크림치즈 2큰술  꿀 12큰술,"Step 1 루꼴라샐러드 잎채소는 찬물에 담갔다 물기를 제거하고, 딸기는 편으로 잘라주세요. Step 2 볼에 크림치즈와 꿀을 넣고 섞어주세요. Step 3 토르티야에 꿀을 펴 바른 후 피자치즈를 골고루 올리고, 200도로 예열한 오븐에서 치즈가 녹을때까지 7분 정도 구워주세요. 팬을 이용하실 때는 뚜껑을 닫고 약한 불에서 68분간 치즈가 녹을 때까지 익혀주세요. Step 4 토르티야에 루꼴라샐러드 잎채소와 딸기를 골고루 올린 후, 크림치즈 토핑을 티스푼으로 떠서 군데군데 올려주세요. Step 5 피자 위에 메이플시럽 또는 꿀을 뿌려주세요. 기호에 따라 발사믹크림과 쉬레드체더치즈를 뿌려주셔도 맛있답니다.","['저칼로리', '고지방', '고당']",양식,일반
B1RTqw2YwgEUhZ3YjzMJgQWc,장칼국수,칼국수면 300g | 애호박 ⅓개 | 감자 1개 | 양파 ½개 | 대파 ¼개 | 청양고추 1개 | 달걀 1개 | 구운 소금 ¼ 작은술 | 김가루 약간 | 통깨 약간 | 멸치 새우 다시마 육수 7컵 | 고추장 2큰술 | 고춧가루 1큰술 | 된장 ½큰술 | 국간장 1큰술 | 다진 마늘 1큰술 | 후춧가루 약간,"Step 1 감자와 양파, 애호박은 채를 썰고, 대파와 청양고추는 송송 썰어주세요. 볼에 달걀을 넣어 풀고, 다른 볼에 국물 양념 재료를 넣어 섞어주세요. Step 2 냄비에 멸치새우다시육수를 넣고 끓어오르면 감자와 양파를 넣어 2분 정도 끓여주세요. Step 3 육수에 국물 양념 재료를 넣어 푼 후 칼국수 면의 밀가루를 털어 넣고 5분 정도 끓여주세요. tip 칼국수면의 밀가루를 물에 살짝 씻어 체에 밭쳐 만들거나 면을 따로 데친 후에 국물을 부어 만들면 국물이 탁해지지 않아요. Step 4 애호박과 대파, 청양고추를 넣고 끓이다가 풀어 놓은 달걀물을 냄비 가장자리에 둘러 붓고 마지막에 구운 소금으로 간을 맞춘 후 불을 꺼주세요. Step 5 장칼국수를 담고 기호에 따라 김가루와 통깨를 뿌려주세요.","['고단백', '고염']",한식,일반
j7EELtk9r1nfhGShBvrtQR6X,곤드레전,생 곤드레 200g | 식용유 적당량 | 소금 약간 | 부침가루 1컵 | 물 1컵 | 간장 1큰술 | 맛술 1/2큰술 | 식초 1작은술 | 잘게 썬 양파 1큰술 | 잘게 썬 홍고추 1/2큰술 | 통깨 약간,Step 1 곤드레는 깨끗이 씻어 4cm 길이로 잘라주세요. Step 2 볼에 반죽 재료와 곤드레를 넣고 섞어주세요. tip. 반죽에 전분을 넣어 만들면 반죽이 투명해져서 곤드레의 색감을 살릴 수 있어요 Step 3 볼에 양념장 재료를 넣어 섞어주세요. Step 4 달군 팬에 약간의 기름을 두른 후 반죽을 올려 얇게 펼쳐주세요. 앞뒤로 노릇하게 구워주세요. Step 5 곤드레 전에 양념장을 곁들여 맛있게 즐겨주세요.,['고지방'],한식,일반
1AneRBpaBpghY1PKsX1kmodZ,금태솥밥,쌀 2컵 (400g) | 물 900ml | 참기름 1큰술 | 액젓 1큰술 | 간장 2큰술 | 미림 1큰술 | 금태 4조각(600g) | 소금 1작은술 | 후추 약간 | 쪽파 약간 | 통깨 2큰술 | 참기름 2큰술,"Step 1 쌀은 가볍게 씻어 채반에 받쳐주세요. Step 2 금태는 키친타월로 물기를 제거한 후 소금, 후추를 뿌려 밑간을 해주세요. Step 3 모든 1단 재료를 Combi 팬에 넣고 섞어주세요. 팬을 1단에 밀어 넣어주세요. Step 4 도어를 닫고 Smart Switch를 선택하고 온도를 175도로, 시간을 15분으로 설정해주세요. START 를 눌러 조리를 시작하세요. Step 5 쪽파는 깨끗이 씻고 모양대로 잘게 썰어 준비해주세요. Step 6 타이머에 8분이 남았을 때 도어를 열고 베이킹 트레이를 2단에 밀어 넣어주세요. tip. 금태 겉면을 토치로 그을려 주면 요리의 맛과 비쥬얼이 더 좋아져요 Step 7 조리가 완료되면 트레이와 팬을 장치에서 꺼내주세요. 밥 위에 송송 썰어둔 쪽파와 금태를 올려주세요. Step 8 기호에 따라 통깨와 참기름을 뿌리고 주걱으로 잘 섞어 맛있게 즐겨주세요.","['고지방', '고염']",한식,일반
c5tJitPra3uqaQCRB2SFz98A,클램차우더 수프,모시조개 600g  베이컨 4줄  감자 1개  샐러리 1줄기  양파 12개  마늘 1쪽  버터 2큰술  밀가루 2큰술  우유 2컵  소금 약간  후추 약간  파슬리가루 약간  물 1컵  청주 2큰술  샐러리줄기 약간  마늘 2쪽,"Step 1 모시조개는 소금물에 담가 해감한 후 깨끗이 씻어 냄비에 담고, 국물재료를 넣어 조개껍질이 벌어질 때까지 끓여주세요. Step 2 조갯살은 발라내어 굵게 다지고, 1의 조개육수는 따로 체에 걸러주세요. Step 3 마늘은 편으로 썰고 베이컨과 감자, 샐러리, 양파는 사방 1센치 크기로 잘라주세요. Step 4 냄비에 버터를 넣어 녹인 후 마늘, 베이컨, 감자, 샐러리, 양파를 2분 정도 볶아주세요. 밀가루를 넣고 약불에서 재료와 밀가루가 고루 섞일 때까지 더 볶아주세요. Step 5 조개육수 1컵과 우유를 넣고 감자가 익을 때까지 10분 정도 끓여주세요. 중불에서 주걱으로 저어가며 끓여주세요. 조개육수 Step 6 수프에 조개살을 넣고, 약간의 소금과 후추로 간을 해 2분 정도 더 끓여주세요. Step 7 알맞은 그릇에 담아 파슬리가루를 뿌리고, 빵과 함께 곁들여드셔도 좋아요.","['고지방', '고염']",양식,일반
8FG95ChaKzuqwGq4Mz1P5k74,냉이 차돌박이 솥밥,냉이 한 줌 (200g) | 차돌박이 200g | 쌀 2컵 (360g) | 다시마 육수 2컵 | 간장 1큰술 | 다진 마늘 1큰술 | 올리고당 2큰술 | 참기름 ½큰술 | 후춧가루 약간 | 다진 양파 ¼ 개 | 송송 썬 쪽파 2줄기 | 간장 2큰술 | 맛술 1큰술 | 다진 마늘 ½큰술 | 매실청 (올리고당으로 대체 가능) ½큰술 | 통깨 약간,Step 1 쌀을 씻어 30분 정도 불린 후 체에 받쳐 물기를 빼주세요. tip. 기호에 따라 쌀과 찹쌀을 섞어 만들어도 좋아요 Step 2 냉이는 뿌리를 깨끗이 다듬어 씻어주세요. 뿌리와 잎 사이를 잘라 2등분 한 후 뿌리는 1센치 길이로 썰고 잎은 23등분해 주세요. Step 3 차돌박이는 키친타올에 올려 핏물을 제거한 후 차돌박이 양념에 넣어 10분 정도 재워주세요. Step 4 달군 팬에 양념에 재워둔 차돌박이를 넣고 45분간 볶은 후 접시에 덜어주세요. Step 5 냄비에 불린 쌀과 다시마 육수를 넣고 손질해둔 냉이 뿌리를 넣고 뚜껑을 닫아 중불에서 5분간 끓여주세요. tip. 냉이의 잎보다 뿌리가 더 질기기 때문에 뿌리를 먼저 넣어 밥을 지으면 더욱 부드럽게 드실 수 있어요 Step 6 밥물이 끓어오르면 약불로 줄여 15분 정도 익혀주세요. 냉이 잎과 차돌박이를 밥위에 얹고 다시 5분간 익혀주세요. 솥밥의 불을 끄고 5분간 뜸을 들여주세요. tip. 밥이 거의 익을 때 쯤 냉이 잎을 넣어주면 냉이의 향이 살아있어 더욱 향긋하게 드실 수 있어요 Step 7 완성된 솥밥에 양념 간장을 곁들여 맛있게 즐겨주세요.,['고염'],한식,일반
QzVTpBVep63FzoeAkdWswgGE,뿌리채소구이,당근 2개  비트 개  마늘 10쪽  올리브유 2큰술  메이플 시럽 2큰술  소금 약간  후춧가루 약간  비건 마요네즈 23큰술,"Step 1 당근과 비트를 솔로 문질러 깨끗이 세척해 주세요. 마늘은 껍질을 벗겨 가볍게 물로 헹궈주세요. Step 2 당근은 반으로 자른 후 먹기좋게 등분해 주세요. 비트는 사방 12cm 크기로 깍둑썰어주세요. Step 3 오븐팬에 손질한 야채를 올리고, 올리브유, 메이플 시럽, 소금, 후춧가루를 뿌려 버무려 주세요. Step 4 도로 예열된 오븐에서 1520분 정도 구워주세요. Step 5 접시에 옮겨담고 비건 마요네즈를 곁들여 맛있게 즐겨주세요.","['저칼로리', '고지방', '고염', '고당']",채식,채식
LsQ5Wjsjo9jASFpZsjr1eRkU,양식 채수,양파 1개  당근 1개  셀러리 12줄기  마늘 56톨  월계수 잎 12장,"Step 1 채소를 큼직하게 썰어 주세요. tip. 양파와 마늘은 흙이 묻은 겉껍질은 벗기고, 속껍질은 사용해 주세요 Step 2 추가 채소에 물 2L 를 부어 강불로 끓이다가 중불로 줄여 30분간 끓여 주세요. tip. 물양이 절반쯤 줄어들 때까지 푹 끓여 주세요 Step 3 충분히 우러나온 채소는 체에 밭쳐 걸러주세요. tip. 채수는 한 김 식힌 후 밀폐 용기에 담아 냉장 또는 냉동 보관하여 사용하면 편리해요. 냉장은 34일 내로 사용해 주세요. 냉동은 3개월 이내로 사용하는 것이 좋아요",['저칼로리'],채식,채식
WjNP4Zk2CEQ2kHeMBDrDoson,견과류멸치볶음,"잔멸치 2컵 | 모듬견과류(아몬드, 땅콩, 호두, 해바라기씨) 2컵 | 통깨 약간 | 올리고당 3큰술 | 식용유 2큰술 | 맛술 2큰술 | 참기름 1큰술 | 간장 1/2큰술 | 다진마늘 1작은술 | 후추 약간","Step 1 잔멸치는 굵은 체에 담고 흔들어 잔가루를 제거해주세요. Step 2 마른팬에 잔멸치와 모듬견과류를 넣고, 중약불에서 56분 정도 바삭하게 볶아주세요. Step 3 새로 달군 팬에 간장양념을 넣고, 양념이 바글바글 끓으면 불을 약한불로 줄여주세요. 잔멸치와 모듬견과류를 넣고 빠르게 섞은 후, 불을 꺼주세요. Step 4 견과류멸치볶음에 통깨를 뿌려 마무리해 주세요.",['고염'],한식,일반
BQrVeYJh5RPZyWVFBKdDXrtX,불낙전골,쇠고기(불고기용) 200g | 낙지 2마리 | 배춧잎 3장 | 애호박 1/3개 | 양파 1/2개 | 대파 1대 | 백만송이버섯 100g | 표고버섯 2개 | 홍고추 1개 | 풋고추 1개 | 쑥갓 한줌 | 밀가루 3큰술 | 굵은소금 1/2큰술 | 맛술 1큰술 | 다시마멸치육수 5컵 | 간장 1큰술 | 설탕 1/2큰술 | 다진 파 1큰술 | 다진 마늘 1/2큰술 | 후춧가루 약간 | 고춧가루 2큰술 | 국간장 1큰술 | 맛술 2큰술 | 다진 마늘 1큰술 | 구운 소금 1/2작은술,"Step 1 낙지는 머리를 뒤집어 내장과 먹통을 제거하고 눈과 입을 떼어낸 후 밀가루와 굵은소금을 넣어 깨끗이 주물러 씻은 후 맛술을 넣어 밑간해주세요. Step 2 쇠고기는 고기 양념 재료를 넣어 10분 정도 밑간해주세요. Step 3 배추는 한 입 크기로 자르고 애호박과 대파는 6센치 길이로 자르고 반을 잘라 길이로 썰어주세요. 백만송이버섯은 밑동을 자르고 한 가닥씩 뜯고, 표고버섯은 밑동을 제거한 후 슬라이스해주세요. 양파는 굵게 채를 썰고, 고추는 어슷하게 잘라주세요. Step 4 전골냄비에 야채를 보기 좋게 돌려 담은 후 냄비 중앙에 양념장과 쇠고기를 얹고 다시마 멸치육수 4컵을 부어 끓여주세요. 쇠고기가 뭉치지 않게 풀어주세요. Step 5 국물이 끓으면 낙지를 넣고 3분 정도 끓이다가 고추를 넣고 한소끔 더 끓여주세요. 끓이는 과정에서 국물이 부족하면 남은 다시마 멸치육수 1컵을 가감해 주세요. 부족한 간은 구운 소금을 가감해서 간을 맞혀주세요. Step 6 마지막에 쑥갓을 올리고 불을 꺼주세요. 기호에 따라 고추냉이 간장에 찍어 드셔도 좋아요.","['저칼로리', '고염']",한식,일반
VtMj57MyG1Ht9M9WaJuucYHf,쇠고기말이주먹밥,쇠고기(불고기용) 200g | 익은 배추김치(줄기부분) 한줌 (100g) | 애호박 1/5개 | 당근 1/6개 | 밥 2공기 | 맛술 1큰술 | 참기름 1작은술 | 소금 약간 | 후춧가루 약간 | 식용유 1/2큰술 | 통깨 약간 | 간장 1+1/2큰술 | 올리고당 1큰술 | 참기름 1/2큰술,"Step 1 쇠고기는 키친타올에 올려 핏물을 제거하고 적당한 길이로 자르고 맛술과 약간의 후춧가루 뿌려 준비해주세요. Step 2 배추김치는 양념을 물에 씻고 물기를 제거한 후 잘게 자르고, 애호박과 당근도 잘게 잘라주세요. Step 3 달군 팬에 식용유를 두르고 다진 야채를 넣어 볶다가 약간의 소금과 후춧가루 넣어 밑간해서 볶아주세요. Step 4 따뜻한 밥에 볶은 야채와 참기름, 깨를 넣고 골고루 섞은 후 한 입 크기로 동그랗게 모양을 잡아 주먹밥을 만들고 쇠고기를 올려 감싸주세요. Step 5 도로 예열한 오븐에 고기로 감싼 주먹밥을 넣고 5분 정도 굽다가 고기 표면에 고기 양념 소스를 바른 후 3분 정도 윤기나게 구워주세요. Step 6 접시에 주먹밥을 담고 먹기 직전에 소스를 한번 더 바른 후 통깨를 뿌려주세요. 먹기 좋게 주먹밥을 반으로 잘라 드셔도 좋답니다. tip 팬을 이용하실 때는 달군 팬에 식용유를 두르고 고기로 감싼 이음새 부분이 아래로 가도록 놓고 앞 뒤로 굴려가며 중약불에서 익힌 후 마지막에 소스를 넣고 윤기나게 졸여주세요.","['저칼로리', '고지방', '고염']",한식,일반
FeENT9Zem3VyiNhKWZYWztfA,중식 기본 볶음밥,밥 2공기400g  달걀 2개  대파 대  식용유 3큰술  치킨파우더 1작은술  소금 작은술  참기름 작은술  후춧가루 약간,"Step 1 달걀은 흰자와 노른자를 잘 섞고, 대파는 잘게 썰어 흰밥과 함께 준비해 주세요. Step 2 달궈 놓은 팬에 식용유를 넣고 달걀물을 부어 스크램블을 만들어 주세요. Step 3 달걀이 80정도 익었을 때 밥을 넣어 고루 섞어가며 볶아주세요. Step 4 잘게 썬 대파를 넣고 볶다가 치킨파우더, 소금, 후춧가루를 넣어 간을 해주세요. Step 5 완성 밥알이 서로 달라붙지 않게 노르스름해질 때까지 볶아준 후 참기름을 넣어 마무리 해주세요. Tip. 볶음밥용 밥은 평소보다 물 양 을 적게 잡고 지은 고두밥이 좋아요. 밥을 볶을 때 버터 12큰술을 추가하면 더욱 풍미 가득한 볶음밥을 즐길 수 있답니다.","['고단백', '고지방', '고염']",중식,일반
QgPYYTcKcdq6mSr4iRGcu6jD,소고기 아욱 표고버섯죽,불린 쌀 30g | 소고기 안심 10g | 표고버섯 10g | 아욱 10g | 물 180ml,"Step 1 소고기는 20분1시간 정도 물에 담가 핏물을 빼주세요. Step 2 아욱은 잎만 잘라 빨래하듯 치대 물에 여러 번 씻어낸 후 믈기를 짜주세요. Tip. 푸른 물이 빠질 정도로 여러 번 치대야 풋내가 없어져요. Step 3 냄비에 물을 붓고 소고기를 넣어 강한 불로 끓여요. 끓기 시작하면 약한 불로 줄이고 아욱을 넣어 함께 끓여주세요. Tip. 아욱은 살짝만 데치면 되는데, 거품을 걷어내면서 끓여주세요. Step 4 데친 아욱과 소고기를 차례로 꺼내 칼로 잘게 다져주세요. Tip. 소고기와 아욱 삶은 물은 죽 끓일 때 쓰면 아주 좋아요. Step 5 표고버섯은 기둥을 최대한 바짝 잘라내고, 먼지와 이물질을 털어내주세요. Tip. 버섯끼리 착착 부딪히며 털어내면 먼지가 잘 털려요. Step 6 흐르는 물에 살짝 씻은 표고버섯은 물기를 털어내고 칼로 잘게 다져주세요. Step 7 절구에 불린 쌀과 소고기를 각깍 넣고 잘게 으깨주세요. Step 8 저어주며 냄비에 모든 재료를 넣고 강한 불로 끓여요. 끓어오르면 약한 불로 줄여 계속 끓인 후 용기에 담아내주세요.","['고단백', '저칼로리']",한식,일반
9hYxkmRaHFjhJgba46BckLVp,꽃게감정,꽃게 3마리(소) | 다진 쇠고기 100g | 두부 1/6모(50g) | 숙주 50g | 배춧잎 2장 | 무 1/4개(300g) | 애호박 1/3개 | 청고추 1/3개 | 홍고추 1/3개 | 대파 1대 | 쑥갓 한 줌 | 달걀 2개 | 밀가루 적당량 | 다시마 1장(직경 6cm) | 청주 2큰술 | 구운 굵은 소금 약간 | 소금 1/2작은술 | 다진 대파 1큰술 | 다진 마늘 1/2큰술 | 참기름 1/2작은술 | 고추장 1+1/2큰술 | 된장 1큰술 | 고춧가루 1작은술 | 맛술 1큰술 | 다진 마늘 1큰술 | 후춧가루 약간 | 구운 굵은 소금 1/2큰술,"Step 1 꽃게는 흐르는 물에 솔로 문질러 깨끗이 씻고 꽃게의 등딱지를 떼어내어 아가미를 제거하고 집게발도 떼어내주세요. 꽃게를 가위로 4등분 하여 살을 바르고, 게딱지 양쪽 뾰족한 부분은 가위로 잘라주세요. Step 2 냄비에 물 6컵과 다시마, 대파파란 부분, 청주, 게살을 발라낸 껍데기를 넣고 끓여주세요. 물이 끓으면 다시마를 건져내고, 15분정도 더 끓여 국물이 우러나면 건더기를 걸러 육수를 만들어주세요. Step 3 배추와 무는 한 입 크기로 나박 썰기하고 애호박과 대파는 6센치 길이로 자르고 반을 잘라 길이로 썰어주세요. 청고추와 홍고추는 반을 갈라 씨를 털고 길이로 곱게 채를 썰고, 쑥갓은 줄기를 잘라주세요. Step 4 숙주는 끓는 물에 살짝 데쳐 물기를 짠 후 잘게 자르고, 두부는 키친타월에 올려 물기를 제거하고 으깨주세요. 다진쇠고기는 키친타월에 올려 핏물을 빼주세요. Step 5 볼에 게살과 다진 쇠고기, 숙주, 두부, 소 양념을 넣고 잘 치대주세요. Step 6 게딱지 안의 물기를 닦아낸 후 밀가루를 가볍게 묻혀 소를 평평하게 채워 주세요. Step 7 소 위에 밀가루, 달걀물 순으로 묻혀 팬에 약간의 기름을 두르고 약불에서 지져주세요. 팬에 남은 달걀물을 넣고 지단을 부치고 곱게 채를 썰어주세요. Step 8 냄비에 육수 4컵과 무, 집게발을 넣고 끓이다가 무가 익으면 국물양념과 배추, 애호박, 대파, 지져낸 게를 넣고 68분정도 중약불에서 뚜껑을 닫고 끓여주세요.간은 소금을 가감해서 조절해주세요. Step 9 마지막에 쑥갓을 얹고 지단채와 청고추, 홍고추 채를 고명으로 얹어주세요.","['고단백', '저칼로리', '고지방', '고염']",한식,일반
eJEnNtJ4aGe9WoZBMWxHySRp,채끝바비큐꼬치구이,채끝살 스테이크 300g  대파 또는 마늘쫑 1대  단호박 16통  새송이 버섯 2개  방울토마토 6개  적양파 1개  올리브 오일 약간  허브 솔트 약간  꼬치 6개  시판 바비큐 소스 2큰술  맛술 1큰술  간장 1큰술  올리고당 1큰술  토마토케첩 1큰술  다진 마늘 큰술  후춧가루 약간,"Step 1 채끝살은 키친타월로 핏물을 제거 한 후 한 입 크기로 잘라주세요. 허브솔트와 올리브오일을 골고루 발라 밑간을 해주세요. 볼에 바베큐 소스 재료를 넣어 섞어주세요. 바베큐 소스 Step 2 대파는 5센치 길이로 자르고, 단호박은 껍질 째 깨끗이 씻어 대파 길이에 맞춰 한 입 크기로 잘라주세요. 적양파와 새송이 버섯도 비슷한 크기로 잘라주세요. Step 3 꼬치에 새송이버섯  대파  단호박  채끝살  새송이버섯  적양파채끝살대파채끝살새송이 버섯채끝살방울토마토 순서로 끼워주세요. Step 4 달군 팬에 꼬치를 앞 뒤로 노릇하게 구워주세요. 바비큐 소스를 바른 후 맛있게 즐겨주세요.","['저칼로리', '고지방']",양식,일반
URzgJuU3Xhi3ZrvtGPEMfwRz,에어프라이어 두부구이,두부 1모  간장 2큰술  올리브오일 2큰술  후춧가루 약간  소금 1작은술,"Step 1 두부는 키친타월로 물기를 제거한 후 격자무늬로 칼집을 넣고 소금, 후춧가루를 뿌려주세요. 아래 1cm 정도만 남기고 깊이 칼집을 넣어주세요 Step 2 올리브유와 간장을 섞은 후 두부 사이사이에 골고루 뿌려주세요. Step 3 종이호일 위에 두부를 올려 에어프라이기에서 200도로 20분간 구워주세요. Step 4 접시에 구워진 두부를 담아 맛있게 즐겨주세요.","['고단백', '저칼로리', '고염']",다이어트,다이어트
S8HHbjbjnyzt8QRaTmeHD8S7,브로콜리수프,양파 12개  감자 1개  브로콜리 1송이  물 2 컵  생크림 1컵  파마산치즈가루 1큰술  버터 1큰술  소금.후추 약간씩,"Step 1 양파와 감자는 채 썰고 브로콜리는 먹기 좋은 크기로 가지를 나누어주세요. Step 2 달군 팬에 버터를 넣고 감자, 양파를 넣고 약간의 소금, 후춧가루를 뿌려 볶다가 물을 붓고, 중불에서 재료가 무를 때까지 10분 정도 끓여주세요. Step 3 물을 붓고 끓어오르면 브로콜리를 넣어 중간불에서 재료가 무를 때까지 끓여주세요. 한 김 식혀서 블렌더에 부드럽게 갈아주세요. Step 4 냄비에 생크림을 넣고 끓으면 파마산치즈가루를 넣고 소금, 후추로 간을 해주세요. Step 5 그릇에 담아 마무리해주세요.","['고지방', '고염']",양식,일반
3TXKhgm5Epie87aZL4CCpSkS,토마토 치즈돈가스 그라탕,치즈 돈가스 4개  토마토소스 1병600g  물 12컵  양파 12개  마늘 2톨  페퍼론치노 4개  올리브오일 2큰술  파마산 치즈 2큰술  소금 1작은술  후추 약간  파슬리 약간,Step 1 치즈돈가스를 에어프라이어에 넣어 180도에서 23분간 조리해 주세요. Step 2 양파는 작게 썰고 마늘은 편으로 썰어주세요. 파슬리는 작게 다져주세요. Step 3 달군 팬에 올리브오일을 두르고 마늘과 페퍼론치노를 넣어 볶아주세요. 다진 양파를 넣고 갈색빛이 될 때까지 볶다가 소금 1작은술과 후추 약간을 넣어주세요. 토마토소스를 붓고 병에 물을 넣어 나머지 소스까지 모두 부은 후 7분간 중약불에서 끓여주세요. Step 4 오븐용 그릇에 준비된 토마토소스를 붓고 에어프라이어에서 꺼낸 치즈 돈가스를 올려주세요. 파마산 치즈를 골고루 뿌린 후 200도로 예열한 오븐에서 5분 정도 구워주세요. tip. 오븐 사양에 따라 다를 수 있으니 시간을 조정해 주세요 오븐 Step 5 오븐에서 꺼낸 그라탕에 파슬리를 뿌리고 맛있게 즐겨주세요.,"['고지방', '고염']",양식,일반
VUVVwTu5YzZnA4bXcEe7zAQw,해초 김밥,모둠 건 해초 2봉지 (14g) | 두부 ½모 (100g) | 밥 2공기 | 김밥용 김 3장 | 오이 1개 | 당근 ½개 | 식용유 적당량 | 소금 약간 | 들기름 1큰술 | 식초 1큰술 | 설탕 1큰술 | 간장 ½큰술 | 통깨 약간 | 간장 1큰술 | 설탕 ½큰술 | 소금 ½큰술 | 식초 2큰술 | 물 1큰술 | 소금 1작은술,"Step 1 해초는 찬물에 담가 34분간 불려주세요. 불린 해초는 체에 밭쳐 물기를 빼고 해초 양념에 버무려주세요. 해초는 물기를 꽉 짜야 김밥을 말을 때 물이 생기지 않아요 Step 2 두부는 면포에 감싸 물기를 꽉 짜주세요. 달군 팬에 들기름 1큰술을 두르고 물기를 뺀 두부와 두부 양념을 넣고 볶아주세요. Step 3 오이는 얇게 채를 썰어 절임 물에 10분간 절인 후 물기를 꽉 짜주세요. 당근도 채를 썰어 주세요. Step 4 달군 팬에 기름을 약간 두르고 당근을 넣은 후 소금 간을 해 볶아주세요. Step 5 밥에 밥 양념을 넣고 잘 섞어주세요. Step 6 김에 밥을 얇게 펼치고 해초와 두부, 당근, 오이를 넣어 김밥을 말아주세요. Step 7 김밥에 들기름을 바른 후 먹기 좋게 썰어 맛있게 즐겨주세요.","['고단백', '저칼로리', '고지방', '고염']",한식,일반
i6TzH6hZ18ge1AimLwBJXSGA,파개장,소불고기 400g | 대파 7대 | 숙주 380g | 식용유 2큰술 | 참기름 1큰술 | 물 2L | 국간장 2~3큰술 | 참치액젓 4큰술 | 다진 마늘 1큰술 | 고춧가루 3큰술,"Step 1 대파는 길게 채 썰거나 적당한 길이로 썰어주세요. 숙주는 먹기 좋게 반으로 썰어주세요. Step 2 키친타올로 소고기 핏물 제거한 후 먹기 좋게 썰어주세요. Step 3 냄비에 식용유, 참기름을 두르고 소불고기를 넣고 중불에서 3분 정도 볶아주세요. Step 4 고기 색이 변하면 대파를 넣어 강불에서 5분 정도 볶아주세요. 고기 Step 5 대파 숨이 죽을 정도로 볶아졌으면 국간장, 참치액젓을 넣어 센불에서 2분 정도 볶아주세요. 물, 다진 마늘을 넣어 중불로 40분 정도 팔팔 끓여주세요. Step 6 숙주를 넣고 불을 꺼주세요. 그릇에 파개장을 담고 후춧가루를 뿌려 맛있게 즐겨주세요. tip. 고춧가루는 기호에 따라 넣어주세요","['고단백', '고지방', '고염']",한식,일반
eofzHZgYee3PBgiqe5cr91SW,볼로티콩 조개 스프,"홍합살 100g  바지락살 100g  볼로티콩 600g  베이컨 100g  타임 5줄기  이태리 파슬리 5줄기  로즈마리 5줄기  간마늘 1티스푼  양파 100g  당근 100g  샐러리 100g  그라나 파다노 치즈 100g  엑스트라 버진 50ml  토마토소스 200ml  올리브유 약간  소금, 후추 약간","Step 1 양파, 당근, 셀러리를 1cm 크기로 썰고. 베이컨도 1.5cm 길이로 썰어 준 뒤, 팬에 올리브유를 두르고 양파, 당근, 셀러리, 베이컨을 넣고 볶아 주세요. Step 2 채소와 베이컨을 볶은 냄비에 콩을 넣고 물을 잠길 정도로 붓고 끓여주세요. 이때 볼로티콩 대신 병아리콩이나 강낭콩을 사용해도 된답니다. Step 3 허브와 홍합, 바지락, 토마토소스를 넣고 끓여 주세요. Step 4 완성 엑스트라 버진, 그라나 파다노 치즈를 갈아 넣어 마무리 해주세요.","['저칼로리', '고지방']",양식,일반
CdV2mhAVuaLw5EYJ7xwibMEX,마늘종 고추장 볶음,마늘종 250g  소금 약간  식용유 약간  참기름 1큰술  통깨 약간  고추장 큰술  고춧가루 1작은술  간장 1큰술  채수 50mL  올리고당 1큰술,Step 1 마늘종은 4cm 길이로 잘라주세요. 볼에 양념 재료를 넣고 섞어주세요. Step 2 끓는 물에 소금을 넣고 마늘종을 10초 정도 데친 후 찬물에 헹구어 물기를 빼주세요. Step 3 팬에 양념 재료를 넣고 바글바글 끓이다가 데친 마늘종을 넣고 골고루 섞어가며 2분간 볶아주세요. Step 4 불을 끈 후 참기름과 통깨를 뿌려 마무리해 주세요.,"['고지방', '고염']",채식,채식
RetA2S4QgvNZgwTyPXMGtuKm,파래전,파래 50g | 송송 썬 홍고추 1/2개 | 부침가루 1/2컵 | 물 1/2컵 | 소금 약간 | 식용유 적당량,"Step 1 파래에 소금을 넣고 조물조물 비빈 후 찬물에 헹궈 이물질을 제거해주세요. 물기를 꼭 짜주세요. Step 2 파래를 먹기 좋은 크기로 잘라주세요. Step 3 볼에 부침가루, 물, 소금을 넣고 잘 섞어주세요. 파래와 홍고추를 넣어 골고루 섞어주세요. Step 4 달군 팬에 식용유를 두른 후 한 국자씩 떠서 얇게 펴주세요. 중약불에서 앞뒤로 노릇하게 부쳐주세요. Step 5 접시에 담아 기호에 따라 초간장을 곁들여 맛있게 즐겨주세요.",['고염'],한식,일반
evYFwW44rKv9avmGjxvXENYn,카프레제샐러드,토마토 1개  생모차렐라치즈 150g  바질잎 4장  바질 50g3컵  볶은 잣 20g  올리브오일 13컵  마늘 2쪽  파르메산치즈 30g  소금 12작은술  후추 약간,"Step 1 바질페스토 소스 재료를 믹서기에 모두 넣고 갈아주세요. 소독한 병에 냉장 보관하면 34개월 보관가능하세요. Step 2 토마토는 약 0.5cm 정도로 슬라이스하고 모차렐라 치즈도 같은 두께로 슬라이스 해주세요. Step 3 토마토, 치즈, 토마토 순으로 쌓아주시고 바질페스토 소스를 곁들여주세요.",['고지방'],양식,일반
8Qt8DZcE5xzA1ivBiidVmqKm,고추장 달걀 조림,달걀 10개 | 양파 ½개 | 꽈리고추 12개 | 쪽파 1줄기 | 멸치 육수 1컵 | 참기름 약간 | 통깨 약간 | 소금 1작은술 | 식초 1큰술 | 고추장 2큰술 | 고춧가루 1큰술 | 진간장 2큰술 | 설탕 1큰술 | 물엿 2큰술 | 후춧가루 약간,"Step 1 냄비에 달걀이 잠길 정도의 물을 부어준 후 소금과 식초, 달걀을 넣어 약 15분 정도 삶아주세요. 삶아진 달걀은 찬물에 담갔다가 껍질을 벗겨주세요. 실온 상태의 달걀을 사용해야 달걀이 터지지 않도록 삶을 수 있어요 소금은 달걀 껍데기가 잘 벗겨지게 해주는 역할을 하며 식초는 달걀이 깨졌을 때 바로 응고시키는 역할을 한답니다 Step 2 볼에 소스 양념을 넣어 섞어주세요. Step 3 양파는 껍질을 벗긴 후 채를 썰고 쪽파는 송송 썰어주세요. 꽈리고추는 양념이 잘 밸 수 있도록 가운데에 칼집을 넣어주세요. Step 4 냄비에 멸치육수를 넣은 후 양념을 넣어 끓으면 양파와 꽈리고추, 달걀을 넣어 끓여주세요. Step 5 국물이 자작해질 때까지 8분 정도 달걀에 국물을 끼얹어가며 익혀주세요. Step 6 접시에 담은 후 참기름과 통깨, 쪽파를 뿌려 맛있게 즐겨주세요.","['고단백', '고지방', '고염']",한식,일반
YRgxvWoN39y2Lzc4WdiUHFkb,한식 채수,물 2L  양파 2개  대파 2대  마늘 2통  다시마 사방 20cm 15g  건표고버섯 5개 30g  무 개 200g,"Step 1 양파와 대파, 무를 큼직하게 썰어 주세요. tip. 양파와 마늘은 흙이 묻은 겉껍질은 벗기고, 속껍질은 사용해 주세요 Step 2 채소에 물 2L를 부어 강불로 끓이다가 중불로 줄여 30분간 끓여 주세요. tip. 물양이 절반쯤 줄어들 때까지 푹 끓여 주세요 Step 3 충분히 우러나온 채소는 채반에 걸러주세요. tip. 한 김 식힌 후 밀폐 용기에 담아 냉장 또는 냉동 보관하여 사용하면 편리해요. 냉장은 일주일 내로 사용해 주세요. 냉동은 3개월 이내로 사용하는 것이 좋아요",['저칼로리'],채식,채식
rkFSS8rESKr12mLwrBUNcbYS,표고버섯볶음,표고버섯 8개 | 양파 1/2개 | 당근 1/6개 | 청양고추 1개 | 다진마늘 1큰술 | 카놀라유 약간 | 통깨 약간 | 참기름 약간 | 간장 1작은술 | 굴소스 1큰술 | 소금 약간 | 후춧가루 약간,"Step 1 표고버섯은 밑동 부분을 제거한 후 0.5cm두께로 슬라이스해주세요. 양파와 당근은 채썰고, 청양고추는 어슷썰어주세요. Step 2 달군 팬에 오일을 두르고 다진마늘과 양파, 당근을 볶다가, 양파가 투명해지면 표고버섯을 넣어 약 34분 같이 볶아주세요 Step 3 버섯볶음에 양념재료와 청양고추를 넣어 살짝 볶아주세요. 불을 끄고 참기름을 둘러주세요. Step 4 접시에 보기 좋게 담은 후 통깨를 뿌려 마무리해주세요.","['저칼로리', '고지방']",한식,일반
BPptboCJUqGRg1NQRcc9eBwh,메추리알 감자샐러드,메추리알 20알  감자 2개  오이 12개  베이컨 4줄  잎채소 한줌  아몬드 슬라이스 약간  파슬리 약간  마요네즈 4큰술  머스터드 소스 12큰술  올리고당 1큰술  소금 두꼬집  후추 약간,"Step 1 냄비에 메추리알이 잠길 만큼 물을 넣고 약간의 소금과 식초를 넣은 후 끓어오르면 중불로 줄이고, 5분 정도 더 삶고 난 뒤 찬물에 담가 껍질을 벗겨주세요. Step 2 감자와 오이는 사방 2센티 크기로 자르고, 베이컨은 3센티 길이 잘라주세요. Step 3 볼에 드레싱 재료를 넣어 고루 섞어주고 잎채소는 먹기 좋게 자른 후 찬물에 담갔다가 물기를 제거해주세요. Step 4 감자는 끓는 물에 소금을 넣고 68분 정도 삶고 체에 받쳐 식혀주세요. Step 5 달군 팬에 베이컨을 볶은 후 기름기를 제거해주세요. Step 6 볼에 메추리알과 감자, 오이, 베이컨, 드레싱을 넣고 섞어주세요. Step 7 접시에 잎채소를 깔고 메추리알 샐러드를 올린 후 아몬드 슬라이스, 파슬리 가루를 뿌려주세요.","['저칼로리', '고지방', '고염']",양식,일반
E2j2df8YGRLx2mCHgtJ5jN3h,꽁치무조림,꽁치통조림 1캔(400g) | 무 ¼개(300g) | 청양고추 2개 | 홍고추 1개 | 양파 ½개 | 대파 ½대 | 멸치다시마 육수 1+½컵 | 간장 2큰술 | 고춧가루 1큰술 | 고추장 ½큰술 | 맛술 2큰술 | 다진마늘 1큰술 | 설탕 1큰술 | 생강가루 약간 | 후춧가루 약간,"Step 1 무는 껍질을 벗기고 두께 2센치 정도로 반달모양으로 썰고 양파는 굵게 채를 썰어주세요. 청양고추와 홍고추, 대파는 어슷하게 썰어주세요. 볼에 양념재료를 넣어 섞어주세요. Step 2 냄비에 멸치다시마육수와 무를 넣어 5분 정도 끓이다가 양념 재료를 넣어 끓여주세요. Step 3 무가 익으면 꽁치와 통조림 국물 , 양파를 넣고 3분정도 중간불에서 끓여주세요. Step 4 마지막에 대파와 청양고추, 홍고추를 넣어 국물이 자작해 질 때까지 중약불에서 졸여주세요.",['고염'],한식,일반
kyPNFBi4F3dwkT4bWvEP6DXg,접어먹는 채식 김밥,김밥용 김 4장  현미밥 1공기  올리브오일 약간  전분 1큰술  상추 56장  식초 큰술  소금 작은술  두부 1모  표고버섯 4개  당근 피클 1컵  간장 2큰술  물 4큰술  올리고당 1큰술  후춧가루 약간  적양배추 피클 1컵  파프리카 1개  씻은 묵은지 2큰술  비건 마요네즈 2큰술  통깨 1큰술  올리고당 1작은술,"Step 1 두부는 1cm 두께로 썰어 키친타월에 올려 물기를 뺀 후 소금, 후추를 뿌려 간을 해주세요. 버섯은 적당한 두께로 썰어주세요. Step 2 세척한 파프리카는 적당한 두께로 채를 썰어 주세요. 볼에 양념장 재료를 넣고 섞어주세요. Step 3 볼에 묵은지와 비건 마요네즈, 통깨 1큰술, 올리고당 1작은술을 넣어 섞어주세요. tip. 통깨를 부숴 넣으면 더욱 고소해요 Step 4 두부의 겉면에 전분을 입혀주세요. 달군 팬에 기름을 약간 두른 후 두부와 버섯을 넣고 노릇하게 구워주세요. 구운 두부와 버섯에 만들어둔 양념장을 넣어 졸여주세요. Step 5 현미밥에 소금 작은술, 식초 큰술을 넣어 골고루 섞어주세요. Step 6 가위로 김 중앙까지 잘라 주세요. 4면에 상추와 두부, 상추와 당근, 밥을 얇게 펼쳐 넣고 버섯을 올린 후 시계방향으로 접어주세요. Step 7 김에 상추와 적양배추 피클, 상추와 파프리카, 현미밥을 얇게 펼쳐 넣고 묵은지 마요를 올린 후 시계방향으로 접어주세요. tip. 김의 끝부분까지 재료가 들어가야 잘랐을 때 모양이 예뻐요 Step 8 랩으로 감싸 반으로 자른 후 맛있게 즐겨주세요. tip. 랩을 최대한 단단하게 감싸면 내용물이 흘러내리지 않아 먹기 편리해요 tip. 글래드 매직 랩을 사용했어요","['고단백', '저칼로리', '고지방', '고염']",채식,채식
YNGVQHdmG7Pii4Q5TzsSeDbe,쇠고기장조림,쇠고기(우둔 또는 홍두깨살) 600g(1근) | 깐마늘 20개 | 꽈리고추 20개 | 물 6컵 | 파 1대 | 마늘 6쪽 | 양파 1/2개 | 통후추 10알 | 물 4컵 | 진간장 1/2컵 | 맛술 4큰술 | 설탕 2큰술 | 후춧가루 약간,"Step 1 쇠고기는 찬물에 30분1시간 정도 담가 핏물을 빼주세요. 꽈리고추는 깨끗이 씻어 꼭지를 떼고 포크로 구멍을 내주세요. Step 2 냄비에 고기 삶는 물 재료를 넣어 끓이다가, 국물이 끓으면 고기를 넣고 중불에서 30분 정도 삶아 건져주세요. 고기 삶은 물은 버려주세요. 고기 Step 3 냄비에 조림양념 재료를 넣고 끓으면 삶은 고기를 넣고 15분 정도 중약불에서 끓여주세요. tip. 익은 고기를 양념에 넣고 끓여야 고기가 질겨지지 않아요 Step 4 마늘을 넣어 10분 정도 더 끓이고, 꽈리고추를 넣어 3분 정도 더 끓인 후 불을 꺼주세요. Step 5 장조림은 한 김 식힌 후 그릇에 담아 보관해주세요. Step 6 장조림 고기는 미리 찢어 두지 않고, 먹을 때 마다 결대로 먹기 좋게 찢어 내면 간이 세지지 않게 보관할 수 있답니다.",['고염'],한식,일반
rD9MEMS3R8k4K9tL2eYeFQcm,유부 잔치국수,소면 200g | 유부 4장 | 당근 ¼개 | 미나리 반 줌 | 양파 ¼개 | 청양고추 1개 | 홍고추 1개 | 채수 6컵 | 소금 약간 | 식용유 약간 | 국간장 1큰술 | 소금 ½작은술 | 후추 약간 | 간장 3큰술 | 맛술 1큰술 | 다진 마늘 ½큰술 | 고춧가루 ½작은술 | 후춧가루 약간,"Step 1 채수에 국물 양념 재료와 유부를 넣고 한소끔 끓여 주세요. 채수를 내고 남은 표고버섯은 채를 썰어 고명에 사용해도 좋아요 채수는 국물의 깊은 맛을 내줘요. 채수가 없다면 다시마와 표고를 끓인 물로 대체해 보세요 Step 2 깨끗이 씻은 미나리는 끓는 물에 3분간 데친 후 찬물에 헹궈 물기를 짜주세요. Step 3 청,홍고추와 양파는 송송썰고 당근은 채를 썰어주세요. 데친 미나리는 4cm 길이로 썰어주세요. Step 4 달군 팬에 기름을 두르고 채를 썬 당근에 소금 약간 넣어 볶아주세요. Step 5 끓는 물에 소면을 펼쳐 넣고 물이 끓어오르면 23번 찬물을 넣어 국수를 삶고 찬물에 헹궈 사리를 지어주세요. Step 6 송송 썬 고추와 양파에 양념 간장 재료를 섞어 양념장을 만들어주세요. Step 7 국수 사리를 그릇에 담고 미나리와 당근, 양념장을 올리고 국물을 부어주세요 기호에 따라 김가루나 송송 썬 김치를 올려 먹어도 좋아요","['저칼로리', '고지방', '고염']",한식,일반
N1jzm9yw6xeLY7sCsh5Ef3eW,어묵 김밥,밥 2공기 | 어묵 5장 | 청양고추 4개 | 달걀 4개 | 묵은지 200g | 김밥용 김 3장 | 식용유 적당량 | 참기름 1큰술 | 설탕 ½큰술 | 소금 1작은술 | 맛술 1큰술 | 물 ¼컵 | 간장 2큰술 | 고춧가루 2큰술 | 다진 마늘 1큰술 | 올리고당 2큰술 | 물 3큰술 | 참기름 ½큰술 | 고춧가루 1큰술 | 김치 국물 3큰술 | 물 ½컵 | 올리고당 1큰술 | 소금 두 꼬집 | 볶은 통깨 약간,"Step 1 어묵은 먹기 좋게 채를 썰고, 청양고추는 반을 갈라서 씨를 뺀 후 다져주세요. Step 2 볼에 어묵 양념 재료를 넣어 섞어주세요. 볼에 달걀과 달걀 양념 재료를 넣어 섞어주세요. Step 3 달군 팬에 식용유를 두른 후 달걀 물을 부어 얇게 지단을 만들어주세요. 한 김 식힌 후 가늘게 채 썰어주세요. Step 4 달군 팬에 식용유를 두른 후 길게 썬 김치와 김치 양념 재료를 넣어 김치를 볶아주세요. Step 5 달군 팬에 식용유를 두른 후 어묵을 볶다가 어묵 양념장과 썰어 둔 고추를 넣어 볶고 마지막에 깨를 뿌려주세요. Step 6 볼에 밥 양념 재료를 넣어 밥 양념을 해주세요. Step 7 김밥 김에 밥을 얇게 펼친 후 위에 어묵볶음과 볶은 김치, 달걀지단을 올려 돌돌 말아주세요. 기호에 따라 단무지나 다른 야채를 넣어 함께 말아 드셔도 좋아요 Step 8 김밥에 참기름을 바른 후 먹기 좋은 크기로 잘라 맛있게 즐겨주세요.","['고단백', '저칼로리', '고지방']",한식,일반
x4iMgjvB6vEuh3LnBRBWpffa,비건 딸기 아이스크림,두유 300g  레몬즙 30g  아가베 시럽 140g  냉동 딸기 150g  완숙 바나나 40g  코코넛 크림 200g,"Step 1 코코넛 크림, 냉동 딸기, 완숙 바나나, 아가베 시럽, 두유, 레몬즙을 믹서기로 곱게 갈아주세요. Step 2 시간 이상 얼린 후 큐브 모양으로 썰어 푸드프로세서로 곱게 갈아주세요. tip. 아이스크림 메이커가 있다면 더욱 간편하게 만들 수 있어요. Step 3 용기에 담아 냉동실에서 6시간 정도 얼려 주세요.","['고지방', '고당']",채식,채식
Jvkp6NWogemZ4ktEE5zvEYUs,깐풍기와 양상추쌈,닭다리살 350g  전분가루 70g  계란 1개  건고추 1개  양상추 80g 약 14개  다진 홍고추 7g  다진 풋고추 7g  다진마늘 16g  다진대파 45g  다진생강 9g  간장 7g  미림 7g  설탕 5g  청주 15g  소금 한 꼬집  후춧가루 약간  간장 15g  설탕 25g  식초 15g  청주 30g,"Step 1 닭다리살을 가로세로 2cmx2cm 깍뚝썰기하여 닭다리살양념장, 전분가루, 계란흰자, 물 2큰술을 버무려 주세요. 잘 버무려지지 않을 땐 물을 한 큰술 정도 더 넣어 주세요. Step 2 기름을 넉넉히 두른 팬에 버무린 닭다리를 넣고 중불에서 5분간 튀기듯 구워주세요. 기름이 튈 수 있으니 조심하세요 Step 3 구운 닭다리는 식힘 망에 덜어 두고, 팬을 닦은 후 기름을 한 큰술 두른 팬에 건고추를 6등분 하여 중불에서 10초간 볶아 주세요. Step 4 건고추를 볶던 팬에 다진 홍고추, 다진 풋고추, 다진 마늘, 다진 대파, 다진 생강을 넣고 중불에서 1분간 볶아 주세요. 매운 냄새가 날 수 있답니다. 주의하세요 Step 5 각종 향신채마늘, 대파, 생강 등를 볶던 팬에 양념장을 넣고 중불에서 20초간 끓이다 구워 놓은 닭다리를 중불에서 10초간 버무려 주세요. Step 6 양상추는 쌈으로 먹기 좋게 준비하여 씻은 후 탈탈 털고 완성된 깐풍기와 곁들여 요리를 완성해 주세요.","['고단백', '고지방']",중식,일반
1HGYZE7L4CV1FxFqLiDYzKnz,연어장과 연어덮밥,생연어 600g  양파 1개  홍고추 2개  청양고추 3개  레몬 12개  가츠오부시 12컵  간장 1컵  맛술 12컵  물 112컵  설탕 1큰술  양파 12개  대파 12대  마늘 3쪽  생강마늘 2쪽 사이즈 1쪽  마른고추 1개  통후추 10알,"Step 1 간장물 재료의 야채들을 큼직하게 썰어 가츠오부시를 제외한 간장물 재료들과 냄비에 넣고, 끓으면 약한불로 줄여 15분 정도 더 끓인 후 가츠오부시를 넣고 불을 꺼주세요. 2분 후에 체로 건더기를 걸러내고 식혀주세요. Step 2 양파는 굵게 채썰고, 홍고추와 청양고추는 송송 썰어주세요. 레몬은 반달링으로 썰어주세요. Step 3 연어는 맛술 1큰술을 뿌린 후 키친타월로 물기를 닦고, 먹기 좋은 두께로 썰어주세요. Step 4 밀폐용기에 연어를 담은 후 손질한 야채를 올리고, 식혀 놓은 간장물을 부어주세요. Step 5 연어장을 냉장고에 넣어 5시간 정도 숙성시켜주세요. 냉장보관해서 이틀 정도 안에 드시는 것이 맛있답니다 Step 6 연어 덮밥으로 드실 경우, 무순은 끝 부분을 자른 후 깨끗이 씻어 준비하고 양파는 곱게 채썰어 찬물에 5분 정도 담갔다가 물기를 제거해주세요. Step 7 그릇에 밥을 봉긋하게 담고 연어장을 돌려 담은 후 무순과 양파채, 와사비를 올려주세요.","['고단백', '고염']",일식,일반
T6u2WX53iEEm8pdQJhSGDJb9,두부두루치기,두부 1모(300g) | 돼기고기(목살) 200g | 신김치 ½컵 | 대파 ¼대 | 양파 ½개 | 홍고추 1개 | 청양고추 1개 | 참기름 ½큰술 | 통깨 약간 | 식용유 적당량 | 멸치 다시마 육수 1컵 | 고추장 2큰술 | 고춧가루 2큰술 | 맛술 2큰술 | 간장 1큰술 | 굴소스 ½큰술 | 설탕 1큰술 | 다진마늘 1큰술 | 생강가루 약간 | 후춧가루 약간,"Step 1 김치와 두부, 양파를 한 입 크기로 먹기 좋게 썰고 대파와 홍고추, 청양고추는 어슷하게 썰어주세요. 볼에 양념 재료를 넣고 섞어 양념장을 만들어주세요. Step 2 돼지고기는 먹기좋은 크기로 자른 후 양념장 12을 넣어 10분 정도 재워주세요. Step 3 달군 팬에 기름을 넣고 물기를 제거한 두부를 넣어 앞뒤로 구워 준비해주세요. Step 4 달군 팬에 기름을 넣고 김치를 넣어 중약불에서 볶다가 양념한 돼지고기와 양파를 넣어 볶아주세요. Step 5 돼지고기가 익으면 남은 양념장과 멸치 다시마 육수를 넣어 끓이고 국물이 자작해지면 구운 두부와 대파, 홍고추, 청양고추를 넣고 양념이 골고루 베이도록 끓여주세요. Step 6 마지막에 참기름과 통깨를 뿌려 마무리해주세요.","['고단백', '저칼로리', '고지방']",한식,일반
bsU9WBp3xz5CEKJmpXTFRMf3,나물 김밥,시금치나물 100g | 고사리나물 100g | 콩나물 100g | 고추 장아찌 10개 | 현미밥 2공기 | 김밥용 김 3장 | 달걀 3개 | 식용유 적당량 | 소금 약간 | 통깨 약간 | 참기름 1큰술 | 소금 ½큰술,"Step 1 나물은 꽉 짜서 물기를 제거해 주세요. 고추 장아찌는 길게 채를 썰어 주세요. tip. 명절에 남은 도라지나물 또는 숙주나물 등을 활용해도 좋아요 숙주나물 Step 2 달걀에 소금을 약간 넣은 후 얇게 부쳐내고, 한 김 식혀 채를 썰어주세요. Step 3 볼에 밥과 밥 양념 재료를 넣고 섞어주세요. tip. 나물에 이미 간이 충분하다면 밥에 간을 생략하셔도 좋아요 Step 4 김발에 김을 올리고 밥을 고루 편 후, 나물과 고추 장아찌, 달걀 지단을 올려 김밥을 말아주세요. Step 5 김밥을 먹기 좋게 썰어 접시에 담아 통깨를 뿌린 후 맛있게 즐겨주세요.","['고단백', '고염']",한식,일반
sv8tFE9ttydEX2Wc4KxRjoEH,알탕,대구알 또는 명란 (200g) 7개 | 고니 100g | 미더덕 또는 오만둥이 1/2컵 | 무 1/6개 | 양파 1/2개 | 미나리 반줌 | 대파 1/2대 | 청양고추 1/2개 | 홍고추 1/2개 | 두부 1/2모 | 멸치다시마육수 5컵 | 고춧가루 2큰술 | 고추장 1작은술 | 다진마늘 1큰술 | 생강즙 1/2큰술 | 참치액젓 1큰술 | 소금 약간 | 후춧가루 약간,"Step 1 찬물 2컵에 소금 1큰술을 넣어 대구알과 고니, 오만둥이를 살살 씻어 건져내주세요. Tip. 고니는 살색이 돌면서 하얀색을 띄는 것이 좋아요. Step 2 무는 납작하게 나박썰기하고, 양파는 채썰고, 미나리는 5센치 길이로 썰어주세요. 대파와 청양고추, 홍고추는 어슷썰어주세요. 두부는 한입크기로 썰어주세요. Step 3 볼에 양념장 재료를 섞어주세요. Step 4 냄비에 다시마육수를 넣고 끓으면 무를 넣어 반쯤 익혀주세요. Step 5 약불로 줄인 후 고니, 대구알, 오만둥이를 넣은 후 중불에서 3분 정도 익히고 양념장을 넣어주세요. Tip.강불에서 알을 넣으면 터질 수 있어서 약불로 줄인 후 넣어 주는 것이 좋아요. Step 6 한소끔 끓으면 두부와 썰어 둔 야채를 넣어 3분 정도 끓이다가 불을 끈 후 미나리를 넣어 마무리해주세요. 부족한 간은 소금이나 새우젓으로 가감해주세요. Step 7 따뜻한 밥과 함께 즐겨주세요.","['고단백', '저칼로리', '고염']",한식,일반
1p89E4q79WvuoGRKFZdzUVMv,고등어덮밥,순살 고등어 2쪽  양배추 통  적양파 개  실파 2줄기  연와사비 약간  레몬 생략 가능 약간  잎채소 약간  밥 2공기  식용유 적당량  맛술 1큰술  소금 약간  후춧가루 약간  물 컵  간장 2큰술  물엿 2큰술  설탕 1큰술  맛술 2큰술  생강 가루 한꼬집,"Step 1 고등어는 밑간 재료에 10분 정도 재운 후 키친타올에 올려 물기를 제거해 주세요. Step 2 양배추는 얇게 채를 썰고 적양파는 얇게 링으로 썰어 찬물에 10분 정도 담갔다가 물기를 빼주세요. 잎채소는 깨끗이 씻어 물기를 빼고 실파는 송송 썰어주세요. 볼에 데리야키 소스 재료를 넣어 섞어주세요. 데리야키 소스 Step 3 달군 팬에 약간의 기름을 두르고 고등어를 올려 앞 뒤로 노릇하게 구운 후 키친타올에 올려 기름을 빼 주세요. Step 4 팬에 데리야키 소스를 넣고 바글바글 끓으면 구운 고등어를 넣어 앞 뒤로 뒤집어가며 졸여주세요. Step 5 그릇에 밥을 담고 데리야키 소스 1큰술을 얹고 고등어와 양배추, 잎채소, 적양파, 연와사비, 레몬을 얹고 송송 썬 실파를 뿌려주세요",['일반'],일식,일반
cwxCBWY6FPuWmxphApMqfUTX,하드코어 주스,샐러리 3대  오이 1개  레몬 1개  코코넛워터 2컵,"Step 1 깨끗이 씻은 샐러리와 오이는 갈기 좋은 크기로 잘라주세요. 레몬은 겉 껍질을 벗긴 후 씨 부분을 제거해 주세요. tip. 레몬의 하얀 껍질에는 비타민이 풍부해 면역력과 각종 호흡기질환 예방에 도움이 되기 때문에 겉껍질만 살짝 벗겨 사용해 주세요 Step 2 블렌더에 샐러리, 오이, 레몬, 코코넛워터를 넣어 갈아주세요. Step 3 컵에 담아 맛있고 건강하게 즐겨주세요.",['저칼로리'],다이어트,다이어트
Si2jpsbksW1mBpqWzf31LYPj,가지탕수,"가지 2개  파프리카빨강, 노랑 12개씩  양파 14개  적양파 14개  튀김가루 12컵  소금 약간  후추 약간  차가운 물 13컵  간장 2큰술  올리고당 3큰술  식초 3큰술  설탕 2큰술  물 12컵  물 2큰술  전분가루 1큰술","Step 1 가지와 양파, 적양파, 파프리카빨강, 노랑는 한입크기로 잘라주세요. Step 2 볼에 튀김 반죽 재료를 넣어 섞고, 가지에 약간의 소금, 후추로 밑간을 한 후 튀김가루튀김반죽 순으로 묻혀 160도로 달군 기름에 바삭하게 튀겨주세요. Step 3 팬에 소스양념을 넣은 후 바글바글 끓어오르면 양파와 적양파, 파프리카를 넣어 1분 정도 더 끓여주세요. Step 4 녹말물을 조금씩 넣으면서 골고루 저어주고, 농도가 걸쭉해지면 불을 꺼주세요. Step 5 접시에 튀긴가지를 담고 소스를 곁들여주세요.","['고지방', '고염']",중식,일반
MZk7BWBcJASBWduCMMHUVju1,굴무밥,불린 쌀 200g | 생굴 100g | 무우 100g | 물 ½컵 | 진간장 2큰술 | 들기름 1큰술 | 굵은 고춧가루(맵지 않은 것) 1큰술 | 물 2큰술 | 다진마늘 약간 | 쪽파(또는 달래) 약간 | 통깨 약간 | 후추 약간 | 매실액 약간,"Step 1 쌀은 불려서 준비해 주세요. 무는 굵직하게 5cm 길이로 채 썰고, 쪽파는 송송 썰어 두세요. Step 2 냄비 또는 전기밥솥에 불린 쌀과 채 썬 무, 물을 넣고 센 불에서 밥을 지어주세요. 끓어오르면 뚜껑을 닫고 중불로 10분 정도 더 익혀주세요. Step 3 냄비가 끓어 김이 오르면 불을 끄고 굴을 넣은 뒤 뚜껑을 덮고 10분간 뜸을 들여주세요. Step 4 분량의 재료들을 모두 섞어서 양념장을 만들어 주세요. Step 5 완성 그릇에 덜어 맛있게 즐기세요. Tip. 쌀은 깨끗이 씻어 30분간 물에 불린 후 물기를 빼주세요. 굴은 소금물에 흔들어 헹궈주거나 무 즙을 갈아서 섞어 두었다가 헹궈주면 좋아요.",['고염'],한식,일반
W2exMwa9yKgXDX6hfdySpY6V,표고 미역국,건미역 또는 불린 미역 15g 또는 1컵  건표고 46개  다시마 물 4컵  표고버섯 불린 물 3컵  들깨가루 1큰술  들기름 1큰술  국간장 1큰술  맛술 1큰술  다진 마늘 큰술  소금 작은술  후춧가루 약간,Step 1 불린 미역은 먹기 좋은 크기로 잘라주세요. 불린 표고버섯은 얇게 슬라이스 해주세요. tip. 찬물에 건미역을 넣고 20분 정도 불리고 깨끗하게 헹군 후 사용해 주세요 tip. 흐르는 물에 건표고를 헹군 후 20분 정도 불려 사용해 주세요 Step 2 달군 냄비에 들기름을 두르고 미역과 표고버섯을 넣고 중약불에서 3분 정도 볶다가 다시마 물과 표고버섯 불린 물을 넣고 끓여주세요. Step 3 국물 양념 재료와 들깨가루를 넣고 10분 정도 끓여주세요. Step 4 기호에 따라 소금으로 간을 맞춰 맛있게 즐겨주세요. tip. 표고를 진하게 우릴수록 국물의 감칠맛이 올라가요,"['저칼로리', '고지방', '고염']",채식,채식
roE6Y46GuNMCxMmVtZgz2BdW,채식 백김치,배추 개 700g  무 개 400g  쪽파 한 줌 100g  파프리카 생략 가능 1개  배 개  사과 개  마늘 3쪽  생강 1쪽  굵은 소금 4큰술  물 1L  다시마 1010cm 1장  찹쌀가루 1큰술  다시마 물 1컵,"Step 1 배추의 밑동에 칼집을 넣어 사 등분 한 후 깨끗이 씻어 한입 크기로 썰어주세요. 무는 나박 썰어주세요. tip. 배추의 심지는 얇게 저며 함께 절여주세요 Step 2 배추와 무에 굵은 소금 2큰술을 뿌려 20분 정도 살짝 숨이 죽을 정도로 절여주세요. Step 3 냄비에 물과 다시마를 넣어 팔팔 끓인 후 다시마는 건져낸 후 식혀주세요. Step 4 냄비에 찹쌀풀 재료를 넣고 잘 섞어준 후 중약불에서 저어가며 끓이다가 묽고 끈적한 농도가 나면 불을 끄고 식혀주세요. Step 5 파프리카는 씨를 빼고 얇게 채를 썰어주세요. 배와 사과는 껍질째 나박 썰어주세요. 쪽파는 4cm 길이로 썰어주세요. 마늘과 생강은 편썰어주세요. Step 6 볼에 굵은 소금 2큰술과 식힌 다시마 물과 찹쌀풀을 넣고 섞어 국물을 만들어 주세요. Step 7 소독한 유리병에 절인 배추와 무, 배와 사과, 마늘, 생강, 파프리카를 켜켜이 넣은 후 국물을 부어주세요. Step 8 실온에서 하루 정도 숙성시킨 후 냉장고에 넣어주세요. tip. 12달 이내로 드시는 것이 좋아요",['고염'],채식,채식
h16zSm9ki37cvtpz42n87wgP,마늘볶음밥과 단호박짜장소스,밥 2공기  마늘 10쪽  쪽파 5줄기15g  카놀라유 4술  소금 약간  돼지고기 등심 100g  설탕 술  단호박작은 사이즈 개80g  감자 1개  당근 약간30g  적양파 개  춘장 술30g  생수 250ml  짜장가루 2술  후추 약간  다진 마늘 술  맛술 1술,"Step 1 달군 팬에 카놀라유를 두른 뒤 슬라이스한 마늘을 넣어 굽고 밥, 송송 썬 쪽파를 넣어 볶은 뒤 소금으로 간을 해주세요. Step 2 달군 새 팬에 올리브유를 두르고 미리 10분간 밑간에 재워 둔 돼지고기 등심을 2cm 크기로 썰어 넣어 중불에서 2분간 볶아주세요. Step 3 적양파를 넣어 중약불에서 2분간 볶은 뒤 단호박, 감자, 당근을 넣고 3분 더 볶아주세요. Tip. 단호박 껍질에는 칼슘이 많아 골다공증 예방에 좋고 피로 회복, 항암효과가 있어요 Step 4 춘장을 넣고 1분간 볶은 뒤 짜장물을 넣어 중약불에서 뚜껑을 덮고 78분간 눌러붙지 않게 저으면서 끓인 뒤 설탕을 넣고 볶아주세요. Step 5 완성 미리 만들어 둔 마늘볶음밥에 단호박짜장소스를 곁들여 담으면 완성이랍니다.","['고단백', '고염', '고당']",중식,일반
ocKuLDEMKsj6hpLzoaRwHEDs,크루아상 크래미샌드위치,크루아상 3개  크래미 6줄  양파 16개  오이피클 40g  토마토 1개  치커리 또는 잎채소 한 줌  머스터드 약간  마요네즈 2큰술  허니 머스터드 12큰술  올리고당 12큰술  소금. 후추 약간씩,"Step 1 양파와 오이피클은 잘게 다지고, 토마토는 링으로 썰어 약간의 소금과 후추로 밑간을 해주세요. Step 2 볼에 소스재료를 넣어 섞고, 크루아상은 반으로 잘라주세요. Step 3 크래미를 먹기 좋게 찢은 후 다진 양파와 오이피클, 소스재료와 함께 볼에 넣고 고루 섞어 크래미 샐러드를 만들어주세요. Step 4 크루아상의 양쪽 면에 머스터드를 얇게 펴 바르고, 빵치커리크래미 샐러드토마토링빵 순으로 얹어 크래미 샌드위치를 만들어주세요. Step 5 완성된 샌드위치를 예쁜 그릇또는 나무 도마에 올려 내어주세요.","['저칼로리', '고염']",양식,일반
Kp4dGbK9Zp3wUdL7rJTPDxJG,고수 페스토 크림파스타,고수 페스토 4큰술  파스타 면 180g  새우 6마리  고수 반 줌  생크림 300mL  소금 약간  후춧가루 약간  식용유 약간,"Step 1 끓는 물에 소금과 면을 넣고 1012분간 삶아낸 후 채반에 덜어 주세요. Step 2 달군 팬에 기름을 두른 후 새우를 넣어 소금, 후춧가루로 간을 하여 볶아주세요. Step 3 볶은 새우에 고수 페스토와 생크림을 넣어 약불에서 섞어주세요. 기포가 올라오면 파스타면을 넣고 섞어주세요. 기호에 따라 페스토 양을 가감해 주세요 Step 4 완성된 파스타를 접시에 담고 고수잎, 파마산치즈가루, 빵 등을 곁들여 맛있게 즐겨주세요.","['고단백', '고지방', '고염']",양식,일반
6a2TPSB7SApLmpW7gxjyEaEP,채식 순두부찌개,잘게 썬 배추김치 신김치 컵  순두부 1봉  애호박 개  표고버섯 2개  대파 대  양파 개  청양고추 1개  다시마 물 3컵  고추기름 2큰술  소금 작은술  고춧가루 1큰술  맛술 1큰술  국간장 1큰술  다진 마늘 1큰술  후춧가루 약간  들기름 1작은술,"Step 1 양파는 채를 썰어주세요. 애호박은 먹기 좋게 나박 썰고 청양고추와 대파는 어슷하게 썰어주세요. 표고는 채를 썰어주세요. Step 2 볼에 양념 재료를 넣어 섞어주세요. Step 3 냄비에 고추기름과 대파 반을 넣고 중약불에서 달달 볶다가 파 향이 올라오면 양파, 김치 순서로 넣어 볶아주세요. Step 4 다시마물을 붓고 양념장과 애호박과 표고버섯을 넣고 5분 정도 끓이다가 순두부를 넣고 끓여주세요. Step 5 마지막에 청양고추와 대파를 넣고 한소끔 끓여 맛있게 즐겨주세요. tip 소금을 가감해서 간을 조절해 주세요.","['고단백', '저칼로리', '고지방', '고염']",채식,채식
1qqGn6ygBbDDtKep34UrrHPx,갈릭버터새우구이,새우 20마리  마늘 6쪽  레몬 1개  아스파라거스생략 가능 5대  미니 양배추생략 가능 4개  맛술 1큰술  파슬리가루 약간  소금 한꼬집  후춧가루 약간  파마산 치즈 블럭 약간  버터녹인 버터 2큰술  다진 마늘 1큰술  레드페퍼 한꼬집,"Step 1 새우는 머리를 떼고 꼬리 한마디만 남기고 껍질을 벗긴 후 내장을 제거해주세요. 손질한 새우는 레몬즙과 맛술, 소금, 후춧가루를 뿌려 5분정도 밑간 해주세요. Step 2 볼에 양념재료를 넣어 섞은 후, 새우를 넣고 섞어주세요. Step 3 레몬은 링으로 자르고, 아스파라거스는 밑동을 자른 후 필러로 껍질을 벗겨 2등분해주세요. 미니 양배추는 반으로 잘라주세요. Step 4 오픈 팬에 양념한 새우와 레몬, 마늘, 아스파라거스, 미니 양배추를 올린 후 야채에 올리브오일, 소금, 후춧가루를 뿌려 180도로 예열된 오븐에 넣어 15분 정도 구워주세요. 에어프라이어를 사용할 때는 180도에서 10분, 뒤집어서 5분 정도 구워주세요. 올리브오일 Step 5 갈릭버터새우구이에 파마산치즈블럭을 갈아 뿌려 즐겨주세요.","['고단백', '저칼로리', '고지방', '고염']",양식,일반
ZpPmCXsRTNydMf2pkqR13HzH,멍게비빔밥,멍게 120g | 부추 한 줌(30g) | 청양고추 1개 | 밥 2공기 | 다진 마늘 1큰술 | 소금 1/2작은술 | 참기름 2큰술 | 깨소금 2큰술,"Step 1 손질된 멍게는 먹기 좋은 크기로 잘라주세요. Step 2 쪽파와 청양고추는 송송 썰어주세요. Step 3 볼에 멍게, 양념 재료, 쪽파, 청양고추를 넣어 섞어주세요. Step 4 그릇에 밥을 담은 후 멍게를 듬뿍 올려주세요. tip. 기호에 따라 김가루를 뿌려 맛있게 즐겨주세요",['일반'],한식,일반
w4hNTXoyHQd2bSXTXiC67stM,봄동된장무침,봄동(200g) 1포기 | 홍고추 1/2개 | 소금 약간 | 통깨 약간 | 된장 1큰술 | 고추장 1/2작은술 | 다진마늘 1작은술 | 다진파 1/2큰술 | 설탕 1/2큰술 | 참기름 1큰술,"Step 1 봄동의 밑동을 자른 후 흐르는 물에 담가 여러 번 흔들어 씻고, 홍고추는 송송 썰어주세요. Step 2 끓는 물에 약간의 소금을 넣고, 손질한 봄동을 넣어 2분 정도 데쳐 찬물에 헹궈주세요. Step 3 물기를 적당히 짠 후 먹기 좋은 길이로 잘라주세요. Step 4 볼에 데친 봄동과 홍고추, 양념을 넣고 조물조물 무쳐주세요. Step 5 접시에 봄동된장무침을 담고 통깨를 뿌려 마무리해주세요.",['고염'],한식,일반
nU6JuL8k4t2nrenMQe85AoU4,일본식주먹밥,밥 2공기  다진 쇠고기 100g  취나물 한 줌  단무지 2줄  우메보시 5개  참기름 1큰술  소금 12작은술  통깨 12작은술  간장 1큰술  참기름 12큰술  설탕 12큰술  후추 약간  다진 마늘 1작은술,"Step 1 취나물은 끓는 물에 소금을 넣고 살짝 데쳐 찬물에 헹굽니다. Step 2 다진 쇠고기는 키친타월로 핏물을 제거하고 양념을 한 후 달군 팬에 볶아주세요. 취나물과 단무지는 물기를 꼭 짜서 다지고 우메보시는 씨를 제거하여 잘게 다져주세요. Step 3 밥에 참기름, 소금, 통깨를 넣어 골고루 버무린 후 반은 취나물, 단무지를 넣어 섞고 반은 우메보시를 넣어 섞어주세요. Step 4 밥을 주먹 크기로 뭉친 후 볶은 쇠고기를 넣고 삼각형 모양으로 만들어주세요. Step 5 그릇에 담아 마무리해주세요.",['고염'],일식,일반
JULpPTa6pChadCnh2zc7eSm1,당근주스,당근 1kg  물 1컵  올리브오일 2큰술  레몬즙 3큰술,"Step 1 당근은 적당한 크기로 썰어주세요. Step 2 당근을 냄비에 넣고 20분간 쪄주세요. 찜기에 찌거나 냄비에 물 소량을 넣어 뚜껑을 닫아 익혀주세요 Step 3 블렌더에 찐 당근과 올리브오일, 레몬즙, 물을 넣어 곱게 갈아주세요. Step 4 완성된 당근주스를 컵에 따라 맛있게즐겨주세요.","['저칼로리', '고지방']",채식,채식
6PbCE13cY1QmPEjMTAfiZJ8m,주꾸미덮밥,주꾸미 8마리(400g) | 양파 1개 | 당근 1/4개 | 대파 1/2대 | 청양고추 1개 | 홍고추 1개 | 실파 2대 | 세발나물 한줌 | 밥 2공기 | 밀가루 1큰술 | 참기름 1큰술 | 통깨 약간 | 식용유 적당량 | 고춧가루 3큰술 | 고추장 2큰술 | 간장 2큰술 | 맛술 2큰술 | 설탕 1큰술 | 다진마늘 1큰술 | 생강가루 1/4작은술 | 후춧가루 약간,"Step 1 주꾸미는 머리 부분을 뒤집어 먹통과 내장을 떼어낸 후, 굵은소금과 밀가루를 넣고 문질러 씻어주세요. Step 2 끓는 물에 청주와 소금을 넣고, 손질한 주꾸미를 넣어 10초 정도 살짝 데쳐서 먹기 좋은 크기로 자른 후 양념 재료에 재워주세요. Step 3 양파는 굵게 채를 썰고 당근은 먹기 좋게 썰어주세요. 대파와 홍고추, 청양고추는 어슷하게 썰고 세발나물은 먹기 좋게 잘라 깨끗이 씻고 실파는 송송 썰어주세요. Step 4 달군 팬에 식용유를 두르고 대파를 볶고, 향이 올라오면 양파와 당근을 넣어 볶다가 양념한 주꾸미와 홍고추, 청양고추를 넣고 고루 섞이도록 빠르게 볶아주세요. 마지막에 참기름과 통깨를 뿌려주세요. Step 5 볼에 밥을 담은 후 세발나물과 주꾸미볶음을 얹고, 송송 썬 실파와 통깨와 뿌려주세요.","['고지방', '고염']",한식,일반
VKknfJkfuLkp8MDiTY1SZCCS,봉골레파스타,스파게티 160g  바지락 500g  마늘 5쪽  방울토마토 6개  양파 12개  페페론치노 또는 건고추 2개 4개  이태리파슬리 약간  올리브오일 5큰술  화이트와인 13컵  스파게티 삶은물 14컵  소금. 후추 약간씩,"Step 1 바지락은 흐르는 물에 비벼 깨끗이 씻은 후 약간의 소금을 넣은 물에 담가 해감해주세요. Step 2 마늘은 편으로 썰고 방울토마토를 2등분 한 후 양파, 페페론치노, 이태리파슬리는 굵게 다져주세요. Step 3 물 8컵에 굵은 소금 12큰술을 넣어 스파게티면을 6분 정도 삶고, 넓은 그릇에 펼친 후 올리브오일을 뿌려주세요. 면 삶은 물 14컵은 남겨두세요. Step 4 팬에 올리브오일을 두르고 마늘을 넣고 살짝 볶다가 양파와 페페론치노를 넣은 후 약간의 소금과 후추로 밑간하여 1분 정도 볶아주세요. Step 5 바지락과 화이트와인, 면 삶은 물을 넣어 조개 입이 벌어질 때까지 끓여주세요. 삶은 스파게티 면을 넣고 12분 정도 볶아주세요. Step 6 방울토마토를 넣고 살짝 볶아주다가 약간의 소금과 후추로 간을 하고 이태리파슬리와 올리브오일을 뿌려주세요.","['고지방', '고염']",양식,일반
y46bPtqFvcNTJu7vi8yjQqFZ,파스타샐러드,파스타 1 컵  오이 12개  방울토마토 6개  블랙올리브 5개  샐러드용 잎채소 약간  올리브오일 2큰술  굵은 소금 12큰술  파르메산치즈 약간  스위트칠리소스 4큰술  간장 1큰술  올리브오일 1큰술  식초 1큰술  소금 한 꼬집  후추 약간,"Step 1 오이는 반달 모양으로 썰고 방울토마토, 블랙올리브는 이등분합니다. 잎채소는 먹기 좋은 크기로 자른 후 찬물에 담갔다 물기를 제거해주세요. Step 2 끓는 물에 굵은 소금과 올리브오일 1큰술을 넣고 파스타를 10분간 삶은 후 체에 밭쳐 물기를 뺀다. 파스타에 올리브오일 1큰술을 넣어 버무린 후 식혀둔다. Step 3 볼에 파스타와 STEP1을 넣고 드레싱 재료를 잘 섞어서 뿌린 후 가볍게 버무려줍니다. Step 4 완성된 요리를 그릇에 담고 파르메산치즈를 뿌려줍니다.","['저칼로리', '고지방', '고염']",양식,일반
8nrMEFd4P3gbJ8BF2tnHvtnq,히포크라테스 수프 야채수프,완숙토마토 4개 600g  감자 3개 400g  양파 2개 400g  대파 2대 140g  샐러리 3대 200g  마늘 5톨  다진 파슬리 약간,"Step 1 깨끗이 씻은 토마토, 감자, 양파, 대파, 샐러리는 깍둑 썰어주세요. tip. 채소는 껍질째 깨끗이 씻어 사용해 주세요 Step 2 마늘은 편 썰거나 잘게 썰어주세요. 파슬리는 잘게 다져주세요. Step 3 냄비에 손질한 재료들을 넣고 뚜껑을 덮어 약불에서 23시간 정도 푹 익혀주세요. tip. 냄비는 스테인레스나 도자기 재질을 사용해 주시고 혹은 슬로우쿠커를 사용해주시면 좋아요 Step 4 익힌 채소들을 바이타믹스 블렌더에 넣고 살짝 갈아주세요. Step 5 완성된 수프를 보관용기에 담아 냉장 보관하고, 아침 저녁으로 한 컵 씩 드세요. tip. 기호에 따라 올리브오일과 소금, 후추를 뿌려 드셔도 좋아요 tip. 냉장 보관 시 3일 내에 섭취해 주세요. 3일 이상 보관 할 경우 소분 하여 냉동 보관해 주세요","['저칼로리', '고지방', '고염']",양식,일반
MNReuHjzfX2Q521b6jzwaYHN,옥수수 생강 크림 스프,"옥수수 500g  양파 개  마늘 2개  생강 1개  우유 400ml  생크림 600ml  타임 5줄기  소금, 후추 약간  올리브유 약간","Step 1 양파와 마늘을 얇게 썰어 냄비에 올리브유를 두르고 양파와 마늘을 볶아준 뒤, 냄비에 옥수수를 넣어 함께 볶아주세요. Step 2 생크림과 우유를 넣어 약불에서 20분간 끓여 주세요. Step 3 블렌더나 핸드 믹서로 옥수수를 곱게 갈아주세요. Step 4 체로 옥수수 찌꺼기를 걸러내 주세요. Step 5 걸러낸 옥수수 스프에 으깬 생강과 타임을 넣어 약불로 15분간 더 끓여주세요. Step 6 완성 소금과 후추를 기호에 맞춰 넣고 생강과 허브를 건져 마무리하면 완성이예요.","['고지방', '고염']",양식,일반
P8E6YYuXeZ5Rqvafr6szTSCn,반숙달걀장,달걀 10개 | 소금 1작은술 | 식초 1큰술 | 간장 (양조간장) 1컵 | 생수 1+1/2컵 | 설탕 1/2컵 | 양파 1/2개 | 청고추 1개 | 홍고추 1개 | 대파 1/2대,"Step 1 냄비에 달걀이 잠길 정도의 물을 부어준 후 소금과 식초, 달걀을 넣어 약 89분 삶아 반숙상태로 삶아주세요. 실온 상태의 달걀을 사용해주셔야 터지지 않게 삶을 수 있어요 Step 2 삶아진 달걀은 찬물에 담궈서 껍질을 벗겨 밀폐용기에 넣어주세요. Step 3 양파와 청,홍고추는 잘게 다지고, 대파는 송송 썰어주세요. 간장양념 재료를 용기에 넣어 섞은 후 썰어둔 야채를 넣어 잘 저어주세요. Step 4 밀폐용기에 넣어두었던 달걀에 간장물을 부어주고, 냉장고에서 24시간 숙성 후 즐겨주세요. 오래두면 달걀이 짜질 수 있어 되도록 빨리 드시는 걸 추천해요. Step 5 취향에 따라 참기름과 김가루를 얹어 드시면 더 맛있게 드실 수 있어요.","['고단백', '저칼로리', '고지방', '고염']",한식,일반
qdfgeogcMAKynFFyLEyd6XFm,미트볼 스파게티,스파게티 면 180g  다진 쇠고기 400g  양파 개  마늘 2개  빵가루 4큰술  달걀 개  소금 두 꼬집  후추 약간  파슬리 23줄기  파마산 치즈 약간  식용유 약간  양파 개  토마토 1개  시판 토마토소스 1병  물 컵  바질 반 줌,"Step 1 양파는 믹서에 갈기 좋게 깍둑 썰어주세요. 믹서에 양파, 마늘, 빵가루, 달걀, 파슬리를 넣고 갈아주세요. Step 2 볼에 다진 쇠고기 300g과 믹서에 간 재료를 넣고 소금, 후추, 파마산 치즈로 간을 해 골고루 섞어주세요. Step 3 고기반죽을 약 50g씩 8등분으로 나눈 후 동그랗게 빚어 주세요. Step 4 달군 팬에 식용유를 두르고 미트볼을 굴려 가며 노릇하게 겉면을 익힌 후 뚜껑을 덮어 약불에서 10분간 익혀주세요. Step 5 양파는 잘게 다지고 마늘은 편 썰어주세요. 토마토는 깍둑 썰어주세요. Step 6 냄비에 오일을 약간 두른 후 양파와 마늘을 넣고 볶다가 나머지 소고기를 넣고 소금 후추로 간을 해 볶아주세요. Step 7 소고기가 익으면 토마토를 넣어 볶다가 토마토소스와 물을 넣고 끓인 후 바질을 넣어 토마토소스를 완성해 주세요. Step 8 토마토소스에 익힌 미트볼을 넣고 파마산 치즈 가루를 뿌려주세요. 모자란 간은 소금으로 해주세요 Step 9 끓는 물에 소금 1작은술과 스파게티 면을 넣어 삶아주세요. 삶아진 면은 채반에 받쳐 물기를 빼주세요. Step 10 접시에 스파게티 면을 담고 미트볼과 토마토소스를 얹은 후 파마산 치즈 가루와 바질을 얹어 완성해주세요.","['고단백', '고지방', '고염']",양식,일반
1psp3erANisUM9sxZvA7r3rw,오삼불고기 덮밥,돼지고기 (불고기용) 400g | 오징어 1마리 | 양파 1/2개 | 당근 1/4개 | 청고추 1개 | 붉은고추 1개 | 대파 1/2대 | 팽이버섯 1/2봉 | 깻잎 5장 | 고추장 3큰술 | 고춧가루 2큰술 | 진간장 2큰술 | 설탕 1큰술 | 올리고당 2큰술 | 굴소스 1큰술 | 맛술 3큰술 | 다진마늘 1큰술 | 참기름 1큰술 | 후춧가루 약간,"Step 1 오징어는 내장과 껍질을 제거하고 칼집을 넣어 한입크기로 자른 후 양념장 12에 재워주세요. Step 2 돼지고기는 먹기 좋은 크기로 자른 후 나머지 양념장 12에 재워주세요. Step 3 양파와 당근은 굵게 채를 썰고 청고추와 붉은고추, 대파는 어슷하게 썰어주세요. 팽이버섯은 밑둥을 제거하고 2등분하고 깻잎은 채를 썰어주세요. Step 4 팬에 기름을 두르고 당근과 양파, 돼지고기를 넣고 볶아주세요. 돼지고기가 익으면 오징어와 대파, 청고추, 붉은고추를 넣고 오징어가 익을 때까지 볶아주세요. Step 5 불을 끄고 깻잎과 팽이버섯, 참기름, 통깨를 넣어주세요. Step 6 완성된 요리를 그릇에 담아 마무리해주세요.","['고단백', '저칼로리', '고지방']",한식,일반
dPg3ZJd8uiDi6A9DBTusWb8c,누룽지 황태죽,제주 밥심 누룽지 2컵(6장) | 황태 한 줌 (20g) | 송송 썬 대파 2큰술 | 다시마 육수 4컵 | 참기름 1큰술 | 통깨 약간 | 소금 1작은술 | 간장 1큰술 | 참치액 1작은술 | 다진 당근 1큰술 | 부추 약간 | 달걀 노른자 1개 | 김가루 약간,"Step 1 황태포는 물에 담가 5분 정도 불린 후 먹기 좋은 크기로 썰어주세요. Step 2 달군 냄비에 참기름을 두르고 황태포와 대파를 넣어 2분 정도 볶다가 육수를 넣고 끓여주세요. Step 3 누룽지를 넣고 10분 정도 뭉근히 끓여주세요. 소금과 간장, 참치액으로 간을 해주세요. Step 4 잘게 썬 당근, 부추, 노른자, 김가루, 통깨 등을 곁들여 맛있게 즐겨주세요.","['고단백', '고지방', '고염']",한식,일반
RwqscQAhiGEyMsuJyXJHVM6g,가자미 버터구이,가자미 필렛 2쪽  그린빈스 반 줌 80g  버터 2큰술  레몬 개  밀가루 컵  파슬리가루 약간  소금 약간  후춧가루 약간,"Step 1 가자미 필렛은 키친타월에 올려 물기를 제거하고 약간의 소금, 후춧가루를 뿌려 밑간한 후 밀가루를 앞뒤로 골고루 묻혀주세요. Step 2 달군 팬에 버터 1큰술을 넣어 녹이고 가자미를 넣어 노릇하게 익히고 한쪽에 그린빈스를 넣고 약간의 소금을 뿌려 구워주세요. tip 가지미는 살 쪽을 팬에 먼저 닿도록 구워주세요. Step 3 접시에 구운 가자미와 그린빈스를 담아주세요. Step 4 가자미를 구운 팬에 버터 1큰술과 레몬즙 큰술을 넣은 후 약간의 후춧가루를 넣어 버터소스를 만들어주세요. Step 5 가자미에 버터소스를 얹고 파슬리가루를 뿌린 후 레몬을 곁들여 맛있게 즐겨주세요.","['고지방', '고염']",양식,일반
gsLvC8MBm6qffLJFFNbmaT39,배추 말이 전,배추 ½개 | 무 ½개 (500g) | 소금 약간 | 밀가루 ¼컵 | 식용유 적당량 | 부침가루 1컵 | 물 1+ ½컵 | 소금 한 꼬집 | 간장 3큰술 | 식초 1큰술 | 맛술 1큰술 | 설탕 ½작은술 | 다진 청양고추 1큰술 | 다진 양파 1큰술 | 참기름 1작은술 | 통깨 약간,"Step 1 배추는 깨끗이 씻은 후 물기를 제거해 주세요. Step 2 볼에 반죽 재료를 넣어 섞어주세요. Step 3 무는 얇게 채를 썰고, 소금을 뿌려 10분 정도 재워주세요. 무의 물기를 제거해주세요. 달군 팬에 기름을 두른 후 무채를 넣고 무가 투명해질 때 까지 볶아주세요. 타지 않도록 중약불에서 볶아주세요 Step 4 배춧잎에 앞뒤로 밀가루를 가볍게 묻힌 후, 섞어 둔 반죽을 묻혀주세요. Step 5 달군 팬에 기름을 넉넉히 두르고 배추를 올려 앞뒤로 노릇하게 구워주세요. Step 6 배추 위에 볶은 무를 적당량 넣어 돌돌 말아주세요. 볼에 양념장 재료를 넣어 섞어주세요. Step 7 적당한 크기로 잘라 양념장을 곁들여 맛있게 즐겨주세요.","['고지방', '고염']",한식,일반
cZvq4myCFaK4Es7uJzaUyUBn,오이고추 된장 무침,오이고추 6개 | 올리브 10~15알 | 참기름 1큰술 | 통깨 1큰술 | 부순 견과류 1큰술 | 된장 2~3큰술 | 다진 마늘 1큰술 | 올리고당 1큰술,Step 1 오이고추는 23cm 길이로 자르고 올리브는 삼등분 해주세요. 양념 재료를 볼에 넣고 섞어주세요 tip. 된장마다 염분이 조금씩 다르기 때문에 입맛에 맞게 조절해 주세요 Step 2 양념에 고추와 올리브를 넣어 버무린 후 참기름과 통깨를 넣어 섞어주세요. Step 3 그릇에 담아 맛있게 즐겨주세요.,"['저칼로리', '고지방', '고염']",한식,일반
UhqEFUR6SGqi7ZA43xDceqsr,표고버섯 파프리카 볶음,표고버섯 8~10개 | 양파 ¼개 | 당근 ⅙개 | 파프리카 ⅓개 | 다진 마늘 1큰술 | 식용유 약간 | 통깨 약간 | 참기름 1큰술 | 간장 1큰술 | 채수 50mL | 소금 약간 | 후춧가루 약간,"Step 1 표고버섯은 기둥을 떼어내고 0.5cm 두께로 슬라이스해 주세요. 기둥은 손으로 찢어주세요. Step 2 양파와 당근, 파프리카는 채를 썰어 주세요. Step 3 달군 팬에 기름을 약간 두르고 다진 마늘을 넣어 볶다가 당근과 양파를 넣어주세요. 양파가 투명해지면 표고버섯과 파프리카를 넣어 볶다가 양념 재료를 넣어 23분 정도 볶아주세요. Step 4 완성된 표고버섯 파프리카 볶음에 참기름을 두르고 통깨를 뿌려 맛있게 즐겨주세요.","['저칼로리', '고지방']",한식,일반
ZyoBx58uydUJQkW78dXpeCDN,대패삼겹살고추장찌개,대패삼겹살 200g | 감자 250g | 양파 80g | 느타리버섯 65g | 대파 20g | 청양고추 1개 | 홍고추 1개 | 물 100ml | 고춧가루 1큰술 | 설탕 1큰술 | 국간장 3큰술 | 고추장 1큰술 | 다진 마늘 1큰술 | 참기름 1큰술 | 식용유 2큰술,"Step 1 대파는 1cm 크기로 송송 썰고 청양고추, 홍고추는 어슷하게 썰어주세요. Step 2 양파는 채 썰고 감자는 껍질을 벗기고 2cm 두께로 슬라이스한 뒤 2등분 해주세요. Step 3 느타리버섯은 흐르는 물에 잘 씻고 밑동을 잘라주세요. Step 4 달군 냄비에 식용유를 두르고 대파를 넣어 파기름을 낸 뒤 대패삼겹살을 넣어 23분 정도 볶아주세요. Tip. 고기류는 미리 한 번 볶는 게 좋고 노릇하게 오랫동안 볶는 게 포인트예요 Step 5 대패삼겹살이 노릇하게 익으면 고춧가루를 넣고 30초 정도 볶아주세요. Tip. 고춧가루를 넣으면 고추기름이 생기면서 고기에 간이 배어요 Step 6 물을 넣고 보글보글 끓어오르면 감자를 넣어 1분 정도 끓여주세요. Step 7 설탕, 국간장, 고추장, 마늘, 참기름을 넣고 1분 정도 끓여주세요. Step 8 완성 느타리버섯, 양파, 청양고추, 홍고추를 넣고 감자가 익을 때까지 4분 정도 더 끓이면 완성이예요.","['저칼로리', '고지방', '고염', '고당']",한식,일반
mVV6KkvjRjLZUD5HemZJGGMw,양배추 냉채 샐러드,양배추 14개300g  당근 12개100g  적양파 12 개  통깨 1큰술  간장 2큰술  식초 2큰술  연겨자 1큰술  참기름 1큰술  올리고당 1큰술  후추 약간,"Step 1 양배추는 겉잎을 떼어내고 물에 10분 이상 담가 두었다가 흐르는 물에 헹궈주세요. Step 2 양배추와 당근, 적양파는 얇게 채를 썰어주세요. 적양파는 찬물에 담가 매운기를 빼주세요. tip. 채칼을 사용하면 편리해요 Step 3 볼에 드레싱 재료를 넣어 섞어주세요. 드레싱 Step 4 채썬 양배추와 당근, 적양파에 드레싱을 넣어 가볍게 버무려주세요. Step 5 완성된 양배추 냉채 샐러드를 접시에 담고 통깨를 뿌려 맛있게 즐겨주세요.",['저칼로리'],채식,채식
Cm1GUKR689Pa3sPPDAJjWD7i,루꼴라 비트 카르파초,루꼴라 한 줌  비트 1개  견과류 약간  화이트 발사믹 1큰술  올리브오일 1큰술  소금 약간  후춧가루 약간,Step 1 비트는 껍질째 깨끗이 씻은 후 내열 용기에 담고 비트가 약간 잠길 정도로 물을 붓고 뚜껑 또는 랩을 씌워주세요. Step 2 법랑 접시에 석쇠를 놓고 내열 용기를 올려 1단에 넣고 광파오븐 수동 요리 레인지에서 10분간 조리해 주세요. Step 3 한 김 식힌 비트를 얇게 썰어 접시에 펼쳐 올려주세요. Step 4 드레싱을 섞어 뿌린 후 루꼴라와 견과류를 올려 완성해주세요.,['일반'],채식,채식
1dRuZWr1HmMuWKa3oPrNcVpY,비스큐 크림 꼰길리에 파스타,"비스큐 3티스푼  생크림 50ml  보리 30g  관자 1개  적양파 10g  차이브 2줄기  아부르가 티스푼  처빌 1장  바지락 6개  버터 1티스푼  꼰길리에 면 3개  엑스트라버진 올리브유 약간  소금, 후추 약간","Step 1 꼰낄리에 면을 8분간 삶아준 뒤 바지락을 5분간 삶아 살을 빼낸 후 꼰낄리에 면에 2개씩 넣어주세요. Step 2 보리는 15분간 삶아낸 후 다진 적양파와 차이브, 엑스트라 버진, 소금, 후추와 함께 섞어주세요. 다진 Step 3 비스큐와 크림을 섞어 끓여주세요. Step 4 팬을 달군 후 관자를 한 쪽 면만 굽고 불을 줄인 후 버터를 넣어 풍미를 더해 주세요. Step 5 접시에 비스큐 크림 소스를 담고 순서 2의 섞어 놓은 보리를 올려주세요. 그 위에 순서 4의 관자, 아부르가, 처빌을 곁들여 주세요. Step 6 완성 조개를 채운 꼰낄리에를 곁들여 마무리하면 완성이예요.","['고지방', '고염']",양식,일반
2dQisTooz6ZuWcyeb2C45eSc,구운 채소 샌드위치,빵 4장  애호박 개  파프리카 1개  토마토 1개  루꼴라 생략 가능 약간  비건 바질페스토 3큰술  가지 1개  올리브 오일 3큰술  소금 큰술  후춧가루 약간,"Step 1 가지, 애호박, 토마토, 파프리카는 적당한 두께로 썰어주세요. Step 2 오븐 팬에 채소를 올리고 채소 양념 재료를 뿌려 주세요. 180도로 예열된 오븐에 넣어 1520분 정도 구워주세요. Step 3 달군 그릴 팬에 빵을 올리고 그릴 자국이 나도록 구워주세요. Step 4 빵 한 쪽 면에 비건 바질페스토를 바른 후 가지  토마토  애호박  파프리카  루꼴라 순으로 올린 후 빵으로 덮어 주세요. tip. 양쪽 빵 모두 페스토를 발라주세요",['저칼로리'],채식,채식
PVFeTmytZkN9CxhEXQw3X8wn,달걀김밥,밥 2공기 | 단무지 3줄 | 당근 1개 | 오이 1개 | 깻잎 6장 | 청상추 6장 | 맛살 2개 | 판어묵 2장 | 달걀 4개 | 김밥용 김 3장 | 식용유 적당량 | 소금 약간 | 맛술 ½큰술 | 소금 ½작은술 | 참기름 1큰술 | 통깨 약간 | 간장 ½큰술 | 맛술 1작은술 | 설탕 1작은술 | 올리고당 ½큰술 | 물 2큰술,"Step 1 깨끗이 씻은 당근은 껍질을 벗긴 후 가늘게 채썰고, 오이도 채썰어주세요. 맛살은 길게 반으로 자르고 판어묵은 가늘게 채썰어주세요. Step 2 달군 팬에 기름을 두른 후 당근을 볶아주세요. 달군 팬에 기름을 살짝 두른 후 판어묵을 볶다가 어묵 조림 재료를 넣어 물기가 없어질 때까지 졸여주세요. Step 3 볼에 밥과 밥 양념 재료를 넣어 골고루 섞어주세요. Step 4 김발에 김을 올리고 밥을 고르게 편 후 청상추와 깻잎을 깔아주세요. 준비한 재료를 올려 김밥을 단단하게 말아주세요. Step 5 볼에 달걀과 소금, 맛술을 넣어 섞은 후 체에 내리고, 달군 팬에 약간의 기름을 넣고 달걀물을 김 크기로 얇게 펴주세요. 달걀이 80정도 익었을 때, 말아 둔 김밥을 올려 달걀로 돌돌말아주세요. Step 6 달걀 김밥을 먹기 좋은 크기로 잘라 맛있게 즐겨주세요.","['고단백', '저칼로리', '고지방', '고염']",한식,일반
AqzsNqvFcANPLc2X31HDsR5U,가지 덮밥,가지 2개  대파 대  쪽파 생략 가능 1대  양파 1개  식용유 약간  현미밥 2공기  통깨 약간  소금 약간  다시마 물 컵  다진 마늘 1큰술  된장 1큰술  간장 1큰술  맛술 1큰술  비정제 설탕 1큰술  들기름 1큰술  후춧가루 약간  생강가루 생략 가능 약간,"Step 1 가지는 1cm 두께로 잘라 격자로 칼집을 넣고 소금으로 밑간을 해주세요. Step 2 양파는 채를 썰고 대파와 쪽파는 송송 썰어주세요. Step 3 볼에 양념 재료를 넣고 섞어주세요. Step 4 달군 팬에 기름을 두르고 가지를 구워주세요. 가지가 푹 익을 때까지 구워주세요 Step 5 가지를 구운 팬에 양파와 대파를 넣어 볶다가 양념 재료와 다시마 물을 넣고 졸여주세요. Step 6 그릇에 밥을 담고 덮밥 소스를 끼얹은 후 구운 가지를 올리고, 통깨와 쪽파를 뿌린 후 맛있게 즐겨주세요.","['고지방', '고염']",채식,채식
j1QYeUgj9y6zidwaNJD22NTg,스키야키,쇠고기등심 300g  두부 13모  실곤약 80g  표고버섯 3개  배추 3장  양파 12개  대파 12대  쑥갓 한 줌  다시마육수 약간  달걀 2개  우동면 100g  맛술 23컵  간장 12컵  청주 3큰술  설탕 2큰술,"Step 1 두부는 34cm 크기로 납작하게 썰어 물기를 제거하고 마른 팬에 노릇하게 구워주세요. 실곤약은 끓는 물에 살짝 데친 후 찬물에 담갔다가 물기를 제거해 준비합니다. Step 2 표고버섯은 기둥을 자르고 가운데 별모양으로 칼집을 넣어주세요. 배추 잎은 세로로 3등분하고 양파는 4등분합니다. 대파는 어슷하게 썰고 쑥갓은 큼직하게 썰어주세요. Step 3 냄비에 국물 재료를 넣고 설탕이 녹을 때까지 2분만 끓입니다. 전골냄비에 쇠고기, 두부, 실곤약, 표고버섯, 배추, 양파, 대파를 돌려 담고 국물을 부어 끓여주세요. Step 4 국물이 졸아들면 끓이는 중간에 다시마 육수를 넣어 간을 조절하고 쑥갓을 넣습니다. Step 5 그릇에 달걀을 풀고 익힌 재료를 건져서 찍어 먹습니다. Step 6 기호에 따라 남은 국물에 우동면이나 볶음밥 재료를 넣어 익혀 먹어도 좋아요.","['고단백', '저칼로리', '고당']",일식,일반
Mb7rr7JyP9CnKAiin1XBYvTT,파인애플 오이 샐러드,파인애플 통  오이 1개  양파 개  라임 1개  고수 3줄기  라임즙 3큰술  라임 제스트 생략 가능 약간  메이플 시럽 1큰술  소금 약간  후춧가루 약간  올리브오일 큰술,"Step 1 양파는 채를 썰어 찬물에 담가 매운맛을 제거해주세요. 깨끗이 씻은 오이는 껍질째 깍둑썰기 해주세요. 파인애플은 껍질과 심을 제거하고 한입 크기로 깍둑썰기 해주세요. Step 2 볼에 드레싱 재료를 넣어 섞어주세요. Step 3 드레싱 재료에 파인애플과 오이, 양파를 넣어 섞어주세요. 고수를 손으로 뜯어 넣어 섞어주세요. 고수 대신 파슬리나 딜 등의 다른 종류의 허브를 넣어 만드셔도 돼요 Step 4 그릇에 담아 맛있게 즐겨주세요.",['저칼로리'],양식,일반
v1mZuMG8bgUskj6tRfQCf9vC,미역 국수,닭가슴살 1쪽 150g  새우 4마리  오이 개  파프리카 개  무순 팩  토마토 개  시판 냉면 육수 2팩 300mL  미역 국수 2봉 180g  연겨자 약간  소금 작은술  설탕 작은술  식초 1작은술  다진 마늘 작은술  소금 약간  후춧가루 약간,"Step 1 시판 냉면 육수는 미리 냉장고에 넣어 차갑게 준비하고 미역 국수는 찬물에 가볍게 헹군 후 체에 밭쳐 물기를 빼주세요. Step 2 오이는 반달썰기로 어슷하게 썰어 오이 절임 재료를 뿌려 10분간 절였다가 물기를 꼭 짜 주세요. 파프리카는 얇게 채를 썰고 토마토는 먹기 좋게 썰어주세요. 무순은 깨끗이 씻어주세요. 오이 절임 Step 3 새우는 끓는 물에 약간의 청주 또는 맛술을 넣어 2분 정도 데치고 껍질을 벗겨 길이로 포를 떠 주세요. Step 4 냄비에 대파와 양파, 통후추를 넣고 물이 끓으면 닭가슴살을 넣어 8분 정도 삶아 결대로 찢은 후 닭무침 재료를 넣어 밑간해 주세요. Step 5 그릇에 미역 국수를 담고 닭살과 새우, 오이, 파프리카, 토마토, 무순을 먹기 좋게 돌려 담고 차갑게 준비한 육수를 부어 맛있게 즐겨주세요. tip 기호에 따라 미역 국수에 시원하게 냉면 육수를 부어 드시거나 비빔국수 소스를 넣어 비빔국수로 드셔도 맛있답니다.","['고단백', '저칼로리']",다이어트,다이어트
MKvu7wMsz1mxZagv1Utb26e7,양념돼지갈비구이,간장 3큰술 | 굴소스 1큰술 | 맛술 3큰술 | 청주 2큰술 | 설탕 2큰술 | 조청 2큰술 | 양파 1/4개 | 배 1/4개 | 마늘 4쪽 | 대파(흰부분) 1/3대 | 생강가루 한꼬집 | 참기름 1큰술 | 후춧가루 약간 | 물 1컵 | 돼지갈비 1kg | 통깨 약간,"Step 1 돼지갈비는 뼈에 붙어있는 살을 저며 넓게 펴고 살부분에 칼집을 넣어주세요. Step 2 믹서기에 양념재료의 양파, 배, 마늘, 대파흰부분, 물을 넣어 갈고 볼에 나머지 양념 재료를 넣고 섞어 양념장을 만들어주세요. Step 3 손질한 돼지갈비에 양념장을 넣고 냉장고에 넣어 2시간이상 재워주세요. 냉장고에 넣고 하루 정도 숙성시키면 양념도 잘 배고 고기도 더 연해진답니다. Step 4 달군 팬에 돼지갈비를 얹고 앞뒤로 노릇하게 구워주세요. Step 5 접시에 구워낸 돼지갈비를 한입 크기로 썰어 담고 통깨를 뿌려주세요.",['일반'],한식,일반
P6npAVQNzG3HTLKtftmDAG7Z,굴순두부찌개,굴 130g | 순두부 350g | 달걀 1개 | 애호박 120g | 양파 50g | 대파 20g | 청양고추 1개 | 홍고추 1개 | 물 800ml | 고춧가루 2큰술 | 식용유 3큰술 | 국간장 2큰술 | 다진 마늘 1큰술 | 설탕 ½큰술 | 소금 ½큰술 | 후추 1작은술 | 굵은 소금 1큰술 | 식초 2큰술,"Step 1 대파, 청양고추, 홍고추를 어슷하게 썰어주세요. Step 2 양파는 채 썰고 애호박은 1cm 두께로 슬라이스한 뒤 반으로 잘라주세요. Step 3 순두부는 1.5cm 두께로 동그랗게 자른 뒤 30분 정도 물기를 빼주세요. Tip. 순두부를 바로 사용하면 수분이 생겨 간을 맞추기 어렵고 맛이 없어지니 꼭 수분을 빼고 넣어주세요 Step 4 약불로 달군 냄비에 식용유를 두르고 대파와 고춧가루를 넣어 1분 정도 볶아 고추기름을 내주세요. Step 5 물을 넣고 3분 정도 끓인 뒤 국간장, 마늘, 설탕, 소금, 후추를 넣고 2분 정도 더 끓여주세요. Step 6 애호박, 양파, 대파, 청양고추, 홍고추를 넣고 1분 정도 끓여주세요. Step 7 순두부를 넣고 달걀을 풀어서 넣어주세요. Step 8 분량의 세척 재료로 잘 세척한 굴을 넣고 3분 정도 더 끓여주세요. Step 9 완성 향긋한 굴내음과 부드러운 순두부를 음미하며 맛있게 즐기세요","['고단백', '저칼로리', '고지방', '고염', '고당']",한식,일반
B4TFJHpSnL8wucjuDrRPvU3F,토마토두부카프레제와 라임드레싱,슬라이스 토마토 6개  슬라이스 순두부 6개  어린잎 채소 약간  발사믹 드레싱 적당량  양파 개30g  오이피클 4개  오이피클 국물 3술  라임즙 1술  휘핑크림 1술  마요네즈 1술  꿀 약간  양파시즈닝 가루 약간,"Step 1 믹서에 양파, 오이피클, 오이피클 국물, 라임즙을 넣고 곱게 갈아주세요. 드레싱 재료는 2인분이 넘는 양이예요. Step 2 볼에 순서 1과 휘핑크림, 마요네즈, 꿀, 양파시즈닝가루를 한데 넣고 되직하게 섞어주세요. Step 3 슬라이스한 토마토와 순두부를 포갠 뒤 발사믹드레싱과 순서 2를 번갈아 가며 뿌려주세요. Step 4 완성 어린잎 채소를 올리면 색감이 살아나 눈도 입도 즐겁게 토마토카프레제를 즐기실 수 있답니다 Tip. 올리브오일은 토마토의 비타민 흡수를 도와주기 때문에 살짝 뿌려드시면 더욱 좋아요","['고단백', '저칼로리', '고지방', '고당']",채식,채식
bZGALPN1g7t4nLJFdTtPzhV9,톳 두부 무침,톳 150g | 잔 새우 ⅓컵 | 두부 ⅓모 (100g) | 홍고추 ½개 | 쪽파 2줄기 | 통깨 약간 | 참기름 1큰술 | 다진 마늘 1작은술 | 소금 ½작은술,"Step 1 톳은 깨끗이 씻어 불순물을 제거해주세요. 끓는 물에 약간의 소금과 톳을 넣은 후 색깔이 녹색으로 변하면 건져 내 찬물에 헹궈 물기를 빼주세요. Step 2 데친 톳은 34cm 정도의 길이로 자르고 홍고추는 씨를 뺀 후 2cm 길이로 얇게 채를 썰어주세요. 쪽파는 송송 썰어주세요. Step 3 두부는 칼을 눕혀가며 으깬 후 면 보자기에 넣어 물기를 꼭 짜주세요. Step 4 잔 새우는 체에 넣고 흔들어 이물질을 제거하고 마른 팬에 볶아주세요. Step 5 볼에 두부와 톳, 양념재료를 넣어 골고루 섞고 볶은 잔새우와 쪽파, 홍고추를 넣어 가볍게 섞어주세요. tip. 부족한 간은 기호에 따라 소금 또는 간장을 가감해서 조절해 주세요. Step 6 접시에 톳나물 무침을 담고 통깨를 뿌려 맛있게 즐겨주세요.","['고단백', '저칼로리', '고염']",한식,일반
aRNQYCbmWtuGPeXCYWnurifv,오이갑장과,오이 2개 | 쇠고기 100g | 표고버섯 2개 | 홍고추 1/2개 | 통깨 약간 | 소금 1/2큰술 | 식용유 적당량 | 참기름 1/2큰술 | 간장 1큰술 | 맛술 1/2큰술 | 설탕 1작은술 | 다진파 1작은술 | 다진마늘 1작은술 | 참기름 1큰술 | 후춧가루 약간,"Step 1 채썬 쇠고기는 키친타월에 올려 핏물을 빼고 고기양념에 10분 정도 재워주세요. Step 2 오이는 깨끗이 씻어 길이로 4등분하고, 길게 12등분하여 씨 부분을 도려 내고 소금을 뿌려 10분 정도 절인 후 면포에 넣어 물기를 짜주세요. 표고버섯은 기둥을 떼고 채를 썰고, 홍고추는 반으로 갈라 씨를 빼고 가늘게 채썰어주세요. Step 3 달군 팬에 오이를 넣고 선명한 녹색이 될 때까지 센불에서 살짝 볶아주세요. Step 4 달군 팬에 쇠고기와 표고버섯을 넣어 볶다가 쇠고기가 익으면 홍고추를 넣어 살짝 볶아주세요. Step 5 볼에 볶은 오이와 쇠고기, 표고버섯, 홍고추를 넣고 참기름, 깨소금을 넣어 고루 버무려주세요. Step 6 그릇에 오이갑장과를 담고 통깨를 뿌려 마무리해주세요.","['저칼로리', '고지방', '고염']",한식,일반
ry32byQ9ipoAXRXTVfz78Tn9,닭곰탕,닭 1마리 (800g) | 달걀 1개 | 대파 약간 | 물 15컵 | 양파 1개 | 대파 ½대 | 마늘 10쪽 | 생강 (밤 1톨 사이즈) 1쪽 | 통후추 10알 | 소금 1큰술 | 후춧가루 약간 | 고춧가루 1+½큰술 | 국간장 ½큰술 | 다진 마늘 ½큰술 | 닭 육수 2큰술,"Step 1 닭은 내장과 꽁지, 지방, 날개 끝을 제거한 후 뱃속에 핏물이 없이 깨끗이 씻어 냄비에 넣고 닭 삶는 재료와 함께 50분 정도 삶아주세요. Step 2 대파는 송송 썰고 달걀은 약간의 소금을 넣고 섞어 약한 불에서 지단을 부친 후 채를 썰어주세요. Step 3 닭 육수에서 닭을 건져낸 후 한 김 식혀 살과 뼈를 분리하고 살은 결대로 먹기 좋게 찢어 준비해 주세요. Step 4 닭 육수에 닭뼈를 넣어 중불에서 3040분 정도 끓여주세요. 국물이 진하게 우러나면 체에 밭쳐 건더기를 걸러내고 면포에 걸러 닭곰탕 육수를 만들어주세요. tip 뽀얀 국물이 우러날 때까지 물 3컵을 추가해서 끓여주세요. Step 5 냄비에 닭곰탕 육수를 붓고 닭살을 넣어 한소끔 끓여 마무리해 주세요. Step 6 지단과 송송 썬 대파를 얹고 기호에 따라 소금장과 다진 양념을 곁들여 맛있게 즐겨주세요.","['고단백', '고염']",한식,일반
gdKAtenNoZ2r7yUebF99y14w,봄 주먹밥,곰취 4장  케일 4장  배춧잎 23장  밥 2공기 400g  우엉 대  식용유 약간  간장 2큰술  올리고당 큰술  물 2큰술  다진 마늘 생략 가능 1작은술  후춧가루 약간  통깨 약간  참기름 1큰술  소금 작은술  통깨 작은술,"Step 1 끓는 물에 소금 1큰술을 넣고 곰취, 케일, 배춧잎을 데친 후 찬물에 담가주세요. 손으로 물기를 꽉 짜주세요. tip. 곰취, 케일은 1015초 배추잎은 30초 정도 데쳐주세요 Step 2 깨끗이 씻은 우엉은 잘게 다져주세요. 달군 팬에 기름을 약간 두르고 우엉을 넣어 볶다가 조림장 재료를 넣어 중불에서 5분 정도 졸여주세요. Step 3 곰취, 케일은 줄기를 자르고 펼쳐주세요. 줄기는 잘게 썰어 주세요. Step 4 볼에 밥과 밥 양념 재료, 조린 우엉, 잘게 썬 줄기를 넣어 섞은 후 동그랗게 한입 크기로 뭉쳐주세요. Step 5 데친 잎에 밥을 넣어 말아주세요. 접시에 담아 맛있게 즐겨주세요.","['고지방', '고염']",채식,채식
QdmbgM7MB4TUBY5Bz7WkRosk,비건 플레인 화이트 스콘,통밀가루 180g  코코넛 가루 20g  황설탕 60g  소금 2g  베이킹파우더 4g  비정제 코코넛 오일 식물성 버터로 대체 가능 80g  두유 7090g  슈레드 코코넛 20g,"Step 1 가루류와 차가운 코코넛 오일은 푸드프로세서에 곱게 갈아주세요 tip. 푸드 프로세서가 없다면 스크래퍼나 고무 주걱을 이용해 주세요 Step 2 볼에 담은 후 두유를 넣고 한 덩어리로 뭉쳐주세요. tip. 두유는 23번에 나눠 넣어가며 영상과 같은 점도의 반죽을 만들어 주세요 Step 3 반죽은 접으면서 누르기를 10회 반복하여 날가루가 보이지 않을 때까지 섞은 후 동그랗게 만들어 주세요. tip. 두께는 2cm 지름은 15cm 정도로 만들어 주세요 Step 4 종이 포일에 슈레드 코코넛을 뿌리고 반죽을 올린 후, 반죽 위에 슈레드 코코넛을 한 번 더 뿌려주세요. Step 5 종이 포일 가장자리를 접어 밀봉해 냉장고에서 30분 정도 휴지시킨 후 8조각으로 잘라주세요. Step 6 도로 예열한 온도에서 10분, 180도로 5분 정도 구워주세요. tip. 오븐에 따라 굽는 시간 및 온도가 다를 수 있으니 조절하여 만들어주세요",['고지방'],채식,채식
D5ZwiwUCv7SduYVVYKNa4N4Z,토마토 마리네이드,방울토마토 45개450g  적양파 개  올리브오일 3큰술  발사믹 식초 2큰술  꿀 올리고당으로 대체 가능 2큰술  레몬즙 3큰술  파슬리가루 약간  후춧가루 약간  소금 약간,Step 1 끓는 물에 방울토마토를 넣어 1020초 데친 후 얼음물에 담가 식혀 껍질을 벗겨주세요. Step 2 적양파는 잘게 다져주세요. 볼에 다진 양파와 드레싱 재료를 넣어 섞어 주세요. Step 3 소독한 병에 토마토와 드레싱을 담고 가볍게 흔들어 섞은 후 냉장 보관해 주세요. tip. 냉장고에 넣어 하루 정도 숙성해 차갑게 드시면 더욱더 맛있어요. 샐러드나 파스타에 곁들여 맛있게 즐겨주세요 보관 기간  냉장 보관으로 일주일 정도 가능해요,['저칼로리'],양식,일반
tzrJ3meeqxjuRuYW5LjibYF2,취나물무침,취나물 두줌(200g) | 소금 약간 | 통깨 약간 | 국간장 1/2큰술 | 참기름 1큰술 | 다진마늘 1작은술 | 소금 한꼬집 | 깨소금 약간,"Step 1 취나물은 질긴 잎과 굵은 줄기부분을 자르고 깨끗이 씻어주세요. Step 2 끓는 물에 약간의 소금과 취나물을 넣어주세요. 줄기가 부드럽게 데쳐지면 건져내 찬물에 헹구고, 물기를 적당히 짠 후 먹기 좋게 잘라주세요. Step 3 볼에 데친 취나물과 양념 재료를 넣고, 양념이 고루 배도록 조물조물 무쳐주세요. Step 4 접시에 취나물무침을 담고 통깨를 뿌려 즐겨주세요.",['고염'],한식,일반
uQ9onWQPQaw4d6WJgPjotPAN,두부전골,두부 1모 | 다진 돼지고기 100g | 배춧잎 2장 | 새송이버섯 1개 | 표고버섯 2개 | 대파 1/2대 | 청경채 한줌 | 전분가루 1작은술 | 다시마멸치육수 4컵 | 간장 1/2큰술 | 설탕 1작은술 | 다진마늘 1/2큰술 | 생강가루 1/4작은술 | 후춧가루 약간 | 국간장 1/2큰술 | 맛술 1큰술 | 굵은소금 1작은술,"Step 1 두부는 6등분으로 자르고 약간의 소금을 뿌려 밑간 한 후, 키친타월에 올려 물기를 제거해주세요. 돼지고기에 고기양념 재료를 넣어 밑간 해주세요. Step 2 배추와 버섯, 대파는 먹기 좋게 자르고 청경채는 2등분으로 잘라주세요. Step 3 달군 팬에 약간의 기름을 두르고, 두부를 돌려가며 노릇하게 구워주세요. 칼집을 넣을 한 면을 빼고 돌려가며 노릇하게 구워주세요 Step 4 두부의 가운데에 가로로 칼집을 넣은 후, 양념한 고기소를 넣어주세요. 남은 고기소는 전분가루 1작은술을 넣고 섞어 고기완자를 빚어주세요. Step 5 전골냄비 바닥에 배추를 깔고 두부, 표고버섯, 느타리버섯을 담은 후 따뜻한 다시마멸치육수와 국물양념재료를 부어 끓여주세요. Step 6 국물이 끓으면 고기완자를 넣고 완자가 익으면 대파, 청경채를 넣고 1분정도 더 끓여주세요. 부족한 간은 소금을 넣어 가감해 즐겨주세요.","['고단백', '저칼로리', '고지방', '고염']",한식,일반
3avDjR7mc9d83wZvCvtfMzn9,톳 소바,해조미 톳 국수 1팩 180g  실파 1대  김 약간  무 약간  무순 약간  고추냉이 약간  얼음 적당량  쯔유 컵  물 2컵,"Step 1 육수 양념 재료를 넣어 섞어주세요. 냉장고에 넣어 차갑게 준비해주세요. 보통 쯔유와 물은 14 비율로 많이 먹는데 쯔유에 따라 다를 수 있으니 입맛에 맞게 조절해서 육수를 만들어주세요 Step 2 실파는 송송 썰고 김은 가늘게 잘라주세요. Step 3 무를 강판에 갈아 준비해주세요. Step 4 톳 국수는 체에 밭쳐 흐르는 물에 헹군 후 물기를 빼주세요. Step 5 그릇에 톳 국수를 담은 후 준비해둔 국물과 실파, 김, 무, 무순, 고추냉이, 얼음을 올려 맛있게 즐겨주세요.",['일반'],다이어트,다이어트
NnaVyzz8Xg2rJ1gR6xVjgKyS,굴림만두,돼지고기 3컵(300g) | 숙주 한줌(80g) | 양파 1/2개 | 부추 1/4단(60g) | 달걀 1개 | 전분가루 1/2컵 | 밀가루 1/2컵 | 굴소스 1큰술 | 간장 1+1/2큰술 | 맛술 1큰술 | 다진 파(흰대부분) 3큰술 | 다진마늘 1/2큰술 | 참기름 1/2큰술 | 생강가루 약간 | 소금 한꼬집 | 후춧가루 약간,"Step 1 끓는물에 약간의 소금과 숙주를 넣고 2분정도 데친 후 물기를 짜고 잘게 다져주세요. 양파와 부추, 대파는 잘게 다져주세요. Step 2 볼에 갈은 돼지고기와 만두소 양념재료, 달걀노른자를 넣고 한 방향으로 돌려가며 섞은 후 다진 야채를 넣어 고루 섞어주세요. Step 3 만두소를 한입에 먹기좋게 30g정도로 떼어 동그랗게 빚은 후 접시에 전분가루와 밀가루를 섞어 만두소를 굴려가며 표면에 가루를 묻혀주세요. Step 4 달걀흰자를 잘 푼 후 만두소에 살짝 묻힌 후 한번 더 고루게 가루를 묻혀주세요. Step 5 김오른 찜통에 굴림만두를 넣고 810분정도 쪄주세요. Step 6 기호에 따라 초간장을 곁들여주세요.","['고단백', '저칼로리', '고염']",한식,일반
p7QdKcVpjAJ1CAoV8HcUmfkC,연근튀김,연근 1개  식용유 약간  파슬리가루 약간  튀김가루 1컵  찬물 1컵  마요네즈 2큰술  식초 12큰술  올리고당 12큰술  파마산 치즈가루 1큰술  다진마늘 1작은술  후추 약간,"Step 1 연근은 필러를 이용해서 껍질을 제거하고, 얇게 링으로 썬 후 약간의 식초를 넣은 물에 담갔다가 건져 물기를 제거해주세요. Step 2 볼에 소스재료를 넣어 섞어주세요. Step 3 볼에 튀김반죽 재료를 넣어 섞고, 연근에 튀김옷을 입혀 170도 기름에서 노릇하게 튀겨주세요. Step 4 연근튀김에 갈릭소스를 곁들여 즐겨주세요.",['고지방'],일식,일반
nZ6T73Fw3J2zGhXATRq6xRP8,토마토빱빠,"토마토소스 200ml  방울토마토 5개  바게트 개  채소 스톡 150ml  마늘 2개  생강 10g  바질 5장  리코타 치즈 50g  처빌 5장  그라나파다노 치즈 1티스푼  소금, 후추 약간  올리브유 약간","Step 1 바게트는 250도 오븐에서 4분간 색이 나게 바삭하게 구워 주세요. 팬에 오일을 두르고 으깬 마늘, 생강, 토마토를 넣고 볶아 향을 내고 토마토소스와 채소 스톡을 넣어 끓여주세요. Step 2 순서 2가 끓기 시작하면 구워진 빵과 바질, 그라나 파다노 치즈를 넣어 약불에서 빵이 뭉그러질 때까 지 끓여주세요. Step 3 완성 생강은 제거한 뒤 접시에 담아내고 리코타 치즈를 짤 주머니에 담아 군데군데 뿌린 후 처빌을 곁들여 주세요.","['저칼로리', '고지방']",양식,일반
1NKrRoLSiCRZ7Rm1bQ9BZPUV,주꾸미볶음,주꾸미 10마리(550g) | 양파 1/2개 | 당근 1/4개 | 대파 1/2대 | 청양고추 1개 | 홍고추 1개 | 소면 한줌(100g) | 청주 1큰술 | 소금 약간 | 참기름 1큰술 | 통깨 약간 | 식용유 약간 | 고추장 3큰술 | 고춧가루 2큰술 | 간장 2큰술 | 맛술 1큰술 | 다진마늘 1큰술 | 설탕 1큰술 | 올리고당 1큰술 | 생강즙 1큰술 | 후춧가루 약간,"Step 1 주꾸미는 머리부분을 뒤집어 먹통과 내장을 떼어내고, 소금과 밀가루를 넣고 문지른 후 흐르는 물에 깨끗이 씻어주세요. Step 2 끓는 물에 청주와 소금을 넣고, 손질한 주꾸미를 넣어 10초 정도 살짝 데쳐주세요. 크기가 큰 주꾸미는 먹기 좋은 크기로 잘라주세요. tip. 주꾸미를 먼저 익힌 뒤 볶아야 물도 생기지 않고 부드럽게 드실 수 있어요. 청주를 넣어 데치면 주꾸미의 비린향을 제거할 수 있답니다 Step 3 냄비에 물을 끓인 후 소면을 넣어주세요. 물이 끓어오르면 찬물 반 컵을 23번 정도 반복해서 부어 국수를 삶아주세요. 흐르는 찬물에 소면을 여러 번 헹궈 전분기를 없애고, 동그랗게 모양을 잡은 후 체에 밭쳐 물기를 빼주세요. Step 4 양파는 굵게 채를 썰고, 당근은 먹기 좋게 썰어주세요. 대파와 청양고추, 홍고추는 어슷하게 썰어주세요. 양념재료는 모두 볼에 섞어주세요. Step 5 달군팬에 오일을 살짝 두르고 채썬 양파와 대파를 넣어 볶아주세요. 대파의 향이 올라오면 양념재료를 넣어 볶고, 주꾸미, 당근, 청양고추, 홍고추를 넣어 고루 섞이도록 빠르게 볶아주세요. 마지막에 참기름과 통깨를 뿌려주세요. Step 6 주꾸미볶음과 소면을 함께 즐겨주세요. 남은 주꾸미 볶음에 밥과 김가루, 콩나물, 깻잎, 치즈 등을 넣어 볶아 드시면 더 맛있게 즐기실 수 있어요.","['고지방', '고염']",한식,일반
uPrvHmANaspAr2seK1qDecAr,오렌지 부라타 샐러드,루꼴라 한 줌100g  오렌지 1개  자몽 1개  부라타 치즈 1개120g  올리브오일 2큰술  화이트발사믹 2큰술  오렌지 즙 약간  소금 약간  후춧가루 약간,"Step 1 깨끗이 씻은 오렌지는 껍질을 벗긴 후 과육만 발라내주세요. tip. 오렌지의 꼭지 위, 아랫부분을 썰고 세워서 과육 부분을 최대한 피해 껍질을 둥글게 썰어주세요. 속껍질 사이의 과육만 포 뜨듯이 도려내면 더욱 부드러운 식감을 즐길 수 있어요 Step 2 깨끗이 씻은 자몽은 껍질을 벗긴 후 과육만 발라내주세요. Step 3 루꼴라는 깨끗이 씻어 물기를 제거한 후 그릇에 담아주세요. Step 4 오렌지와 자몽을 넣고, 부라타 치즈를 한 입 크기로 찢어 올려주세요. Step 5 드레싱을 곁들여 맛있게 즐겨주세요. tip. 손질하고 남은 오렌지 과즙을 함께 뿌려주세요",['고지방'],양식,일반
hUdsVTJWNqMkSQ22mNeakehj,닭고기 비타민 미음,불린 쌀 60g | 닭 안심 18g | 비타민 잎 20g | 물 480ml,"Step 1 모유 또는 분유에 20분간 재워둔 닭고기를 흐르는 물에 씻고, 가운데 힘줄을 제거해주세요. Step 2 식초 또는 베이킹소다를 넣은 물로 살균한 비타민은 흐르는 물에 씻고, 초록 잎만 잘라 준비해주세요. Tip. 줄기는 아이가 소화하기 힘드니 잎만 넣어주세요. Step 3 끓는 물에 닭고기와 비타민을 넣어요. 1분 정도 후에는 비타민을, 510분 후에는 달고기를 꺼내 한 김 식혀주세요. Tip. 닭고기와 비타민 삶은 물은 육수로 사용하면 좋아요. Step 4 믹서기에 닭고기와 비타민, 불린 쌀을 각각 넣고 물을 약간씩 더해 곱게 갈아주세요. Step 5 냄비에 곱게 간 재료를 넣고 닭고기 삶은 물을 부어 강한 불로 저어가며 끓여요. 끓기 시작하면 약한 불로 줄여 계속 저어가며 끓여주세요. Step 6 완성된 미음은 3회분으로 나눠 용기에 담아주세요.",['일반'],한식,일반
YxiQLSoD7psDw2FEbbUTcwEj,배추 말이 물김치,"배추 1통 (2kg) | 파프리카 (빨강, 주황, 노랑) 1개씩 | 무 ¼개 (500g) | 쪽파 한 줌 (80g) | 굵은 소금 ½컵 | 물 2컵 | 까나리 액젓 1큰술 | 다진 새우젓 1큰술 | 다진 마늘 1큰술 | 다진 생강 1작은술 | 설탕 ½큰술 | 꽃소금 ½큰술 | 양파 ⅓개 | 파프리카 (빨간색) ½개 | 씨를 제거 한 홍고추 3개 | 배 ½개 | 무 100g | 다진 마늘 2큰술 | 다진 생강 ½큰술 | 물 6컵 | 매실청 2큰술 | 설탕 1큰술 | 굵은 소금 3큰술 | 물 1컵 | 찹쌀가루 1큰술",Step 1 배추는 한 잎씩 떼어내어 물에 씻고 줄기 부분에 굵은 소금을 켜켜이 뿌리고 소금물에 담가 줄기가 부드러워 질 때까지 위아래 뒤집어가며 34시간 정도 절인 후 물에 헹구어 물기를 빼서 준비해주세요. tip 작은 배춧속은 겉절이 또는 샐러드로 사용하셔도 돼요. Step 2 찹쌀가루를 찬물에 풀고 냄비에 넣어 풀을 쑨 후 차게 식혀 준비해 주세요. Step 3 무와 파프리카는 가늘게 채를 썰고 쪽파는 다듬어 씻은 후 4cm 길이로 잘라 김칫소 양념을 넣어 가볍게 섞어주세요. tip 쪽파는 배춧잎이 다 절여지면 마지막에 김치 양념에 넣어 섞어주세요. 김치 Step 4 절인 배춧잎에 김칫소를 넣고 돌돌 말아 김치 통에 차곡차곡 담은 후 맛이 배도록 실온에서 6시간 정도 숙성시켜주세요. Step 5 갈아서 사용할 재료는 잘게 잘라 믹서기에 넣어 곱게 갈고 찹쌀풀을 섞은 후 고운 채 망에 걸러 물김치 국물 재료에 즙만 넣어주세요. tip 김칫국물재료에 설탕 대신에 감미료 작은술을 대체해서 사용하셔도 돼요. 기호에 따라 설탕과 소금을 가감해서 간를 맞춰주세요. Step 6 배추말이에 김칫국물을 붓고 실온에서 하루 정도 더 익힌 후 냉장 보관해 주세요. tip 숙성된 김치는 한입 크기로 잘라 국물을 자작하게 부어 맛있게 즐겨주세요.,"['저칼로리', '고염', '고당']",한식,일반
xTnfDks83MAwnGwfsHpccncd,채끝살스테이크,채끝살 300g  적양파 개  마늘쫑 2개  단호박 개  방울토마토 2개  미니 새송이 버섯 10개  스테이크 소스 3큰술  케첩 1큰술  굴소스 큰술  머스터드 소스 1작은술  다진 마늘 작은술  소금 약간  후춧가루 약간,"Step 1 쇠고기는 키친타올에 올려 핏물을 제거하고, 올리브유와 소금, 후춧가루를 뿌려 5분 정도 재워주세요. Step 2 적양파는 껍질을 벗긴 후 2센치 두께의 링으로 큼지막하게 썰고, 마늘쫑은 6센치 길이로 썰어주세요. 단호박은 한 입크기로 썰어주세요. 볼에 소스 재료를 넣어 섞어주세요. Step 3 달군 팬에 버터를 두르고 고기를 넣어 겉면을 익히다가 손질한 야채를 넣고 1분 정도 볶은 후 소금, 후춧가루로 간을 해주세요. Step 4 접시에 채끝살 스테이크를 담고 소스를 곁들여 완성해주세요.","['저칼로리', '고지방', '고염']",양식,일반
qWoyo5REuqRYs6uxTMR6Vm4M,가지 절임,가지 3개  대파 흰 부분 1대  통깨 약간  송송 썬 쪽파 대파로 대체 가능 2큰술  식용유 2컵  간장 67큰술  채수 2컵  비정제 설탕 1큰술  식초 큰술,Step 1 깨끗이 씻은 가지를 길게 반으로 자르고 칼집을 넣은 후 이등분 해주세요. 대파는 68cm 길이로 잘라주세요. Step 2 기름을 달군 후 대파를 넣어 기름에 향이 배도록 튀겨주세요. 가지를 넣어 1015초 정도 튀겨주세요. tip. 기름을 입혀주는 과정이에요. 오래 튀기면 눅눅해지니 재빨리 튀겨내 주세요 Step 3 튀겨낸 가지는 채반에서 한 김 식힌 후 키친타월에서 기름을 빼주세요. 볼에 절임 간장 재료를 넣고 섞어주세요. tip. 채수가 없는경우 쯔유나 맛간장을 비율에 맞게 물에 희석해 사용해 주세요 Step 4 밀폐 용기에 가지와 대파를 넣고 절임 간장을 부어주세요. Step 5 냉장고에서 이틀정도 숙성 후 접시에 덜어 송송 썬 쪽파와 통깨를 뿌려 맛있게 즐겨주세요. tip. 냉장고에서 2주 정도 보관이 가능해요. 차갑게 드시면 더욱더 맛있어요,"['고지방', '고염']",채식,채식
6UJFyVS1j1kdgkgGUkt1Xbar,모둠 콩 샐러드,불린 병아리콩 130g  강낭콩 통조림 100g  불린 렌틸콩 130g  옥수수 통조림 100g  양파 개  케일 생략 가능 5장  토마토 퓌레 2큰술  스리라차 소스 2큰술  올리브오일 4큰술  레몬즙 2큰술  소금 큰술  후춧가루 약간,"Step 1 불린 병아리콩과 렌틸콩을 각각 냄비에 넣고 콩이 잠길 만큼 물을 부어 1015분 정도 삶아 주세요. tip. 병아리콩은 6시간, 렌틸콩은 1시간 정도 불려주세요 tip. 통조림을 사용할 경우 삶는 과정은 생략해 주세요 Step 2 양파는 잘게 썰어주세요. 케일은 먹기 좋게 썰어주세요. 볼에 모둠콩샐러드 양념 재료를 넣고 섞어주세요. Step 3 넓은 볼에 삶은 렌틸콩과 병아리콩, 옥수수, 강낭콩, 다진 양파를 넣고 양념 재료와 케일을 넣어 골고루 섞어 모둠 콩 샐러드를 완성해주세요. tip. 모자란 간은 소금으로 해 주세요 tip. 취향에 따라 케일 대신 고수를 넣어 만들면 색다른 향과 맛을 느낄 수 있어요","['저칼로리', '고염']",채식,채식
QkLvuLvN4PmBkjSmnieanSG5,콩나물 미나리 무침,콩나물 400g  미나리 200g  통깨 약간  다진 마늘 큰술  식초 1큰술  고춧가루 1큰술  올리고당 2큰술  참기름 2큰술  소금 1작은술  후춧가루 약간,Step 1 깨끗이 씻은 미나리의 잎을 잘라내고 줄기 부분은 5cm 길이로 썰어주세요. Step 2 끓는 물에 콩나물을 넣어 2분간 데친 후 찬물에 담가 열기를 식혀 채반에서 물기를 빼주세요. Step 3 미나리를 10초간 데친 후 찬물에 담가 식히고 채반에서 물기를 빼주세요. Step 4 볼에 양념 재료를 넣어 섞어주세요. 미나리와 콩나물에 남은 물기를 손으로 꽉 짜고 볼에 넣은 후 양념 재료를 넣어 버무려주세요. Step 5 완성된 콩나물 미나리 무침을 그릇에 담고 통깨를 뿌려 맛있게 즐겨주세요.,['일반'],채식,채식
QDk9nnKsEerfspNHrRtT9Gpp,김치 비빔 국수,신김치 2컵 | 중면 200g | 오이 1/2개 | 깨 약간 | 고추장 2큰술 | 식초 2큰술 | 올리고당 2큰술 | 간장 1큰술 | 설탕 1큰술 | 맛술 1큰술 | 참기름 1큰술 | 후추 약간,"Step 1 오이는 가늘게 채 썰고 김치는 굵게 다져주세요. Step 2 볼에 다진 김치와 양념재료를 넣고 섞어주세요. Step 3 끓는 물에 중면을 펼쳐 넣고 면끼리 달라붓지 않도록 저어주세요. 물이 끓어오르면 찬물을 23회 반복해서 부어 국수를 삶아주세요. 흐르는 찬물에 중면을 여러 번 씻어 전분기를 없애고 체반에 밭쳐 물기를 빼주세요. Step 4 양념장에 삶은 국수를 넣고 버무려주세요. Step 5 접시에 비빔국수를 담고 삶은 달걀과 오이채, 깨를 올려주세요.","['고단백', '저칼로리']",한식,일반
5b9zwwNjy4zV2qkpRdz5LYwn,깐풍 두부 튀김 덮밥,밥 1공기200g  두부 모  청피망 개  홍피망 개  브로콜리 3개  마늘 2개  대파 대  사천고추 3개  감자전분 1컵튀김용  식용유 3컵  간장 1큰술  식초 1큰술  물 2큰술  청주 1작은술  설탕 1큰술  굴소스 1큰술  고추기름 1과 큰술  후춧가루 약간  참기름 약간,"Step 1 두부는 사방 2cm 크기로 썰고, 청피망, 홍피망, 마늘, 대파는 다져주세요. 브로콜리는 한입 크기로 썰어 준비합니다. Step 2 봉지에 수분을 제거한 두부와 전분 1컵을 담아서 잘 섞어주세요. Step 3 가열된 기름에 두부를 넣어 바삭하게 튀겨주세요. Step 4 분량의 재료를 골고루 섞어서 소스를 만들어 주세요. Step 5 완성 팬에 기름을 두르고 대파, 마늘, 사천고추, 청피망, 홍피망, 브로콜리를 넣고 볶은 후 순서 3의 튀긴 두부와 순서 4의 소스를 넣고 맛있게 조리면 완성이예요. Tip. 두부가 단단해질 때까지 튀겨야 볶을 때 모양이 흐트러지지 않는답니다","['고단백', '저칼로리', '고지방']",중식,일반
K4J2neV6EgtwMJ7xmMPhbGQi,원팬 잡채,당면 100g  표고버섯 3개  느타리버섯 1줌100g  당근 개  양파 12개  부추 반 줌  통깨 약간  물 13컵  식용유 약간  소금 약간  진간장 2큰술  다진 마늘 1작은술  참기름 1큰술  설탕 1작은술  후춧가루 약간,"Step 1 당면은 미지근한 물에 담가 30분 정도 불려주세요. Step 2 당근, 표고, 양파는 채를 썰고, 느타리는 결대로 찢어 주세요. 부추는 5cm 길이로 썰어 주세요. Step 3 볼에 양념 재료를 넣고 섞어주세요. 달군 팬에 기름을 두르고 양파, 당근, 버섯, 소금 약간을 넣고 볶아주세요. Step 4 불린 당면과 물을 넣고 볶다가 양념을 넣어 당면에 양념이 잘 배도록 볶아주세요. Step 5 불을 끄고 부추를 넣어 잘 섞어 주세요. 통깨를 뿌려 맛있게 즐겨주세요.","['저칼로리', '고지방', '고염']",채식,채식
2Z8A4qPyhk5p7BS95id6LyQ1,버섯 오일 피클,만가닥 버섯 1팩 200g  느타리버섯 팩 200g  표고 버섯 2개  마늘 8쪽  페퍼론치노 6개  레몬즙 2큰술  소금 1작은술  후춧가루 약간  엑스트라 버진 올리브유 1컵  월계수잎 12장  타임 생략 가능 약간,"Step 1 냄비에 유리병을 거꾸로 세워 넣고 찬물부터 끓여 열탕 소독한 후 건조시켜주세요. Step 2 만가닥 버섯과 느타리버섯, 표고버섯은 밑동을 제거하고 불순물을 털어내주세요. 표고버섯은 한 입 크기로 썰고, 마늘은 편으로 도톰하게 썰어주세요. 페페론치노는 반으로 잘라주세요. Step 3 달군 팬에 약간의 올리브유를 두르고 마늘과 페페론치노를 넣어 볶다가 향이 올라오면 버섯을 넣어 강불에서 빠르게 볶다가 레몬즙과 소금, 후춧가루를 뿌려 밑간을 해주세요. tip 버섯은 오래 볶으면 수분이 많이 나올 수 있어 강불에서 빠르게 살짝 숨이 죽을 때까지 볶아주세요. Step 4 소독한 유리병에 식힌 버섯을 8부 정도 담고 올리브오일을 부어 병을 채운 후 월계수잎과 타임을 얹고 뚜껑을 닫아 냉장 보관 해주세요. Step 5 버섯 피클은 담근 후 하루 이상 숙성 후 기호에 따라 샐러드 또는 파스타, 빵을 곁들여 맛있게 즐겨주세요.","['저칼로리', '고지방', '고염']",채식,채식
Vj1euGpYDrcTPXLNfdK9giAr,콩나물제육볶음,돼지고기 350g | 콩나물 100g | 깻잎 6장 | 양파 80g | 대파 40g | 청양고추 1개 | 고추장 1큰술 | 고춧가루 2큰술 | 진간장 2큰술 | 다진 마늘 1큰술 | 설탕 2큰술 | 맛술 2큰술 | 후추 1작은술 | 식용유 2큰술,"Step 1 깻잎은 4cm 크기로 썰고 대파와 청양고추는 어슷하게 썰고 양파는 채썰어주세요. Step 2 돼지고기는 5cm 크기로 자르고 콩나물은 손질해주세요. Tip. 돼지고기 부위는 삼겹, 목살, 앞다리살, 뒷다리살 모두 괜찮지만 목살이 담백하고 맛있어요 Step 3 달군 팬에 식용유를 두르고 대파를 넣어 파기름을 내주세요. Step 4 파 향이 올라오면 돼지고기를 넣고 1분 정도 볶아주세요. Step 5 설탕, 맛술, 후추를 넣고 2분 정도 더 볶아주세요. Step 6 돼지고기가 다 익으면 고추장, 고춧가루, 진간장, 마늘을 넣고 1분 정도 볶아주세요. Step 7 콩나물, 깻잎, 양파, 청양고추를 넣고 콩나물의 숨이 죽을 때까지 2분 정도 더 볶아주세요. Step 8 완성 맛있게 볶음 콩나물제육볶음을 그릇에 덜어 맛있게 즐기세요. 기호에 따라 상추나 깻잎 등 쌈채소를 곁들여도 좋아요","['고단백', '저칼로리', '고지방', '고염', '고당']",한식,일반
CdV2mhAVuaLw5EYJ7xwibMEX,마늘종 고추장 볶음,마늘종 250g | 소금 약간 | 식용유 약간 | 참기름 1큰술 | 통깨 약간 | 고추장 ½큰술 | 고춧가루 1작은술 | 간장 1큰술 | 채수 50mL | 올리고당 1큰술,Step 1 마늘종은 4cm 길이로 잘라주세요. 볼에 양념 재료를 넣고 섞어주세요. Step 2 끓는 물에 소금을 넣고 마늘종을 10초 정도 데친 후 찬물에 헹구어 물기를 빼주세요. Step 3 팬에 양념 재료를 넣고 바글바글 끓이다가 데친 마늘종을 넣고 골고루 섞어가며 2분간 볶아주세요. Step 4 불을 끈 후 참기름과 통깨를 뿌려 마무리해 주세요.,"['고지방', '고염']",한식,일반
mthNz57Uk8kp6tv1gWHjjUU2,감자명란볶음,감자 3개 | 명란젓 1개 | 마늘 3톨 | 실파 1대 | 소금 약간 | 올리브오일 약간 | 참기름 1큰술,"Step 1 깨끗이 씻은 감자는 껍질을 벗긴 후 한입크기로 썰어주세요. 마늘은 편으로 썰고, 실파는 송송 썰어주세요..명란젓은 껍질 가운데에 칼집을 내어 알만 따로발라내주세요. Step 2 달군 팬에 오일을 두른 후 마늘과 감자가 노릇해질 때까지 볶아주세요. Step 3 명란을 넣어 볶다가 소금으로 간을 맞춰주세요. 마지막에 참기름을 뿌려 가볍게 볶아주세요. Step 4 실파를 뿌려 맛있게 즐겨주세요.","['고지방', '고염']",한식,일반
11pjyGApKoaFhCrBZULXMzQ5,김표고장아찌,김 20장  표고버섯 200g  간장 340cc  조청 1.5컵  청주물 각 0.5컵  대파 1대  양파 12개  저민 생강 12톨분  저민 마늘 3톨분  실고추 약간  통깨 약간,Step 1 표고버섯은 끓는 물에 살짝 데쳐 건져주세요. Step 2 건져낸 표고버섯은 기둥까지 4등분으로 썰어주세요. Step 3 김은 한 장을 3x4 사이즈로 잘라서 표고버섯과 함께 용기에 담아두세요. Step 4 김 사이사이에 실고추와 통깨를 조금씩 뿌려주세요. Step 5 장아찌 소스 재료를 냄비에 넣고 30분간 중불에서 끓여주세요. Step 6 의 소스를 채에 밭치고 식힌 다음 준비된 김과 표고버섯에 부어주세요. Step 7 3일 뒤에 소스만 따라서 한 번 더 끓인 후 식혀서 다시 부어주세요. Step 8 완성된 요리를 그릇에 담아 마무리해주세요.,"['저칼로리', '고염']",채식,채식
hhR3EHeGerM8HDNM4pfsPzpu,두부가츠샌드위치,식빵 4장  양배추 250g  두부 300g  소금 약간  후추 약간  식초 1.5티스푼  설탕 2티스푼  토마토 1cm 두께 슬라이스 34장  홀그레인머스터드 약간  발사믹글레이즈 약간  어린잎채소 약간  밀가루 4티스푼  물 100cc  소금 한 꼬집  빵가루 약간,"Step 1 양배추는 곱게 채를 썰어주세요. Step 2 식초 1.5티스푼, 설탕 2티스푼, 소금 0.5티스푼을 양배추에 넣어 손으로 조물조물 주물러서 15분정도 두어요. Step 3 두부는 물기를 빼고 소금, 후춧가루 약간을 뿌려주세요. 빵가루와 튀김옷을 준비해주세요. 두부에 튀김옷을 적신 뒤 빵가루를 입혀주세요. 후춧가루 Step 4 도 기름에서 노릇노릇하게 두부를 튀겨 두부가츠를 만들어주세요. Step 5 식빵에 홀그레인머스터드를 발라주세요. Step 6 의 절인 양배추의 물기를 짠 후 빵에 듬뿍 올려주세요. Step 7 어린잎을 올리고 토마토, 두부가츠의 순서대로 올려주세요. Step 8 발사믹글레이즈를 뿌리고 나머지 식빵으로 덮어주세요. Step 9 유산지로 샌드위치를 단단하게 싸서 먹기 좋게 나누어 썰고 마무리해주세요.","['고단백', '저칼로리', '고지방', '고염', '고당']",양식,일반
iEvcDbx2D9NLvDjs4sDhLVh6,참나물 페스토,"참나물 80g  견과류 호두, 아몬드 등 40g  마늘 2쪽  올리브오일 1컵  파르메산 치즈 40g  소금 큰술  후춧가루 약간","Step 1 깨끗이 씻은 참나물은 물기를 완전히 제거한 후 굵은 아랫부분의 줄기를 잘라내고 잎을 떼어내 주세요. Step 2 달군 팬에 견과류를 넣고 갈색빛이 살짝 돌도록 볶아주세요. Step 3 블렌더에 모든 재료를 넣어 갈아주세요. 소독한 밀폐 용기에 담아 냉장 보관해 주세요. 파르메산 치즈가 없으면 치즈 가루로 대체 가능해요 Step 4 빵에 곁들여 먹거나 샐러드드레싱, 파스타 소스 등으로 활용해보세요. 냉장고에서 2주 정도 보관이 가능하며 가급적 빠른 시일 내에 드시는 것을 추천해요","['저칼로리', '고지방']",채식,채식
iXMAz7aG9qMnqFbmBYUpKfJa,렌틸콩 토마토수프,렌틸콩 1컵160g  양파 12개  샐러리 1대  당근 13개  토마토완숙 1개  마늘 3쪽  토마토소스 1컵  올리브유 1큰술  월계수잎 1장  물 5컵  소금 12큰술  후춧가루 약간  파슬리 약간,"Step 1 렌틸콩은 1시간 정도 불린 후 체에 밭쳐 준비해주세요. Step 2 토마토를 끓는 물에 살짝 데쳐 껍질을 벗기고 샐러리는 껍질을 벗겨주세요. 마늘은 굵게 다지고 샐러리와 토마토, 양파, 당근은 잘게 썰어주세요. Step 3 냄비에 올리브유와 다진 마늘을 넣고 볶다가 양파와 당근, 샐러리를 넣어 5분 정도 중간불에서 볶아주세요. tip. 야채의 맛이 진하게 배어 나올 수 있도록 충분히 볶아주세요 Step 4 양파가 투명하게 볶아지면 토마토와 렌틸콩, 토마토소스를 넣어 볶고 물, 월계수잎을 넣은 후 30분 정도 끓여 주세요. Step 5 렌틸콩이 부드럽게 익으면 월계수잎을 건져내고 소금과 후춧가루를 넣어 간을 맞춘 후 다진 파슬리가루를 뿌려주세요. Step 6 기호에 따라 바삭하게 구운 바게트 빵을 함께 곁들여 맛있게 즐겨주세요.","['저칼로리', '고염']",채식,채식
DADPhJtv2ouYTCqKcmMbioQ5,배추전골,쇠고기 불고기용 500g | 알배추 20장 | 대파 1대 | 애호박 1개 | 된장 2큰술 | 멸치액젓 2큰술 | 다진 마늘 1큰술 | 참기름 2큰술 | 순후추 약간,"Step 1 애호박과 배추는 먹기좋은 크기로 썰어주세요. 대파는 송송 썰어주세요. Step 2 쇠고기는 키친타올로 핏물을 제거한 후, 양념 재료를 넣어 밑간을해주세요. Step 3 냄비에 밑간한 쇠고기, 알배추, 애호박을 넣어주세요. 물을 넣고 센불로 팔팔 끓여주세요. Step 4 팔팔 끓으면 대파를 넣고 중불로 12분 정도 끓여 마무리해 주세요. tip. 부족한 간은 소금으로 간 해주세요 tip. 추가로 양파나 청양고추를 넣으셔도 좋아요",['고염'],한식,일반
zYaog9mQiMhmnca6gcxzSr2f,마카로니샐러드,마카로니 1컵  오이 12개  당근 14개  적양파 14개  파프리카빨간색 13개  삶은 달걀 2개  파슬리가루 약간  마요네즈 6큰술  머스터드 12큰술  올리고당 1큰술  설탕 12큰술  소금 14작은술  후춧가루 약간,"Step 1 마카로니는 끓는 물에 약간의 소금을 넣고 10분 정도 삶고, 찬물에 헹군 후 체에 밭쳐 물기를 제거해주세요. 마카로니 종류에 따라 사용설명서를 참고해 삶는 시간을 조절해주세요 Step 2 오이와 당근, 적양파, 파프리카, 삶은 달걀은 잘게 잘라주세요. Step 3 손질한 재료들과 소스재료를 볼에 넣고 섞어 샐러드를 만들어주세요. 소금을 가감해 간을 맞춰주세요 Step 4 마카로니 샐러드를 접시에 담고, 파슬리가루를 뿌려 마무리해주세요.","['고단백', '저칼로리', '고염']",양식,일반
WCY2GM6KA8tfwNV9ZxUzasKi,칼라 방울토마토 마리네이드,칼라 방울토마토 30알  적양파 13개  레몬 12개  바질 약간  올리브유 5큰술  발사믹 식초 2큰술  레몬즙 1큰술  올리고당 1큰술  소금 12작은술  후추 약간,"Step 1 방울토마토 아랫부분에 열십자로 칼집을 넣어주세요. 양파는 잘게 다지고, 레몬은 반달모양으로 슬라이스 해주세요. Step 2 볼에 드레싱재료를 넣고 섞어주세요. Step 3 끓는 물에 방울토마토를 넣고, 살짝 데친 후 찬물에 헹궈 껍질을 벗겨주세요. Step 4 볼에 방울토마토와 적양파, 레몬을 넣고 드레싱을 넣어 가볍게 섞은 후 바질잎을 올려주세요. Step 5 차갑게 해서 드시면 더욱 맛이 좋아요.",['일반'],양식,일반
4GW6AeEXGSfvzKR5YBd1TyZp,아욱 된장국,아욱 150g | 멸치 다시마 육수(초이스레시피 멸치육수 2포) 5컵 | 대파 1/2대 | 청양고추 1개 | 된장 2큰술 | 고추장 1/2큰술 | 다진 마늘 1큰술,"Step 1 아욱의 줄기 끝 부분은 꺾어내고 껍질을 벗겨주세요. 큰 잎은 먹기 좋은 크기로 찢어주세요. 손질한 아욱은 흐르는 물에 23번 씻어주세요. 줄기가 두꺼운 경우 반으로 썰어주세요. tip. 줄기가 가는 아욱은 껍질을 벗기지 않아도 괜찮아요 tip. 큰 잎은 먹기 좋은 크기로 잘라주세요 tip. 줄기가 억센 경우 씻을 때 굵은 소금을 넣고 박박 문질러주세요 Step 2 청양고추와 대파는 어슷 썰어주세요. Step 3 냄비에 멸치다시마육수를 붓고 된장과 고추장을 넣어 센불에서 끓여 주세요. 육수가 끓어 오르면 아욱과 다진마늘, 청양고추를 넣고 끓여주세요. 마지막으로 대파를 넣어 한소끔 끓인 후 맛있게 즐겨주세요. tip 부족한 간은 소금을 가감해 조절해 주세요",['고염'],한식,일반
3JbKKLWakQY7bMZtqDx1xQdN,달걀아보카도샐러드,"아보카도 1개  달걀 2개  잎채소로메인, 치커리, 라디키오 약간씩  파마산치즈블럭 약간  뮤즐리 약간  올리브오일 3큰술  레몬즙또는 식초 2큰술  올리고당 1큰술  다진양파 1큰술  소금 14작은술  후추 약간  파슬리가루 약간","Step 1 냄비에 달걀과 달걀이 잠길만큼의 물을 넣은 후 약간의 소금, 식초를 넣고 반숙으로 10분 정도 삶아주세요. 삶은 달걀은 찬물에 담갔다가 껍질을 벗겨 주세요. Step 2 잎채소는 한입 크기로 썰어 찬물에 담가 깨끗이 씻은 후 물기를 제거해주세요. 볼에 드레싱재료를 넣고 섞어주세요. Step 3 아보카도는 반으로 가른 후, 씨를 빼고 껍질을 벗겨 한입크기로 잘라주세요. Step 4 접시에 잎채소와 아보카도, 삶은 달걀, 뮤즐리를 올리고 파마산치즈블럭을 갈아 뿌려주세요. 삶은 달걀은 이등분으로 자른 후 약간의 소금과 후추를 뿌려주세요 Step 5 샐러드에 레몬드레싱을 곁들여 즐겨주세요. 기호에 따라 구운 빵을 곁들여 드셔도 좋답니다.","['고단백', '저칼로리', '고지방', '고염']",양식,일반
1MZ4KPN4M1pafR2UqnTva7T5,구운 채소 볼레네제 샐러드,"애호박 개  가지 개  아스파라거스 2줄기  달걀 1개  볼로네제 3티스푼  초록콩 8개  세발나물 3줄기  식초 50ml  소금, 후추 약간  올리브유 약간","Step 1 애호박과 가지는 아스파라거스 모양으로 썰어준 뒤 팬에 오일을 두르고 애호박, 가지, 아스파라거스를 구워주세요. Step 2 냄비에 물을 담고 소금, 식초를 넣고 끓이다가 불을 줄인 후 달걀을 조심히 깨 넣어 3분간 익힌 뒤 찬물에 담갔다가 건져내어 수란을 만듭니다. Step 3 볼로네제 소스를 따뜻하게 데워 구운 채소 위에 올려 주세요. Step 4 콩을 뜨거운 물에 따뜻하게 데친 후 구운 채소 위에 올려 주세요. Step 5 완성 마지막으로 세발나물, 수란을 올려 완성해 주세요.","['고단백', '저칼로리', '고지방', '고염']",양식,일반
BLsEFdks6XDuP6JMUhjNP9wL,영양 뿌리채소 찜,단호박 개  고구마 개  감자 개  연근 개  브로콜리 개  은행 6알  장마 개,"Step 1 단호박, 감자, 고구마, 장마, 연근을 1.5cm 크기로 깍둑썰기해주세요. Step 2 끓는 물에 소금을 넣고 손질한 브로콜리를 30초간 데친 후 찬물에 헹궈주세요. Step 3 단호박, 감자, 고구마, 장마, 연근을 김이 오른 찜솥에 10여 분간 쪄주세요. Step 4 은행은 프라이팬에 노릇노릇하게 볶아서 키친 타월에 비빈 후 껍질을 제거해 주세요. Step 5 완성 10여 분간 찐 뿌리채소와 은행, 브로콜리를 섞어서 그릇에 담아내면 완성이예요. Tip. 입맛에 맞는 뿌리채소를 사용해도 좋으며, 뿌리채소를 찔 때 약간의 죽염을 넣으면 단맛도 살고 간도 알맞아요.","['저칼로리', '고염', '고당']",채식,채식
jSMvN4jHcJNJUvHrtUQEJnbn,유린기,닭다리살 500g정육 4쪽  로메인 또는 양상추 13통  대파 12대  우유 12컵  감자 전분가루 1컵  소금 약간  후추 약간  달걀흰자 1개  맛술 1큰술  생강즙 12큰술  다진마늘 1작은술  소금 12작은술  간장 2큰술  식초 2큰술  올리고당 2큰술  설탕 1큰술  청양고추 1개  홍고추 1개  레몬 약간,"Step 1 닭다리살은 기름기를 제거하고 우유 12컵에 10분정도 담갔다가 찬물에 씻어낸 후, 닭밑간 재료에 10분간 재워주세요. Step 2 로메인은 굵게 채썰고, 대파 흰부분은 반으로 가른 후 6cm 길이로 곱게 채썰어주세요. 청양고추와 홍고추를 링으로 썰고, 레몬은 얇게 슬라이스해서 소스재료와 섞어주세요. Step 3 밑간한 닭다리살에 전분가루를 꾹꾹 눌러 입힌 후 160도로 오른 기름에 넣어 한 번 튀겨주고, 센불에서 한 번 더 바삭하게 튀겨준 후 먹기 좋은 크기로 잘라주세요. 전분가루를 묻힌 후 바로 튀기지 말고, 닭의 수분이 조금 올라왔을 때 튀기시면 기름이 탁해지지 않아 좋답니다. Step 4 그릇에 로메인또는 양상추을 깔고 튀긴 닭과 홍고추, 슬라이스한 레몬, 파채를 올리고 먹기직전에 소스를 뿌려주세요.",['고지방'],중식,일반
qKGDC8huLzWdLecvnjhxSB8p,퀴노아 샐러드,퀴노아 컵  토마토 2개  적양파 개  고수 반 줌  삶은 병아리콩 컵  올리브오일 컵  소금 약간  후춧가루 약간  커민 1작은술  라임즙 레몬즙으로 대체 가능 1큰술,"Step 1 물에 헹군 퀴노아를 냄비에 담고 생수 1컵을 부어 중불에서 1015분간 끓여주세요. Step 2 토마토는 씨를 빼고 깍둑 썰어주세요. 적양파는 다지고 고수는 잘게 썰어주세요. Step 3 볼에 토마토와 적양파, 고수를 넣고 삶은 병아리콩, 퀴노아를 넣어주세요. tip. 병아리콩은 캔을 사용하시거나 6시간 정도 불린 후 15분간 삶아 사용해주세요 Step 4 드레싱재료를 넣고 섞은 후 30분 정도 냉장고에서 차갑게 보관한 후 맛있게 즐겨주세요. tip. 기호에 따라 드레싱의 양을 조절해 만들어 주세요",['일반'],채식,채식
CQjvWyUdk6Dyq2xZNPUgt3uX,청포묵 무침,청포묵 1모 (300g) | 쪽파 1줄기 | 홍고추 1개 | 통깨 약간 | 조미김 1봉지 | 소금 약간 | 참기름 1큰술 | 간장 1큰술,Step 1 청포묵은 적당한 두께로 채를 썰어주세요. 체에 밭쳐 끓는 물에 데친 후 찬물에 담가주세요. 청포묵이 완전히 투명해 질때까지 데쳐주세요 Step 2 쪽파와 홍고추는 종종 썰어주세요. Step 3 볼에 데친 청포묵을 넣고 간장과 참기름을 넣어 버무려주세요. Step 4 쪽파와 홍고추를 넣고 조미김을 손으로 부숴 넣은 후 조물조물 무쳐주세요. Step 5 통깨를 뿌려 맛있게 즐겨주세요. 모자란 간은 소금으로 맞춰주세요.,"['고지방', '고염']",한식,일반
hz4Zdqq6un98JZyE7m3cw72X,콩자반,검은콩 (서리태) 1컵 | 물 (콩 불린 국물) 1+½컵 | 물엿 1큰술 | 통깨 약간 | 간장 3큰술 | 설탕 2큰술,Step 1 검은콩은 깨끗이 씻어 3시간 이상 불려주세요. Step 2 불린 콩에 물을 붓고 약한 불에서 뚜껑을 열고 20분 정도 삶아주세요. 콩 불린 국물을 사용해서 조리면 영양 손실을 줄일 수 있답니다. Step 3 콩이 말랑하게 삶아지면 양념 재료를 넣고 약한 불에서 15분 정도 물기가 자작해질 때까지 졸여주세요. 양념 Step 4 마지막에 중약불에서 물엿을 넣고 섞은 후 불을 꺼주세요. Step 5 접시에 검은콩 자반을 담고 통깨를 뿌려주세요.,['일반'],한식,일반
6eLABToeSQGFqukcSs5Dud9k,콩나물 두부조림,두부 1모 (400g) | 콩나물 1봉지 (300g) | 대파 ¼대 | 양파 ½개 | 청양고추 1개 | 멸치 다시마 육수 1컵 | 식용유 약간 | 간장 3큰술 | 고춧가루 2큰술 | 맛술 1큰술 | 참치액 ½큰술 | 설탕 ½큰술 | 물엿 1큰술 | 다진 마늘 ½큰술 | 참기름 ½큰술 | 후춧가루 약간,Step 1 콩나물은 깨끗이 씻어 준비하고 두부는 먹기 좋게 썰어 키친타올에 올려 물기를 빼 주세요. Step 2 대파는 반 갈라 4cm 길이로 썰고 청양고추는 어슷하게 썬 후 양파는 굵게 채를 썰어주세요. 볼에 양념장 재료를 넣고 섞어주세요. Step 3 달군 팬에 약간의 기름을 두르고 두부를 앞뒤로 노릇하게 구워주세요. Step 4 냄비에 양파와 콩나물을 바닥에 깔고 두부를 올린 후 멸치 다시마 육수와 양념장을 넣고 조려주세요. tip 두부에 양념 국물을 끼얹어 가며 조려주세요. 양념 Step 5 콩나물이 익으면 대파와 청양고추를 넣고 한소끔 끓여 준 후 맛있게 즐겨주세요.,"['고단백', '저칼로리', '고지방']",한식,일반
K5YSxdm2BhPk9UYifxqK6vLa,돼지고기 수육 겨자냉채,돼지고기(통삼겹살) 1kg | 오이 1/2개 | 양파 1/2개 | 파프리카(노란색) 1/2개 | 영양 부추 한 줌 | 통깨 약간 | 물 8컵 | 된장 1큰술 | 미림(또는 청주) 1/4컵 | 대파(잎 부분) 2대 | 마늘 5쪽 | 생강 (마늘 1쪽 크기) 1쪽 | 월계수 잎 2장 | 통후추 약간 | 맛술 3큰술 | 간장 2큰술 | 물엿 1큰술 | 물 2큰술 | 식초 2큰술 | 연겨자 1큰술 | 설탕 1큰술 | 연유 1큰술 | 간장 1작은술 | 다진 마늘 1/2작은술 | 소금 1꼬집,"Step 1 냄비에 고기 삶는 재료를 넣고 국물이 끓어오르면 통삼겹살을 덩어리째 넣고 한소끔 끓이다가 불을 중약불로 줄여 1시간 정도 삶아주세요. Step 2 오이는 4센치 길이로 잘라 돌려 깎아 속 씨를 제거한 후 채를 썰고, 파프리카와 영양 부추는 4센치 길이로 채를 썰어주세요. 양파는 얇게 채를 썰고 찬물에 담갔다가 매운맛을 빼고 물기를 제거해주세요. Step 3 볼에 겨자소스 재료를 넣고 섞어 겨자소스를 만들어주세요. Step 4 팬에 간장 소스 재료를 넣고 소스가 보글보글 끓으면 삶은 돼지고기를 얹고 약한불에서 앞뒤로 뒤집어가며 윤기 나게 2분 정도 졸여주세요. Step 5 조린 돼지고기는 먹기 좋은 크기로 잘라주세요. Step 6 채 썰어둔 채소는 겨자소스에 가볍게 버무려주세요. Step 7 접시에 돼지고기를 담은 후 채소를 적당량 올려주세요. 남은 겨자소스와 통깨를 뿌려 완성해주세요. tip. 기호에 따라 쌈무를 곁들이면 식감도 좋고 더욱 새콤하게 드실 수 있어요","['고단백', '저칼로리', '고지방', '고염']",한식,일반
mRydgpjYh3Qm3Btw21TwvbPf,아스파라거스 구이,아스파라거스 300g  레몬 1개  마늘 4개  올리브오일 3큰술  소금 약간  후춧가루 약간,Step 1 깨끗이 씻은 아스파라거스는 두꺼운 줄기 끝부분을 잘라주세요. 마늘은 편 썰어주세요. Step 2 달군 팬에 올리브오일을 두르고 편 썬 마늘과 아스파라거스를 넣고 소금과 후추를 뿌려 센 불에서 굽다가 뚜껑을 닫아 45분간 중약 불로 익혀주세요. Step 3 접시에 담고 레몬즙과 레몬 제스트를 뿌려 맛있게 즐겨주세요.,"['고지방', '고염']",양식,일반
3JKMHdvfUzKUw8bJGeTHFzcK,닭가슴살 크랜베리 샌드위치,통밀빵 4장  익힌 닭가슴살 2팩 200g  크랜베리 4큰술  오이 개  루꼴라 한 줌  마요네즈 3큰술  그릭요거트 3큰술  후추 약간,Step 1 닭가슴살은 다져주세요. 오이는 얇게 슬라이스 해주세요. Step 2 볼에 닭가슴살과 크랜베리를 넣고 소스 재료를 넣어 버무려주세요. Step 3 빵은 적당한 두께로 자른 후 반으로 갈라주세요 Step 4 빵에 루꼴라를 넣고 버무린 닭가슴살과 오이를 넣어 완성해주세요.,"['고단백', '저칼로리']",다이어트,다이어트
GufSwRus38L2Nxd2tj7R6shS,뚝배기불고기,쇠고기(불고기용) 300g | 양파 1/2개 | 당근 1/4개 | 팽이버섯 1/2개 | 표고버섯 3개 | 홍고추 1/2개 | 대파 1/2대 | 불린당면(한줌) 100g | 다시마육수 2컵 | 간장 4큰술 | 맛술 2큰술 | 설탕 1큰술 | 다진파 1큰술 | 다진마늘 1큰술 | 참기름 1/2큰술 | 소금 한꼬집 | 후춧가루 약간,"Step 1 쇠고기는 키친타월에 밭쳐 핏물을 제거하고, 먹기 좋게 썬 후 고기양념에 넣어 10분정도 재워주세요. 당면은 찬물에 담가 20분정도 불려주세요. Step 2 팽이버섯은 밑동을 제거하고, 표고버섯과 양파, 당근은 채썰어주세요. 대파와 홍고추는 어슷하게 썰어주세요. Step 3 냄비에 양념한 쇠고기와 양파를 넣어 고기의 겉만 살짝 익도록 볶다가, 다시마육수를 부어 끓여주세요. 다시마육수는 물 3컵에 사방 6센치 다시마 1장을 넣고, 5분정도 우려 만들어주세요 Step 4 국물이 끓으면 당근과 표고버섯, 불려둔 당면을 넣고 약 5분정도 더 끓인 후 마지막에 팽이버섯과 홍고추, 대파를 넣고 한 소끔 더 끓여 주세요. 육수가 끓을 때 생기는 거품은 걷어내주세요. Step 5 전골이 완성된 후 참기름을 12방울 정도 넣어주면 향이 더 고소해요.","['저칼로리', '고지방']",한식,일반
CxBvYB9cy5hUm9deAW7TtKag,어묵볶음,어묵 (사각어묵) 200g | 양파 1/4개 | 꽈리고추 5개 | 식물성유 적당량 | 참기름 1/2큰술 | 통깨 약간 | 간장 1큰술 | 맛술 2큰술 | 올리고당 1큰술 | 다진마늘 1작은술 | 설탕 1작은술 | 후춧가루 약간,"Step 1 어묵은 먹기 좋게 채를 썰어준 후, 끓는 물에 살짝 데쳐 기름기를 빼 주세요. 어묵을 체에 넣고 뜨거운 물을 부어주셔도 돼요 Step 2 양파는 채를 썰고, 꽈리고추는 반으로 잘라 어슷하게 잘라주세요. Step 3 팬에 약간의 기름을 두르고, 어묵과 양파를 넣어 중약불에서 볶아주세요. Step 4 양파가 반쯤 익으면 간장양념을 넣어 2분 정도 볶다가, 꽈리고추를 넣고 살짝 볶은 후 마지막에 참기름과 통깨를 뿌려주세요. Step 5 반찬으로 맛있게 즐겨주세요.","['고지방', '고염']",한식,일반
RWStmfie3npvq89mv1Uge6wv,낫또 아보카도 덮밥,낫또 1팩 50g  아보카도 개  두부 모  현미밥 1공기  달걀 1개  고추냉이 약간  쯔유 우동용 1큰술  참기름 약간  실파 생략 가능 1대  소금 약간  후춧가루 약간  간장 1큰술  연겨자 약간,"Step 1 두부는 한입 크기로 잘라 물기를 제거해 주세요. 달군 팬에 오일을 살짝 두른 후 두부에 소금, 후춧가루를 뿌려 노릇하게 구워주세요. Step 2 달군 팬에 오일을 살짝 두른 후 달걀 후라이를 만들어주세요. Step 3 낫또에 낫또 양념을 넣어 섞어주세요. Step 4 아보카도는 반으로 갈라서 씨를 제거한 후 껍질을 벗겨 얇게 슬라이스 해주세요. 쪽파는 송송 썰어주세요. Step 5 그릇에 밥을 담은 후 아보카도와 달걀 후라이, 낫또를 올려주세요. Step 6 쪽파를 뿌리고 고추냉이와 쯔유, 참기름을 둘러 완성해 주세요. 기호에 따라 김을 잘게 잘라 올려도 좋아요","['고단백', '저칼로리', '고지방', '고염']",다이어트,다이어트
uRYru9sHP1it6j1crxTreMmp,채소잡채,우엉 70g  쑥갓 70g  홍고추 1개  당면 120g  불린 목이버섯 50g  통마늘 2톨  올리브유 약간  통깨 약간  간장 약간  조청 1티스푼,"Step 1 우엉은 길게 어슷 썰어 일렬로 정리한 뒤 얇게 채 썰어주세요. 불린 목이버섯은 1cm 두께로 굵게 채 썰어주세요. 통마늘은 편으로 썰고, 홍고추는 반으로 가른 뒤 씨를 제거하고 5cm 길이로 채 썰어주세요. Step 2 쑥갓은 끓는 물에 소금 한 꼬집을 넣어 데쳐 손으로 물기를 꽉 짠 뒤 5cm 길이로 썰어주세요. 데친 쑥갓은 간장 적량을 넣고 버무려 놓으세요. Step 3 달군 팬에 식용유를 두르고 마늘우엉목이홍고추 순으로 넣어 볶다가 간장 적량을 넣어주세요. Step 4 당면은 물 2L에 간장 2T, 포도씨유 1T을 넣고 7분간 삶은 후 먹기 좋은 길이로 잘라주세요. Step 5 채소를 볶았던 팬에 당면을 올리고 수분기를 날려 주며 달달 볶으면서 간장과 조청으로 간을 해주세요. Step 6 잡채 위에 STEP3의 볶은 채소들을 올려 골고루 섞어주세요. Step 7 잡채 위에 통깨를 뿌리고 그릇에 담아 마무리하세요.","['저칼로리', '고염', '고당']",채식,채식
w9ihaL7zpnyPbpmt2hcGVpG2,양파 처트니,양파 45개  식용유 2큰술  버터 2큰술  발사믹 식초 50mL  설탕 2큰술  소금 약간  후춧가루 약간  생강가루 생략 가능 1작은술,"Step 1 양파는 결 반대 방향으로 얇게 썰어주세요. Step 2 달군 냄비에 버터와 식용유를 넣어 주세요. 버터가 녹으면 채썬 양파를 넣어 볶아주세요. Step 3 소금과 후추를 넣고 5분 정도 볶은 후 뚜껑을 닫고 15분간 약불에서 익혀주세요. 중간중간 타지 않게 저어주세요 Step 4 양파에 설탕과 생강가루, 발사믹 식초를 넣고 30분간 약불에서 볶아 완성해 주세요.","['고지방', '고염', '고당']",양식,일반
pFxtM9ktmKoCsHQxQKQaqHQj,해초 비빔밥,모둠 건 해초 2봉 (14g) | 날치알 2큰술 | 적양배추 ¼개 | 오이 ¼개 | 밥 2공기 | 참기름 1큰술 | 고추장 1큰술 | 다진 마늘 ½큰술 | 식초 1큰술 | 설탕 1큰술 | 매실청 1큰술 | 고춧가루 ½작은술 | 통깨 약간,"Step 1 건 해초는 찬물에 담가 34분간 불려주세요. 불린 해초는 체에 밭쳐 물기를 빼주세요. 물기를 뺀 해초를 냉장고에 넣어 1015분 정도 차갑게 해두면 식감이 더욱 살아나요 Step 2 볼에 소스 재료를 넣고 섞어주세요. Step 3 적양배추와 오이는 가늘게 채를 썰어주세요. Step 4 그릇에 밥을 담고 해초, 적양배추, 오이를 둘러 담아주세요. Step 5 날치알을 올린 후 소스와 참기름을 뿌려 맛있게 즐겨주세요.","['저칼로리', '고지방']",한식,일반
Nnjm3XRGfYNgsHnkT716krLt,모둠버섯찌개,소고기 (양지살) 300g | 느타리버섯 130g | 팽이버섯 80g | 표고버섯 4개 | 양파 10g | 대파 50g | 청양고추 1개 | 홍고추 1개 | 국간장 2큰술 | 고추장 2큰술 | 고춧가루 1큰술 | 다진 마늘 1큰술 | 설탕 ½큰술 | 된장 ½큰술 | 참기름 1큰술 | 물 800ml,"Step 1 소고기를 물에 담가 30분 정도 핏물을 빼주세요. Step 2 양파는 채 썰고 대파, 청양고추, 홍고추는 어슷하게 썰어주세요. Step 3 느타리버섯과 팽이버섯은 밑동을 자르고 느타리버섯은 하나씩 떼주세요. 표고버섯은 1cm 두께로 슬라이스해주세요. Step 4 달군 냄비에 참기름을 두르고 소고기를 넣어 1분 정도 볶아주세요. Step 5 소고기가 익으면 물을 넣고 국간장, 고추장, 고춧가루, 마늘, 설탕, 된장을 넣어 5분 정도 끓여주세요. Step 6 팔팔 끓어오르면 느타리버섯, 팽이버섯, 표고버섯, 양파, 대파, 청양고추, 홍고추를 넣고 표고버섯이 익을 때까지 5분 정도 더 끓여주세요. Step 7 완성 완성된 모둠버섯찌개를 그릇에 담아, 쫄깃한 버섯과 깊은 맛의 소고기 국물을 함께 떠서 맛있게 드셔보세요","['고단백', '저칼로리', '고지방', '고염', '고당']",한식,일반
tYJwrXhbrBL3KBmLqsj6UCyx,주먹밥도시락,찰현미밥 2공기  연근 14개  당근 16개  불린 건표고버섯 1개  브로콜리 13개  밥톳 1작은술  빨간 파프리카 16개  통마늘 1쪽  올리고당 1큰술  간장 1큰술  깨 약간  식물성기름 적당량  소금 약간  후춧가루 약간,"Step 1 건표고버섯은 미지근한 물에 3시간 정도 불려 준비해주세요. 밥톳을 물 2큰술에 3분 정도 불려주세요. Step 2 브로콜리를 데쳐 건진 후, 엄지 손톱 크기 정도로 봉오리를 작게 잘라주세요. 연근은 얇은 은행잎꼴로 썰고, 당근은 곱게 채썰어주세요. 파프리카는 1cm 정방형으로 썰고, 마늘은 굵게 다져주세요. 불린 표고버섯은 얇게 채썰고, 표고버섯 불린 물 12컵은 그대로 남겨주세요. Step 3 팬에 식물성유를 두르고 마늘을 볶다가, 파프리카와 밥톳을 넣고 약간의 소금과 후춧가루를 넣어 밑간 해 살짝 볶아주세요. Step 4 새로 달군 팬에 식물성기름을 두르고 당근을 볶다가 기름이 돌면 연근과 표고버섯을 넣어 볶아주세요. 표고버섯 불린 물 12컵을 넣어 중불에서 연근이 부드러워질 때까지 끓인 후, 올리고당과 간장을 넣고 물기없이 졸여주세요. Step 5 볼에 찰현미밥을 넣고 볶은 밥톳과 파프리카와 데친 브로콜리를 넣고 소금으로 간을 하고 섞어준 후 주먹밥을 만들어주세요 Step 6 볼에 찰현미밥을 넣고 볶은 당근과 연근, 표고버섯, 약간의 깨를 넣고 소금으로 간을 한 후 주먹밥을 만들어주세요. Step 7 알맞은 그릇에 담아 맛있게 즐겨주세요.","['저칼로리', '고지방', '고염']",채식,채식
GLpuqRNY4ufHV5xJfNFjtY15,톳 미니양배추 두부무침,톳 한 줌120g  두부 모  미니양배추 3개  깨소금 1작은술  구운소금 작은술  다진마늘 작은술,"Step 1 톳의 딱딱한 부분이나 이물질을 제거하고 깨끗하게 손질해 주세요. 미니양배추는 4등분하고 두부는 으깬 후 물기를 제거하여 준비해 주세요. Step 2 끓는 물에 소금 12작은술을 넣고 손질된 미니양 배추를 30초동안 데친 후 찬물에 헹궈주세요. Step 3 양배추 데친 물에 손질된 톳도 2030초간 데쳐 주세요. Step 4 데친 톳, 미니양배추, 두부를 모두 넣은 후 함께 무쳐주세요. Step 5 완성 접시에 담아내 맛있게 드세요. Tip. 톳에는 이물질이 많기 때문에 깨끗하게 세척하셔야 해요. 데칠 때 소금 12작은술을 넣으면 색감도 더욱 좋아진답니다.","['고단백', '저칼로리', '고염']",채식,채식
PiSbFMSmjXp3dqnYR9Ue3NY3,양배추 스테이크,양배추 통  올리브 오일 약간  간장 2큰술  후춧가루 약간  버터 1조각  허브 가루 생략 가능 약간  녹인 버터 2큰술  레몬즙 큰술  다진 마늘 큰술  디종 머스타드 1작은술  파프리카 파우더 작은술  파슬리 가루 약간,"Step 1 깨끗이 씻은 양배추는 심지를 살려 웨지 모양으로 잘라주세요. Step 2 냄비에 양배추와 물, 버터를 넣어 뚜껑을 닫아 8분 정도 쪄주세요. 버터와 함께 찌면 양배추가 코팅되면서 더욱 고소한 맛을 줄 수 있답니다 Step 3 볼에 버터 소스 재료를 섞어 소스를 만들어주세요. Step 4 팬에 오일을 두르고 찐 양배추를 소금, 후춧가루, 허브 가루, 간장으로 간을 하여 앞뒤로 노릇하게 구워주세요. 찌지 않고 오븐에 구워 만들 수도 있답니다 Step 5 접시에 양배추 스테이크와 버터 소스를 곁들여 맛있게 즐겨주세요.","['고지방', '고염']",양식,일반
EknPvcxkHz75gbWTQKK2GWnN,소시지 토마토 스튜,제주맘 소시지 68개  양파 개  양배추 통  마늘 5개  통조림 콩 1병  토마토소스 2컵  슈레드치즈 1컵  레드 와인 생략 가능 1컵  파프리카 가루 2큰술  올리브 오일 약간  월계수 잎 23장  소금 약간  후춧가루 약간  파슬리 생략 가능 2줄기  물 2컵,"Step 1 양파와 양배추는 깍뚝 썰고 마늘은 편 썰어 주세요. tip. 야채는 취향에 따라 당근, 감자, 호박 등 다양하게 응용 할 수 있어요 Step 2 달군 팬에 올리브 오일을 두르고 마늘과 양파를 넣어 볶다가 소시지를 넣어 노릇하게 볶아주세요. Step 3 소시지가 노릇하게 구워지면 양배추와 파프리카 가루를 넣어 볶아주세요. 레드 와인과 월계수 잎을 넣어 졸여 주세요. Step 4 레드 와인이 졸여지면 토마토소스와 물을 넣고 한소끔 끓인 후 콩을 넣어 뭉근히 끓여주세요. Step 5 완성된 스튜에 슈레드 치즈와 파슬리 잎을 넣고 치즈가 녹으면 그릇에 담아 맛있게 즐겨주세요.","['저칼로리', '고지방']",양식,일반
in4Jf7gWLw5FyhUeKbPvNjcS,새우파인애플피자,토르티아 4장  양파 14개  방울토마토 3개  양송이버섯 2개  파인애플 100g  칵테일새우 810마리  피자치즈 1컵  토마토소스 1큰술  소금.후추 약간씩  파슬리가루 약간  올리브오일 약간,"Step 1 양파는 채 썰고 방울토마토, 양송이버섯, 파인애플은 먹기 좋게 잘라주세요. 팬에 올리브오일을 두른 후 양파, 양송이버섯, 칵테일새우 순으로 볶습니다. 볶을 때 소금, 후추로 간을 해주세요. Step 2 토르티야에 피자치즈를 골고루 뿌리고 다시 토르티야 한 장을 겹쳐 올립니다. 토마토소스를 고르게 펴 바른 후 양파를 깔고 피자치즈를 한 번 더 뿌려주세요. Step 3 방울토마토, 양송이버섯, 파인애플, 칵테일새우를 올린다. 팬 뚜껑을 덮고 치즈가 녹을 때까지 약한 불로 1215분간 구워주세요. 200도로 예열한 오븐에 넣어 10분간 구우면 좀 더 바삭한 피자를 만들 수 있어요. Step 4 파슬리가루를 뿌려 마무리해주세요.","['고단백', '저칼로리', '고지방', '고염']",양식,일반
9FMFLQdFfc2H2ZCWCc4n2guW,사천식 량반두부피,오이 40g  불린 목이버섯 20g  홍파프리카 40g  두부피 200g  마늘 20g  고추기름 30g  마늘 10알  치킨파우더 30g  산초가루 10g  백후추 2g  설탕 3g  고추씨 30g,"Step 1 두부피, 오이, 홍피망, 목이버섯, 마늘은 채 썰어 준비해 주세요. Step 2 분량의 재료를 골고루 섞어서 소스를 만들어 주세요. Step 3 완성 볼에 순서 1과 2를 넣어 양념이 잘 배이도록 무쳐서 완성해 주세요. Tip. 두부피는 한 번 데쳐서 찬물에 헹궈 사용하면 냄새도 없어지고 탱글해진답니다.","['고단백', '저칼로리']",중식,일반
E2DwuTfE6TaapbMvrdRaYpTD,김치 콩나물죽,김치 ⅙포기 (200g) | 김치 국물 3큰술 | 콩나물 한 줌 (50g) | 대파 ¼대 | 찬밥 ½공기 | 국간장 1작은술 | 고춧가루 1큰술 | 청양고추 (생략 가능) 1개 | 참기름 1큰술 | 김가루 약간 | 통깨 약간 | 물 5컵 | 멸치 10마리 | 다시마 (사방 6cm) 2장 | 황태채 한 줌,"Step 1 냄비에 육수 재료를 넣고 10분 정도 끓여 육수를 진하게 내주세요. Step 2 김치는 송송 썰고, 대파는 어슷하게 썰어주세요. 청양고추는 잘게 다져주세요. Step 3 육수 재료를 건진 후 김치, 김치국물, 고춧가루를 넣어 5분 정도 끓여주세요. Step 4 국간장을 넣어 간을 맞춘 후 밥과 콩나물, 대파를 넣어 끓여주세요. Step 5 그릇에 담은 후 김가루와 통깨, 참기름, 다진 청양고추를 얹어 맛있게 즐겨주세요.","['고지방', '고염']",한식,일반
gthD7mjdQ4EjgQuj8aMntEsF,대구살 무 표고버섯죽,불린 쌀 90g | 무 20g | 표고버섯 20g | 대구살 40g | 물 540ml,"Step 1 냄비에 물을 반쯤 담고 찜기를 올려 대구살을 찐 후, 살만 잘 발라내 곱게 다져주세요. Step 2 무는 껍질을 벗겨 손질해 끓는 물에 넣어 푹 익혀주세요. Tip. 무는 특유의 아린 맛 때문에 아기가 잘 먹지 못 할 수도 있어요. 그러니 부서질 정도로 푹 익혀서 사용해주세요. 무 삶은 물은 죽 끓일 때 사용하면 좋아요. Step 3 표고버섯은 기둥을 최대한 바짝 자른 후, 먼지를 털어내고 흐르는 물에 행군 다음 잘게 다져주세요. Tip. 버섯끼리 툭툭 부딪쳐가며 털어내면 생각보다 쉽게 털어낼 수 있어요. Step 4 절구에 불린 쌀과 대구살, 무를 넣고 잘게 으깨주세요. Step 5 냄비에 모든 재료를 넣고, 물 또는 무 삶은 물에 부어 강한 불로 저으며 끓여요. 끓기 시작하면 약한 불로 줄여 농도가 적당해질 때까지 저어가며 끓여주세요. Step 6 회분으로 나눠 용기에 담아주세요.",['저칼로리'],한식,일반
SfL7dE6Wzo8YorByS48xeABF,새우크림카레에비카레,고형카레 4조각  양파 2개  당근 12개  흰다리새우또는 칵테일새우 12마리  연근 16개  깐마늘 6톨  다진마늘 2큰술  버터 1조각40g  우유 600ml  물 400ml  이탈리안 파슬리생략가능 약간  튀김유 적당량  소금 약간  후추 약간,"Step 1 양파와 당근은 채썰고, 연근과 마늘은 얇게 슬라이스해주세요. 새우는 손질 후 흐르는 물에 깨끗하게 씻어 체에 밭쳐 물기를 빼고 밑간을 해주세요. Step 2 달군 냄비에 버터를 두르고, 채썬 양파를 넣어 양파가 갈색이 되도록 약불에서 약 1520분 볶아준 후 당근을 넣어 볶아주세요. Step 3 물을 넣어 재료들을 조금 더 끓인 후 핸드블렌더로 곱게 갈아주세요. 고형카레를 넣어 뭉치지 않게 저어주고 우유를 넣어주세요. Step 4 달군 팬에 오일을 두르고, 다진마늘을 살짝 볶다가 새우를 넣어 노릇하게 익혀주세요. 물기를 제거한 연근과 마늘 슬라이스는 170도 기름에서 노릇하게 튀겨주세요. Step 5  스타일링 팁 밥공기에 밥을 담은 후 접시에 엎어 동그랗게 만들어주세요. 후리가케생략가능와 튀긴 마늘칩을 올려주세요. 카레를 적당량 부어준 후 연근칩새우연근칩새우 순으로 카레 위에 보기 좋게 올려주세요. 파슬리와 잘게 부순 마늘후레이크를 뿌려내어 완성해주세요. Step 6 스타일링팁을 활용해 그릇에 담고, 따뜻할 때 밥과 섞어 맛있게 즐겨주세요.","['고단백', '고지방']",일식,일반
86kXDnKtJ5a7goKPE7NwcJ6Z,스팸 마요 덮밥,스팸 ½개 | 양파 ⅓ 개 | 밥 1공기 | 달걀 2개 | 마요네즈 1큰술 | 송송 썬 쪽파 1큰술 | 식용유 약간 | 통깨 약간 | 간장 2큰술 | 설탕 1큰술 | 물 2큰술 | 맛술 1큰술,"Step 1 양파는 채를 썰고, 스팸은 먹기 좋은 크기로 잘라주세요. 첨가물 제거를 위해 스팸은 뜨거운 물을 한번 끼얹어 사용하면 좋아요 Step 2 볼에 달걀을 풀어주세요. 볼에 소스 재료를 넣어 섞어주세요. Step 3 달군 팬에 식용유를 두른 후 달걀을 넣어 스크램블을 만들고 접시에 덜어주세요. Step 4 달군 팬에 스팸을 넣어 노릇하게 볶아주세요. Step 5 달군 팬에 식용유를 두른 후 양파를 볶다가 숨이 죽으면 소스를 넣어 가볍게 섞은 후 불을 꺼주세요. Step 6 그릇에 밥을 담고 밥 위에 볶은 양파와 볶은 스팸, 끝 쪽에는 스크램블을 둘러 담아주세요. Step 7 마요네즈를 지그재그로 뿌린 후 쪽파와 통깨를 뿌려 완성해주세요. 쪽파가 없을 경우 기호에 따라 대파나 청양고추, 김가루, 파슬리 등을 뿌려 만들어도 좋아요","['고단백', '고지방']",한식,일반
XPj4523WzYFdR5puKzcLdPCW,들깨애호박국수,애호박 3개  중면 인원수 분량  들깨가루 3국자  새우젓 2큰술  참치액젓 3큰술  물 1.5리터,"Step 1 애호박은 채를 썰어주세요. Step 2 중면을 삶아 찬물 샤워 시켜주고 물기를 탈탈 털어 준비해 주세요. Step 3 팬에 기름 두르고 애호박, 새우젓을 넣어 원하는 식감에 맞게 볶아주세요. 볶아진 애호박은 한 김 식혀주세요. Step 4 애호박 볶은 팬에 물을붓고 참치액젓, 들깨가루를 넣어 팔팔 끓여주세요. Step 5 그릇에 중면을 담고 육수를 부어준 후 볶은 애호박을 올리고 취향에 맞게 김가루나, 깨, 고춧가루, 참기름을 추가해 주세요.","['고단백', '고지방']",채식,채식
sFAG3pvbikbsGGqRoUuVGGTV,무떡볶이,가래떡 3줄 (300g) | 무 ¼개 (300g) | 어묵 2장 | 대파 ½대 | 다시마 멸치 육수 2컵 | 고운 고춧가루 3큰술 | 고추장 2큰술 | 설탕 2큰술 | 물엿 2큰술,"Step 1 무는 손가락 굵기로 6센치 길이로 굵직하게 썰고 가래떡은 한 입크기로 먹기좋게 잘라주세요. 어묵은 길쭉한 모양으로 썰고 대파는 어슷하게 썰어주세요. 볼에 양념장재료를 넣고 고루 섞어 주세요. Step 2 냄비에 무를 넣고 약한 불에서 수분이 날아 갈 정도로 살짝 볶다가 양념장을 넣은 후 뚜껑을 닫고 약한 불에서 810분정도 끓여주세요. Step 3 가래떡과 어묵은 끓는 다시마 멸치 육수를 넣어 살짝 데쳐 준비해주세요. Step 4 무가 익으면 가래떡과 어묵, 다시마 멸치 육수 컵을 넣고 양념장과 어우러지게 골고루 섞어주세요. tip 무에서 나온 수분이 적으면 다시마 멸치 육수를 가감해서 농도를 조절해 주세요. Step 5 마지막에 대파를 넣고 맛있게 즐겨주세요.",['일반'],한식,일반
y4wwLB1sGGjdCLosWzuQLK6j,돼지고기장조림,돼지고기(안심) 700g | 달걀 6개 | 물 5컵 | 대파(파란부분) 1대 | 양파 1/2개 | 마늘 6쪽 | 생강(마늘 두 쪽 크기) 1쪽 | 통후추 10알 | 월계수잎 2장 | 물 3컵 | 간장 1/2컵 | 맛술 5큰술 | 설탕 2큰술 | 후춧가루 약간 | 마른고추 1개,"Step 1 돼지고기는 6센치 길이로 썰어주세요. 냄비에 고기 삶는 물 재료를 넣고 끓이다가 국물이 끓으면 고기를 넣고 20분 정도 삶아 체에 건져주세요. 고기 삶은 물은 버려주세요. Step 2 냄비에 달걀과 달걀이 잠길만큼 물을 넣고, 약간의 소금과 식초를 넣어 10분정도 삶은 후 찬물에 담갔다가 껍질을 벗겨주세요. Step 3 냄비에 조림양념 재료를 넣고 끓으면 삶은 고기를 넣은 후 1315분 정도 중약불에서 졸이다가 달걀을 넣어 간이 고루 배도록 5분 정도 더 끓이고 불을 꺼주세요. Step 4 돼지고기 장조림을 결대로 먹기 좋게 찢고, 삶은 달갈도 먹기 좋은 크기로 잘라주세요. 미리 찢어두지 않고, 먹을 때마다 고기 덩어리를 찢어주면 간이 세어지지 않게 보관할 수 있어요.","['고단백', '고염']",한식,일반
crfCzyBa75uNJSYq53i1VTzk,러우위,다진마늘 15g  오이 40g  적채 30g  당근 40g  채 썬 삼겹살 50g  건고추 50g  간장 20g  땅콩버터 20g  식초 10g  다진마늘 3g  설탕 3g  참기름 40g  감자전분 100g  밀전분 50g  끓는 물 100g  찬물 50g  식용유 15g,"Step 1 피 반죽 재료를 모두 섞어 반죽해 주세요. Step 2 적채, 당근, 오이는 채 썰어 준비해 주세요. Step 3 삼겹살은 볶아 주세요. Step 4 피 반죽을 조금씩 떼서 길다랗고 작은 물고기 모양으로 돌돌 밀어주세요. Step 5 찜기에 3분간 쪄 줍니다. Step 6 완성 준비한 순서 2,3,5를 접시에 담고 분량의 재료를 골고루 섞어서 만든 소스를 뿌려서 내면 완성이랍니다.","['저칼로리', '고지방']",중식,일반
F9w3SRV2sxEqW1afF48NAcRc,간단 달걀말이,달걀 5개 | 멸치 코인 육수 1알 | 물 1/2컵(100ml) | 맛술 1큰술 | 소금 1/4작은술 | 식용유 약간,Step 1 볼에 달걀을 넣고 풀어준 후 맛술과 소금을 넣어 섞어주세요. Step 2 따뜻한 물에 코인 육수 한 알을 넣어 녹인 후 만들어둔 달갈물에 조금씩 부어가며 섞어주세요. Step 3 중약불로 달군 팬에 약간의 식용유를 두르고 달걀물을 붓고 윗면이 반쯤 익으면 돌돌 말아주세요. Step 4 말아진 달걀을 팬 머리쪽으로 밀어 놓고 달걀물을 붓고 3회 정도 같은 방법으로 반복해서 말아주세요. Step 5 완성된 달걀 말이는 한 김 식혀 먹기 좋게 썰어 맛있게 즐겨주세요.,"['고단백', '고염']",한식,일반
zNHgYLcjWyQJzDnr2KPStUEc,갑오징어매콤불고기,갑오징어 2마리 | 새송이버섯 1개 | 양파 1개 | 청양고추 1개 | 대파 1개 | 청경채 한줌 | 참기름 1큰술 | 깨 약간 | 고추장 3큰술 | 고춧가루 3큰술 | 간장 2큰술 | 올리고당 2큰술 | 맛술 2큰술 | 다진마늘 1큰술 | 설탕 1큰술 | 생강가루 1/4작은술 | 후추 약간,"Step 1 갑오징어는 등쪽에 납작한 등뼈를 빼낸 후, 배를 가르고 내장과 눈, 입을 제거해 주세요. 갑오징어 껍질을 벗기고, 깨끗이 씻어 한입크기로 잘라주세요. Step 2 새송이버섯은 먹기 좋게 썰고, 양파는 굵게 채썰고, 청양고추와 대파는 어슷하게 썰어주세요. 청경채를 깨끗이 씻은 후 밑동을 잘라주세요. 양념 재료를 볼에 넣고 잘 섞어주세요. Step 3 팬에 약간의 식용유를 두르고 양파, 새송이버섯를 넣어 볶다가 양파가 반쯤 익으면 갑오징어와 양념 재료를 넣어주세요. Step 4 센불에서 갑오징어를 볶다가 반쯤 익으면 대파와 청양고추를 넣고 한번 더 재빨리 볶아주세요. 약간의 소금을 가감해 간을 맞춘 후, 청경채와 참기름을 넣고 불을 꺼주세요. Step 5 갑오징어매콤불고기를 접시에 담고 깨를 뿌려주세요.","['고단백', '저칼로리', '고지방', '고염']",한식,일반
CWtxtFyuXspYPrhhk3fgniKj,단호박 마전,단호박 200g  물 12컵  통밀가루 12컵  소금 14큰술  마 100g  다진 생강 12큰술,Step 1 껍질 벗긴 마는 동그랗게 얇게 썰어주세요. 단호박은 거칠고 딱딱한 껍질은 저며내고 타래와 씨는 제거해주세요. 그리고 강판에서 갈거나 믹서에 곱게 갈아주세요.믹서에서 갈 때는 생수를 23큰술 넣어 갈아야 곱게 갈려요. Step 2 반죽 재료들을 모두 한볼에 섞어주세요. 단호박을 강판에 갈았을 때는 이때 생수를 넣어 섞어주세요. Step 3 기름을 두른 팬에 단호박 반죽을 올린 다음 슬라이스 한 마를 반죽 위에 박아 바삭하게 앞뒤로 구워주세요. Step 4 완성된 요리를 그릇에 담아 마무리해주세요.,['고지방'],채식,채식
rajed2d2Lcx1xAJtV3oZPB1S,매운 해물 쟁반짜장,생면 두 줌400g  다진 돼지고기 100g  오징어 마리  알새우 8마리  부추 약간  다진생강 1작은술  청양고추 2개  양파 2개  애호박 개  춘장 3큰술  물전분 2큰술  물 1컵  간장 1큰술  설탕 1큰술  치킨파우더 1큰술  연두 청양초 큰술,"Step 1 양파와 호박은 깍둑썰기하고 돼지고기와 생강, 청양고추는 잘게 썰어 부추와 함께 준비해 주세요. Step 2 오징어는 껍질을 벗겨 한입 크기로 썰고 알새우도 씻어서 준비해 주세요. Step 3 달궈진 팬에 식용유를 두르고 돼지고기를 살짝 볶은 후 다진 생강과 청양고추를 함께 넣고 볶아서 향을 내주세요. Step 4 순서 3의 고기가 익으면 양파와 호박을 넣어 충분히 익혀주고 볶은 춘장을 넣어 잘 섞어줍니다. Step 5 순서 4에 물 1컵을 붓고 간장, 설탕, 치킨파우더를 넣어 간을 맞춰주세요. 기호에 따라 연두 청양초를 넣어 매콤한 맛을 더 살려줍니다. 그 다음 순서 2의 오징어와 알새우를 넣고 끓여주세요. Step 6 완성 생면을 잘 삶아서 씻은 다음 볶아놓은 순서 5의 짜장소스에 면을 넣고 잘 버무리고 물전분으로 농도를 맞추어 완성해 주세요. 기호에 맞게 부추를 함께 곁들이면 좋답니다. Tip. 춘장과 식용유의 양은 11로 맞춰주세요. 식용유를 두른 팬에 춘장을 넣고 2분 정도 볶아 기름은 따라 내고 춘장만 사용합니다. 또한 돼지고기는 삼겹살이나 목심 부위를 다짐육으로 구입하여 사용하면 더욱 간편합니다.","['고단백', '고지방', '고염', '고당']",중식,일반
p8rHn48HRPCwAZyj9MSVs7ER,갈릭스테이크,쇠고기 등심 300g  마늘 45쪽  양파 12개  달래 약간  올리브오일 3큰술  소금.후추 약간씩  로즈메리 약간  간장 3큰술  올리고당 2큰술  발사믹식초 1큰술  후추 약간,"Step 1 쇠고기는 키친타월로 핏물을 제거하고 칼집을 넣어 올리브오일, 소금, 후추, 로즈메리에 20분간 재워주세요. Step 2 마늘은 편으로 썰고 양파는 얇게 채 썬 후 잠깐 물에 담갔다가 물기를 제거합니다. 달래는 4cm 길이로 잘라주세요. Step 3 마늘은 굽기 전에 키친타월로 물기를 제거해주세요. 달군 팬에 올리브오일 3큰술을 두르고 마늘을 노릇하게 구워주세요. Step 4 팬의 올리브오일 1큰술은 따로 덜어놓고 구운 마늘은 키친타월에 올려 기름기를 제거합니다. 팬에 남은 올리브오일에 소스 재료를 넣고 잠깐 끓여주세요. Step 5 새로 달군 팬에 덜어놓은 올리브오일 1큰술을 두르고 쇠고기를 올려 기호에 맞게 구워주세요. Step 6 쇠고기를 한입 크기로 잘라 그릇에 담고 구운 마늘과 소스를 얹어주세요. 채 썬 양파, 달래를 섞어 곁들여주면 좋아요.","['고지방', '고염']",양식,일반
WQotgEoyqcw79SouPdQz5UkM,관자 파스타,파스타 면 160g  관자 200g  화이트와인 2큰술  레몬 개  페페론치노 2개  마늘 8톨  버터 1큰술  올리브오일 5큰술  소금 약간  후춧가루 약간  이탈리안 파슬리 약간,"Step 1 관자는 키친타월로 물기를 제거한 후 화이트와인, 소금으로 마리네이드해주세요. 마늘은 편 썰어주세요. 파슬리는 잘게 다져주세요. Step 2 달군 팬에 올리브오일을 두른 후 관자 양면을 노릇하게 익혀주세요. 버터를 넣고 관자에 끼얹어주세요. 구워진 관자는 접시에 덜어주세요. Step 3 끓는 물에 소금과 면을 넣고 8분 정도 삶은 후 채반에 밭쳐주세요. 면수는 1컵 정도 덜어주세요. Step 4 팬에 올리브오일을 두르고 편 썬 마늘을 넣어 볶다가 페페론치노를 넣고 볶아주세요. Step 5 면을 넣고 면수를 조금씩 부어 볶아주세요. 관자에서 나온 육수와 버터를 넣고 후춧가루를 뿌려 주세요. Step 6 접시에 파스타를 담고 구운 관자를 올린 후 레몬즙과 레몬 제스트, 파슬리를 뿌려 맛있게 즐겨주세요.","['고지방', '고염']",양식,일반
VhwzqXD6kKegSD3MHC5jVH8c,전복 시소말이 튀김,전복 2마리  시소 6장  달걀물 1컵  박력분 컵100g  식용유 5컵900ml  가쓰오 다시 4작은술  미림 1작은술  진간장 1작은술  무 간 것 40g,"Step 1 전복은 깨끗이 손질하고 껍질에서 분리한 다음 쓸개 부분을 제거하고 내장과 살을 분리해 주세요. 손질된 전복에 시소를 붙이고 박력분을 바르고 말아 이쑤시개로 꽂아 줍니다. 내장은 그대로 박력분만 묻혀주세요. Step 2 달걀물에 박력분을 넣어 튀김 반죽을 만들고 순서 1에 묻혀주세요. 달걀물 재료  물 5컵900ml, 달걀 1개, 탄산수 1큰술15ml Step 3 도에서 10초간 튀긴 후 180도에서 한 번 더 튀겨주세요. Step 4 완성 분량의 재료를 섞어 만든 튀김 소스를 곁들여 맛있게 드세요. Tip. 두 번 튀기면 더 바삭해요 Step 5 가쓰오 다시 재료  물 10컵1800ml, 가쓰오부시 200g, 다시마5cmX5cm 1장 1. 물에 다시마를 넣고 1시간 후 불에 올려주세요. 2. 물이 끓으려고 하면 불을 줄이고 20분간 놔두세요. 3. 다시마를 건지고 가쓰오부시를 넣어주세요. 4. 약한 불에 10분간 끓이고 거품을 제거한 뒤, 불을 끄고 가쓰오부시가 가라않으면 체에 걸러주세요. 가쓰오부시","['고단백', '고지방']",일식,일반
W8Z67xKC4qqtHsH2Nh7BJdZ7,홍합숙주무침,자숙 홍합살 100g | 숙주 1봉지(500g) | 쪽파 1줄기 | 다진 홍고추 1큰술 | 맛소금 1/2작은술 | 참기름 1큰술 | 통깨 1큰술 | 국간장 1/2큰술,Step 1 자숙 홍합살을 내열 용기에 담고 법랑 접시에 석쇠를 놓고 내열 용기를 올린 후 1단에 넣고 광파오븐 수동 요리 스팀 레인지에서 2분간 조리해 주세요. Step 2 홍합살은 잘게 다져주세요. Step 3 숙주는 깨끗이 씻어 채반에서 물기를 뺀 후 내열 용기에 담아주세요. 법랑 접시에 석쇠를 놓고 내열 용기를 올려 1단에 넣고 광파오븐 수동 요리 스팀 레인지 에서 4분간 조리해 주세요. tip. 오븐에 전송 버튼을 누르면 간단하게 설정할 수 있어요 Step 4 숙주와 다진 홍합살에 양념 재료를 넣어 가볍게 무쳐내 주세요. Step 5 통깨와 송송 썬 쪽파를 올려 맛있게 즐겨주세요.,['일반'],한식,일반
P6wt2MFd4HmLo77piYwEuJP2,칠리 닭가슴살 샌드위치,닭가슴살 100g  토마토 개  양파 개  양상추 4장  식빵 2개  마요네즈 1큰술  스리라차 소스 큰술  칠리소스 2큰술  후춧가루 약간,Step 1 토마토와 양파는 둥글게 썰고 양상추는 한 장씩 뜯어서 찬물에 담갔다가 물기를 제거해 주세요. Step 2 닭가슴살은 잘게 찢은 후 소스 재료를 넣고 잘 섞어주세요. Step 3 달군 팬에 식빵을 노릇하게 구워주세요. Step 4 스프레드 소스를 섞은 후 빵에 얇게 발라주세요. Step 5 빵양상추양파토마토닭가슴살빵 순으로 올린 후 가볍게 눌러 주세요. tip. 토마토와 양파에 후추를 뿌려주시면 더욱 감칠맛이 살아나요. Step 6 랩이나 종이호일로 단단하게 감싸준 후 먹기 좋게 반으로 잘라주세요. Step 7 완성된 샌드위치를 도시락에 담아 맛있게 즐겨주세요.,"['고단백', '저칼로리']",다이어트,다이어트
K5Zuox5xjYc3dYi3h3DWWbQV,시칠리아풍 광어 구이,"감자 개  광어 마리  새우 2마리  레몬 개  아스파라거스 2줄기  토마토 3개  타임 5줄기  그라나 파다노 치즈 약간  엑스트라 버진 약간  소금, 후추 약간  종이호일 3장","Step 1 종이 호일을 30cm 크기로 세 장 뜯어놔 주세요. Step 2 감자는 0.1cm로 얇게 썰어주세요. Step 3 아스파라거스는 얇게 썰고 토마토는 반으로, 레몬은 얇게 링으로 썰어주세요. Step 4 종이는 두 장을 겹치고 겹친 종이 위에 감자를 깐 후 소금, 후추, 엑스트라 버진, 그라나 파다노 치즈를 뿌려주세요. Step 5 감자 위에 생선을 올리고 다시 소금, 후추, 엑스트라 버진, 그라나 파다노 치즈를 뿌린 뒤 생선 위에 타임, 레몬을 올려주세요. Step 6 생선 곁에 새우, 방울토마토, 아스파라거스를 곁들인 후 종이 호일을 덮어 모서리를 잘 접은 뒤 스템플러로 찍어 종이 호일을 고정합니다. Step 7 완성 도 오븐에서 16분간 구워낸 후 접시에 담으면 완성이예요.","['고단백', '고지방', '고염']",양식,일반
tn8oH3KiDgr5HiWBhjP5o4hZ,닭강정,닭(다리살) 500g | 우유 1/2컵 | 땅콩 15알 | 튀김기름 적당량 | 맛술 1큰술 | 달걀흰자 1개 | 소금 약간 | 후춧가루 약간 | 전분가루 5큰술 | 튀김가루 6큰술 | 물엿 6큰술 | 간장 3큰술 | 맛술 4큰술 | 다진마늘 1작은술 | 생강가루 1/4작은술,"Step 1 닭다리살은 우유에 5분 정도 담갔다가 물에 씻어 한입 크기로 자르고, 밑간재료에 10분 정도 재워주세요. 땅콩은 굵게 다져주세요. Step 2 볼에 가루반죽 재료를 넣어 섞은 후, 밑간한 닭고기를 넣어 가루를 꾹꾹 눌러 묻혀주세요. Step 3 냄비에 식용유를 붓고 170도로 달군 후 닭고기를 노릇하게 튀겨주세요. 닭고기를 두 번 튀겨내면 더욱 바삭한 맛을 살릴 수 있어요 Step 4 새로 달군 냄비에 소스 재료를 넣고, 소스가 바글바글 끓으면 닭튀김을 넣어 버무린 후 땅콩을 뿌려주세요. Step 5 접시에 닭강정을 담아 즐겨주세요.",['고지방'],한식,일반
YxCyxG6g58ZybZ66KBx9PARn,닭곰탕,닭다리 10개 | 대파 2대 | 물 2L | 다진 마늘 1~2큰술 | 소금 1/2큰술 | 후춧가루 1/2큰술,"Step 1 대파는 채를 썰어 주세요. Step 2 냄비에 닭 다리를 구워서 닭기름을 내주세요. Step 3 닭 다리 넣고 바로 뒤집지 말고, 아랫면이 노릇노릇해질 때까지 중약 불로 67분 정도 그대로 두세요. 닭기름이 많이 나오면 잘 뒤집어주세요. tip. 팬에 껍질이 눌어붙어도 괜찮아요. 눌어붙은 게 오히려 국맛을 진하게 해주고 물 넣고 끓이면 다 없어진답니다 Step 4 닭기름에 채 썬 대파를 넣어 대파 숨이 죽을 때까지 볶아주세요. Step 5 물을 넣고 취향에 맞게 다진 마늘, 소금, 후춧가루를 넣어 20분 정도 팔팔 끓여주세요. Step 6 마지막으로 소금, 후춧가루로 간을 해 완성해 주세요. 그릇에 담아 맛있게 즐겨주세요.","['고지방', '고염']",한식,일반
qjzuWJevzzY79QXMohQBd15n,두부 덮밥,두부 1모 350g  쪽파 2줄기  현미밥 2공기  전분 3큰술  물 1컵  다시마 66cm 1장  통깨 약간  다진 생강 1큰술  들기름 3큰술  고추냉이 1작은술  간장 3큰술  맛술 1큰술  올리고당 2큰술,"Step 1 쪽파는 송송 썰고 두부는 1cm 두께로 잘라 키친타월로 물기를 제거해주세요. Step 2 두부에 소금, 후춧가루를 뿌려 밑간하고 전분을 얇게 묻혀주세요. Step 3 냄비에 물과 다시마를 넣고 끓이다가 다시마를 건져내고 양념 재료를 넣고 섞어주세요. Step 4 달군 팬에 들기름을 두른 후 두부를 넣고 앞뒤로 노릇하게 굽다가 양념 재료를 넣고 국물이 자작할 때까지 졸여주세요. Step 5 밥에 졸인 양념을 끼얹고 두부와 다진생강, 고추냉이, 쪽파, 통깨를 뿌려 맛있게 즐겨주세요.","['고단백', '저칼로리', '고지방', '고염']",채식,채식
TsBrJYFQt53wiJeUQKxPsARF,낫토 산마 소바,소바 면 80g  산마 간 것 100g  낫토 2팩  만가닥버섯 20g  김 4g  대파 개  와사비 작은술  소바 다시 컵100ml,"Step 1 낫토를 듬성듬성 다져 주세요. Step 2 산마는 강판에 갈아주세요. 대파는 흰 부분을 얇게 채 썬 후 찬물로 씻어놔 주세요. Step 3 김은 얇게 채 썰고 만가닥버섯은 데쳐놔 주세요. Step 4 완성 소바 면은 끓는 물에 삶은 후 전분기를 깨끗이 씻어 그릇에 소바 면을 넣고, 산마, 낫토 대파, 김, 와사비 순으로 올린 뒤, 소바 다시를 부어주세요. Step 5 소바 다시 재료  가쓰오 다시 3과 컵630ml, 진간장 컵90ml, 정종 컵90ml, 미림 컵90ml, 설탕 1작은술7g, 다시마 1장 1. 정종과 미림은 끓여서 알코올을 날려주세요. 2. 모든 재료를 넣고 끓으면 불을 꺼주세요. 3. 거품을 제거한 후 식혀서 사용합니다. 가쓰오","['저칼로리', '고염', '고당']",일식,일반
1QX2Ghv7NBy1LkxXxVsU441D,로메인 쉬림프 샐러드,로메인 1통10장  칵테일 새우 20마리  아보카도 12개  적양파 14개  올리브오일 약간  파슬리 약간  소금 약간  후춧가루 약간  마요네즈 8큰술  디종 머스타드 1큰술  레몬즙 2큰술  레몬제스트 약간  설탕 1작은술,"Step 1 아보카도는 사방 1센치 크기로 잘라주세요. 적양파는 사방 0.5센치 크기로 자르고, 파슬리는 잘게 다져주세요. Step 2 구이 전용 팬에 새우를 올려 올리브 오일, 소금, 후추를 뿌린 후 4단에 넣고 광파오븐 수동 요리 구이에서 15분간 구워주세요. Step 3 볼에 드레싱 재료를 넣어 섞은 후 익힌 새우와 썰어 둔 야채들을 넣어 섞어주세요. Step 4 로메인 상추는 밑동을 잘라 깨끗이 씻어 준비해주세요. Step 5 로메인 위에 재료를 올려 맛있게 즐겨주세요.","['고단백', '저칼로리', '고지방', '고염']",다이어트,다이어트
y8uU86xsgC3BCAbbc9LxHGmt,낙지 연포탕,낙지 3마리 | 바지락조개 1봉 | 알배추 한줌 | 무 1/6개 | 미나리 한줌 | 두부 1/2모 | 대파 1/2대 | 청양고추 1개 | 홍고추 1개 | 멸치 다시마 육수 5컵 | 밀가루 약간 | 굵은소금 약간 | 국간장 1/2큰술 | 다진마늘 1작은술 | 굵은소금 1/2작은술 | 후추 약간 | 물 2큰술 | 간장 1큰술 | 연와사비 1작은술,"Step 1 낙지는 머리를 뒤집어 내장과 먹통을 제거하고 눈과 입을 떼어낸 후 밀가루를 넣어 깨끗이 주물러 씻어주세요. 바지락은 비벼 씻은 후 소금물에 담가 어두운 곳에서 3시간 정도 해감해주세요. Step 2 무는 나박 썰기 하고, 청양고추와 홍고추는 어슷하게 썰어주세요. 알배추와 두부는 먹기 좋게 썰고 대파, 미나리는 5센티 길이로 잘라주세요. Step 3 냄비에 멸치 다시마 육수와 무를 넣어 국물이 끓어오르면 국물 양념재료와 바지락조개를 넣어주세요. Step 4 무가 익으면 알배추와 두부, 대파, 청양고추, 홍고추, 낙지를 넣어 2분간 더 끓여주세요. Step 5 마지막에 미나리를 넣고 소금을 가감해서 간을 맞추고 와사비간장을 곁들여 주세요. 낙지는 먹기 직전에 먹기 좋은 크기로 자르고, 낙지가 질겨지지 않도록 살짝만 끓여주세요.","['고단백', '저칼로리', '고염']",한식,일반
R2nFZKBtPCyXGWS7JU31jNDY,가지 갈비,가지 5개 | 새송이버섯 5~6개 | 쪽파 2줄기 | 통깨 약간 | 불린 건표고 4~5개 | 포도 씨 오일 3큰술 | 간장 6큰술 | 표고 불린 물 1컵 | 설탕 2큰술 | 물엿 1큰술 | 맛술 1큰술 | 다진 마늘 1큰술 | 참기름 2큰술 | 후춧가루 약간,Step 1 가지는 도톰하게 슬라이스한 후 한쪽 면에 격자로 칼집을 넣어주세요. 새송이버섯은 세로로 4등분 해주세요. Step 2 가지를 전자레인지에 넣고 3분간 돌려주세요. Step 3 불린 표고는 잘게 썰어주세요. 쪽파는 송송 썰어주세요. 볼에 양념 재료와 잘게 썬 표고를 넣고 섞어주세요. tip. 표고버섯 45개에 물 2컵을 넣고 하루 정도 불려 준비해주세요 Step 4 전자레인지에서 익힌 가지에 새송이버섯을 넣고 돌돌 말아주세요. Step 5 내열 용기에 차곡차곡 담고 양념을 부어 30분간 절여주세요. tip. 양념이 잘 배도록 중간에 양념을 따라내고 윗면에 끼얹어 주세요 Step 6 가지에 포도 씨 오일을 뿌리고 200도로 예열한 오븐에서 40분간 구워주세요. tip. 오븐마다 성능이 다를 수 있으니 시간을 조절해 주세요 Step 7 완성된 가지 갈비를 그릇에 담아 쪽파와 통깨를 뿌린 후 맛있게 즐겨주세요.,"['저칼로리', '고지방']",한식,일반
jTEApAJesD14gLJ36c6GuvcD,봄동비빔밥,봄동 1/2포기(150g) | 밥 2인분 | 통깨 약간 | 들기름 1큰술 | 고춧가루 2큰술 | 멸치액젓 1큰술 | 설탕 1/2큰술 | 간장 1/2큰술 | 매실청 1/2큰술 | 다진 마늘 1/2큰술 | 참기름 1작은술 | 식초 1큰술,Step 1 봄동은 밑동을 자른 후 먹기 좋은 크기로 썰어주세요. 흐르는 물에 34번 씻은 후 물기를 빼주세요. Step 2 볼에 양념 재료를 넣고 잘 섞어주세요. Step 3 봄동에 양념이 골고루 묻도록 무쳐주세요. tip. 부족한 간은 약간의 소금을 가감해 주세요 Step 4 접시에 겉절이를 담고 통깨를 뿌려 완성해 주세요. Step 5 밥과 계란후라이를 올리고 들기름을 뿌려 맛있게 즐겨주세요. tip. 기호에 따라 고추장을 추가해 주세요,"['고단백', '고지방', '고염']",한식,일반
Yhy7uFMQVfFYdpDprgxxEVCn,레인보우 피자,"토르티야 2장  슬라이스햄 3장  방울토마토 10개  파프리카주황, 초록 12개씩  스위트콘 3큰술  적채 1잎  피자치즈 1컵  토마토 소스 2큰술  소금 약간  후추 약간  올리브유 약간","Step 1 방울토마토는 4등분하고, 파프리카와 적채는 작게 잘라주세요. 슬라이스햄은 먹기 좋은 크기로 잘라주세요. Step 2 토르티야에 피자치즈 한줌을 올리고, 그 위에 토르티야 한 장을 더 올린 후 토마토소스를 골고루 펴서 발라주세요. Step 3 토르티야 위에 슬라이스햄을 깔고 피자치즈를 올린 후, 방울토마토주황 파프리카스위트콘초록 파프리카적채 순으로 올리고 약간의 올리브유, 소금, 후추를 뿌려주세요. Step 4 도로 예열된 오븐에 10분정도 구워주세요. 프라이팬을 이용할 때는 팬에 피자를 올리고, 약불에서 뚜껑을 덮고 1215분정도 치즈가 녹을 때까지 구워 주세요. Step 5 알맞은 크기로 잘라 맛있게 즐겨주세요.","['고지방', '고염']",양식,일반
Wz5uvUYGq7Q1xg9im1K5xCBv,목살스테이크,돼지고기 목살 400g  샬롯미니 양파 5개  치커리 한 줌  비트잎 한 줌  마늘 5쪽  방울토마토 10개  로즈메리 약간  달걀 2개  파인애플 통조림 1쪽  쉬레드모짜렐라치즈 약간  올리브오일 약간  청주 1큰술  다진 마늘 12큰술  소금.후추 약간씩  파인애플 통조림 2쪽  양파 18개  마요네즈 3큰술  파인애플 통조림물 1큰술  식초 12큰술  올리고당 2큰술  청주 2큰술  간장 1큰술  굴소스 1큰술  물 12컵  후추 약간,"Step 1 돼지고기는 칼등으로 두드린 후 밑간 재료에 30분간 재웁니다. Step 2 샬롯은 이등분해주세요. 치커리, 비트잎은 먹기 좋은 크기로 자른 후 찬물에 담갔다가 물기를 제거합니다. 샬롯이 없다면 양파 14개로 대체해주세요. Step 3 드레싱 재료를 믹서에 넣고 갈아주세요. 소스 재료는 작은 볼에 잘 섞어둡니다. Step 4 달군 팬에 올리브오일을 두르고 샬롯, 마늘, 방울토마토, 로즈메리를 넣고 소금과 후추로 간하여 볶아주세요. 달걀은 중간불에서 익히다가 약한 불로 줄여 반숙합니다. Step 5 달군 팬에 돼지고기를 올려 센 불로 2분간 익힌 후 중간불로 줄이고 소스를 반 정도 넣어 굽습니다. 소스가 끓으면 나머지 소스와 파인애플을 넣고 함께 구워주세요. Step 6 그릇에 돼지고기를 담고 피자치즈를 뿌려주세요. Step 7 잎채소와 드레싱, 구운 채소, 반숙 달걀프라이를 곁들여 내주세요.","['고단백', '저칼로리', '고지방', '고염']",양식,일반
2nHKexeLSKYBjD48VrkoBFGs,닭가슴살 장조림,닭가슴살 600g  삶은 달걀 1개  대파 100g  마늘 15쪽  월계수잎 45장  통후추 약간  간장 10큰술  알룰로스올리고당 3큰술  알룰로스설탕 5큰술  물 360ml,"Step 1 냄비에 닭가슴살을 넣고 잠길 정도로 물을 부어주세요. 물이 끓어오르면 마늘 5쪽, 월계수잎, 통후추를 넣고 20분간 삶아주세요. Step 2 닭가슴살을 건져서 한 입 크기로 찢어주세요. Step 3 다시 냄비에 분량의 물을 부어주세요. 닭가슴살과 나머지 재료를 모두 넣고 중간 불에서 자작해질 때 까지 1520분간 조려주세요. Step 4 완성 한김 식힌 뒤 소분하면 완성입니다. 닭가슴살 또띠아롤, 닭가슴살 김밥 등 여러 밀프렙 다이어트 레시피로 활용 가능하답니다. Tip. 매운 고추를 함께 조려도 맛있어요. 삶은 달걀을 더 넣어서 밥반찬으로 먹어도 좋아요. 함께 조린 장조림달걀은 닭가슴살양배추달걀덮밥으로 만들어보세요. 조리고 남은 간장은 덮밥이나 비빔밥에 곁들여요. 응용 요리를 만들고 닭가슴살 장조림이 남으면 다른 레시피에 활용하거나 밥반찬으로 먹어요.","['고단백', '저칼로리', '고염']",다이어트,다이어트
a3idGAgEK49WZHMnMq8fAEqJ,삼겹살김밥,밥 2공기 | 삼겹살 3줄(300g) | 김밥용 김 3장 | 단무지 3줄 | 당근 1개 | 오이 1개 | 깻잎 6장 | 오이고추 2개 | 청상추 6장 | 우엉 1줄 | 식용유 적당량 | 소금 약간 | 후춧가루 약간 | 참기름 약간 | 통깨 약간 | 소금 ½작은술 | 참기름 1큰술 | 간장 3큰술 | 맛술 2큰술 | 설탕 2큰술 | 올리고당 2큰술 | 물 ½컵 | 쌈장 3큰술 | 맛술 1큰술,"Step 1 깨끗이 씻은 당근과 우엉은 껍질을 벗긴 후 가늘게 채썰고, 오이도 채썰어 주세요. 오이고추는 꼭지를 자르고 반으로 갈라 씨앗을 제거하고 4등분으로 잘라주세요. Step 2 달군 팬에 기름을 두르고 당근에 소금을 약간 뿌린 후 볶아 접시에 덜어주세요. 우엉의 숨이 죽을 때까지 볶다가 우엉조림 재료를 넣어 물기가 없어질 때까지 졸여주세요. Step 3 볼에 밥과 밥 양념 재료를 넣어 골고루 섞어주세요. 볼에 쌈장 양념 재료를 넣어 섞어주세요. Step 4 달군 팬에 삼겹살을 올린 후 소금, 후춧가루로 간을 맞춰 노릇하게 구워주세요. Step 5 김발에 김을 올리고 밥을 고르게 편 후 청상추와 깻잎을 깔아주세요. 삼겹살과 준비한 재료, 쌈장을 넣은 후 김밥을 단단하게 말아주세요. 기호에 따라 씻은 묵은지, 쌈무, 구운 마늘 등의 재료를 추가로 넣어 만들어 드셔도 맛있게 드실 수 있어요. tip. 쌈장은 소스통이나 짤주머니에 넣어 사용하면 깔끔하게 넣을 수 있어요. Step 6 삼겹살 김밥에 참기름과 통깨를 뿌린 후 먹기 좋은 크기로 잘라 맛있게 즐겨주세요. 따뜻할 때 드시는 것이 더욱 맛있어요.","['저칼로리', '고지방', '고염']",한식,일반
JDcKtRnopd3LKKkakvdZqRQP,튀김덮밥텐동,생새우 6마리  단호박 16개  연근 16개  깻잎 2장  표고버섯 2개  꽈리고추 4개  김 2장  밥 2공기  튀김가루 12컵  튀김가루 1컵  찬물 12컵  탄산수 12컵  달걀 1개  간장 4큰술  물 4큰술  미림 2큰술  설탕 2큰술  다시마44cm 1장  가쓰오부시 한줌,"Step 1 새우는 깨끗이 씻어 머리와 내장, 껍질을 제거해주세요. 새우살 안쪽면에 칼집을 내어 곧게 펴주세요. Step 2 단호박은 껍질째 깨끗이 씻어, 속을 판 후 웨지모양으로 길게 잘라주세요. 연근은 껍질을 벗기고 0.5cm두께로 썰어주세요. 표고버섯은 밑동을 살짝 잘라주세요. 꽈리고추는 깨끗이 씻어주세요. Step 3 냄비에 가쓰오부시를 제외한 소스재료를 넣고 중불에서 약 3분간 끓이다가 가쓰오부시를 넣은 후 불을 끄고 체에 걸러주세요. Step 4 볼에 튀김옷 재료를 넣어 젓가락으로 덩어리가 지지 않게 저어주세요. tip. 반죽을 탄산수로 만들게 되면 훨씬 바삭한 튀김을 만들 수 있어요. 탄산수 대신 맥주나 얼음을 넣어 만드셔도 좋아요 Step 5 물기를 제거한 생새우와 채소들에 튀김가루를 얇게 묻혀 털어낸 후, 섞어 놓은 튀김반죽을 입혀주세요. Step 6 180도로 달군 기름에 튀김옷을 입힌 새우와 야채들을 바삭하게 튀겨주세요. tip. 새우와 채소를 튀길 때 젓가락으로 잡아 살짝 흔들어주세요. 그 때 생기는 튀김가루들을 붙여주면 튀김꽃이 핀 바삭한 튀김을 만들 수 있답니다 Step 7 그릇에 밥을 담은 후 소스를 2큰술 정도 둘러주세요. 튀겨낸 튀김들을 보기 좋게 얹어주세요. Step 8 튀김은 소스에 찍어 드셔도 좋고, 먹기 직전에 소스를 살짝 뿌려 드셔도 좋아요.","['고단백', '저칼로리', '고지방']",일식,일반
B4t1Ki5GccpKbmCn5SnwLeAM,두부 커틀릿 랩,두부 12모  또띠아 2장  로메인상추 1통  달걀 1개  밀가루 12컵  빵가루 1컵  양파 12개  파마산치즈 약간  마요네즈 2큰술  다진 양파 18개  다진 마늘 12쪽  앤초비 3마리  식초 12큰술  설탕 1큰술  파마산 치즈가루 2큰술  파슬리 가루 약간  후춧가루 약간,"Step 1 두부는 키친타월에 올려 물기를 제거한 후 길고 도톰하게 썰어 소금을 약간 뿌려주세요. Step 2 양파는 두껍게 채를 썰어주세요. Step 3 밑간한 두부와 양파에 밀가루  달걀물  빵가루 순서로 튀김옷을 입혀주세요. Step 4 구이 전용 팬에 튀김옷을 입힌 두부와 양파를 올린 후 식용유를 발라주세요. Step 5 구이 전용 팬을 4단에 넣고 광파오븐 수동 요리 에어프라이에서 어니언링 1회분을 선택한 후 조리해 주세요. 조리가 시작되면 조절기능으로 시간을 3분 추가해주세요. 도중에 멜로디가 울리면 두부 커틀릿을 한번 뒤집고 계속 조리해주세요. tip. 오븐에 전송 버튼을 누르면 시간을 조절할 필요 없이 간단하게 설정할 수 있어요 Step 6 또띠아를 구이 전용 팬에 올려 4단에 넣고 광파오븐 수동 요리 구이에서 2분간 구워주세요. Step 7 엔초비를 잘게 다져 볼에 넣고 나머지 드레싱 재료를 넣어 섞어주세요. 로메인 상추를 45등분해 자른 후 드레싱을 넣고 가볍게 섞어 준비해 주세요. tip. 앤초비가 없다면 멸치액젓 1큰술로 대체 가능해요 Step 8 또띠아에 소스에 버무린 로메인과 튀긴 두부, 양파를 넣고 돌돌 말아주세요. Step 9 먹기 좋은 크기로 잘라 맛있게 즐겨주세요.","['고단백', '저칼로리', '고지방', '고염']",다이어트,다이어트
7AoB6HiBq3XDHuxRVjmGxSKp,시금치 키쉬,박력분 210g  버터 100g  소금 1.5g  찬물 50g  달걀 노른자 1개  시금치 2줌  방울토마토 5개  다진양파 2큰술  달걀 3개  생크림 100mL  고다치즈 50g  버터 약간  소금 약간  후춧가루 약간,"Step 1 넓은 볼에 밀가루를 체로 친 후 버터를 작게 잘라 넣고 소보루 형태가 되도록 재빠르게 섞어주세요. Step 2 찬물, 소금, 달걀노른자를 넣고 덩어리 형태로 만들어주세요. 만들어진 반죽은 종이호일에 감싸 냉장고에서 30분간 휴지시켜주세요. Step 3 휴지시킨 반죽은 덧 밀가루를 뿌려가며 두께가 2mm 정도 되도록 밀대로 밀어주세요. Step 4 얇게 편 반죽을 타르트 틀 모양에 맞게 넣어준 후 바닥을 포크로 찔러 구멍을 내주세요. Step 5 도로 예열된 오븐에 1012분간 구워주신 후 식혀주세요. Step 6 방울토마토는 반으로 자르고 양파는 다져주세요. Step 7 시금치는 끓는 물에 소금을 넣고 데친 후 물기를 꽉 짜고 잘게 다져주세요. 팬에 버터를 넣고 다진 양파를 볶다가 시금치를 넣어 물기가 없이 볶아준 후 소금, 후춧가루로 간을 해주세요. Step 8 볼에 생크림과 달걀을 넣고 섞은 후 고다치즈를 갈아 넣고 섞어주세요. Step 9 파이지에 시금치와 방울토마토를 올리고 키쉬 반죽을 부어주세요. Step 10 도로 예열된 오븐에서 20분간 구워주세요. 오븐마다 약간의 성능 차이가 있어서 온도와 시간은 조절해주시면 좋아요","['고단백', '고지방', '고염']",양식,일반
VfabewrhHxiz1d16CPXVacod,시금치 커리,시금치 300g  케일 50g  적근대 50g  올리브오일 약간  불린 병아리콩 200g  채수 3컵  코코넛밀크 150mL  소금 큰술  퀴노아 1컵  소금 약간  큐민가루 1큰술  강황가루 2큰술  후춧가루 약간,"Step 1 물에 헹군 퀴노아를 냄비에 담고 생수 2컵을 부어 중불에서 1015분간 끓여주세요. Step 2 냄비에 올리브유 12큰술을 두르고 불린 병아리콩과 향신료를 넣어 볶아주세요. tip. 병아리콩은 6시간 정도 불려 사용해 주세요 tip. 볶은 병아리콩은 토핑용으로 23큰술 덜어 두세요 Step 3 병아리콩에 채수 1컵을 붓고 뚜껑을 닫아 중약불에서 810분 정도 익혀주세요. Step 4 끓는 물에 소금  큰술을 넣고 깨끗이 씻은 시금치와 케일을 20초 정도 데쳐주세요. 데친 잎채소는 찬물에 담근 후 물기를 짜고, 줄기는 잘게 송송 썰어주세요. tip. 근대 줄기는 토핑용으로 사용해도 좋아요 Step 5 블렌더에 데친채소와 병아리콩, 채수 2컵을 넣어 곱게 갈아준 후, 냄비에 넣고 코코넛 밀크를 넣어 약불에서 한소끔 끓여 완성해 주세요. tip. 농도는 채수를 가감하여 취향에 맞게 조절해 주세요 Step 6 그릇에 커리를 담고 퀴노아와 볶아 둔 병아리콩, 근대줄기 등을 곁들여 맛있게 즐겨주세요.","['저칼로리', '고염']",채식,채식
TSYJd5z72sWr1S7JWpc1krSK,후무스,불린 병아리콩 2컵  소금 12큰술  고운 고춧가루 약간  타임 약간  올리브오일 약간  올리브오일 2큰술  참깨 1큰술  레몬즙 1큰술  다진 마늘 14작은술  소금 14작은술  후추 약간,"Step 1 불린 병아리콩 2배의 물을 붓고 소금을 넣어 30분간 삶아주세요. 병아리콩은 4시간 이상 물에 불려 찬물에 담근 후 손으로 비벼 껍질을 제거합니다. Step 2 믹서에 병아리콩 삶은 물 1컵, 병아리콩, 양념 재료를 넣고 갈아주세요. 그릇에 담고 고운 고춧가루와 타임, 올리브오일을 뿌려주세요. Step 3 완성된 요리를 그릇에 담아 크래커나 토르티야 등에 발라서 드시면 좋아요.","['고지방', '고염']",양식,일반
1Jf8mTGP6jcBEGGofjJVqhPJ,비건 오렌지 케이크,"두유 92g  레몬즙 15g  두부 45g  포도씨 오일 45g  바닐라 익스트랙 바닐라 오일, 바닐라빈으로 대체 가능 5g  오렌지 제스트 개 분량  소금 1g  황설탕 90g  통밀가루 106g  칡전분 15g  베이킹파우더 3g  베이킹소다 1g  오렌지 슬라이스 반달, 0.5cm 두께 6개  메이플 시럽 20g","Step 1 볼에 두유, 레몬즙, 두부를 넣고 핸드 블랜더로 곱게 갈아주세요. Step 2 황설탕과 소금을 넣어 섞어주세요. 포도씨 오일, 바닐라 익스트랙, 오렌지 제스트를 넣어 섞어주세요. Step 3 통밀가루, 칡전분, 베이킹파우더, 베이킹소다를 체쳐 반죽에 넣고 섞어주세요. Step 4 케이크 틀에 반죽을 넣고 오렌지 슬라이스를 올려주세요. Step 5 도로 예열된 오븐에서 20분, 160도에서 1015분간 구운 후 식혀주세요. Step 6 따뜻할 때 윗면에 메이플 시럽을 발라 완성해 주세요. tip. 오븐의 성능에 따라 굽는 시간에 차이가 있을 수 있어요","['고단백', '저칼로리', '고지방', '고염', '고당']",채식,채식
dHM5431pNy6c7mnCkbgw7rHX,미나리 전,미나리 200g | 식용유 적당량 | 부침가루 1컵 | 전분 2큰술 | 물 1컵 | 간장 1큰술 | 맛술 ½큰술 | 식초 1작은술 | 잘게 썬 양파 약간 | 홍고추 약간 | 통깨 약간,Step 1 미나리는 깨끗이 씻어 6cm 길이로 잘라주세요. Step 2 볼에 반죽 재료와 미나리를 넣고 섞어주세요. 볼에 전 간장 재료를 넣어 섞어주세요. 반죽에 전분을 넣어 만들면 반죽이 투명해져서 미나리의 색감을 살릴 수 있어요 Step 3 달군 팬에 약간의 기름을 두른 후 반죽을 올려 얇게 펼쳐주세요. 앞뒤로 노릇하게 구워주세요. Step 4 미나리 전에 전 간장을 곁들여 맛있게 즐겨주세요.,"['고지방', '고염']",한식,일반
JXcE96oPW1mQv7nPq4CxAqbb,두부파스타,시판토마토소스 600g  스파게티면 300g  두부 2모  토마토 2개  올리브오일 1큰술  다진마늘 12큰술  소금 약간  후춧가루 약간,"Step 1 두부 1모는 물기를 제거해 주세요. 토핑용 두부는 따로 사각으로 썰어 준비해 주세요. 토마토는 잘게 썰어주세요. Step 2 토핑용 두부는 에어프라이어 200도에서 앞뒤로 10분, 뒤집어서 5분 더 구워 준비해주세요. Step 3 끓는 물에 파스타면을 삶아 건져 물기를 빼주세요. 파스타 포장지에 적힌 삶는시간 참고해주세요 Step 4 팬에 올리오일을 두르고 다진 마늘  큰술을 넣어 볶아주세요. 다진 Step 5 팬에 마늘향이 올라오면 물기를 뺀 두부를 으깨 넣어 3분 정도 볶아주세요. Step 6 토마토, 소금, 후춧가루를 넣어 두부랑 같이 어우러지게 3분 정도 볶아주세요. Step 7 토마토소스를 넣고 3분 더 볶아주고 불을 끈 후, 삶은 파스타면을 넣어 소스랑 잘 어우러지게 섞어주세요. Step 8 접시에 파스타를 담고 구운 두부를 올려 완성해 주세요.","['고단백', '저칼로리', '고지방', '고염']",채식,채식
PRsDEPkUNLWQVjo3MMiK1xyB,두부 치즈 토스트,두부 1개 300g  체다 슬라이스 치즈 2장  슬라이스 햄 4장  쪽파 생략 가능 1대  양배추 잎 2장  당근 개  달걀 2개  찹쌀가루 전분이나 밀가루로 대체 가능 2큰술  소금 약간  후춧가루 약간  식용유 3큰술,"Step 1 두부는 면 보자기에 싸서 물기를 꽉 짜주세요. Step 2 당근, 양배추는 잘게 다지고 쪽파는 송송 썰어주세요. 집에 있는 채소들을 활용해도 좋아요 Step 3 으깬 두부에 다진 채소를 넣고 달걀과 소금, 후추, 찹쌀가루를 넣어 섞어주세요. Step 4 달군 팬에 기름을 약간 두른 후 반죽을 잘 펼쳐 뒤집개로 모양을 잡고 치즈와 햄을 올려주세요. Step 5 한쪽 면을 반으로 접어 덮어준 후 치즈가 녹을 때 까지 약불에서 구워주세요. Step 6 그릇에 담아 맛있게 즐겨주세요. 기호에 따라 케첩과 머스타드를 뿌려 드셔도 좋아요.","['고단백', '저칼로리', '고지방', '고염']",다이어트,다이어트
hXPE3ipT9SiSW3mB6J7MCz7L,어향 육사 덮밥,밥 1공기200g  돼지고기 등심 100g  죽순 20g  표고버섯 3개  양파 개  당근 개  불린 목이버섯 4개  대파 대  마늘 3개  고추기름 2큰술  갈릭 칠리 페이스트 1큰술  소금.후추.청주 1큰술  설탕 1큰술  식초 1큰술  참기름 1큰술  간장 1작은술  굴소스 1작은술  백후춧가루 약간,"Step 1 돼지고기 등심, 죽순, 표고버섯, 양파, 당근, 대파, 불린 목이버섯은 4cm 길이로 채 썰고, 마늘과 생강은 다져서 준비해 주세요. Step 2 채 썬 돼지고기 등심은 마리네이드 해두었다가 팬에 볶아주세요. Tip. 부드럽고 잡내 없는 고기 맛을 위해 해물, 육류에 미리 마리네이드를 하면 좋아요. 마리네이드 재료해물, 육류 250g 기준  옥수수 전분 2큰술, 흰자 1개, 소금 12 작은술, 식용유 3큰술, 후춧가루 약간 Step 3 분량의 재료를 골고루 섞어서 소스를 만들어 주세요. Step 4 팬에 고추기름을 두르고 다진 마늘과 생강을 넣고 볶다가 순서 3을 넣고 볶은 뒤, 채 썬 채소와 고기를 넣어 볶아주세요. Step 5 완성 순서 4에 참기름을 넣어 준비된 밥 위에 얹어 내면 완성이예요. Tip. 캔에 담긴 죽순의 잡내를 없애려면, 끓는 물에 베이킹 소다를 넣고 5분간 삶아주세요. 갈릭 칠리 페이스트가 없다면 두반장으로 대체하여 사용하면 된답니다","['고단백', '저칼로리', '고지방', '고염']",중식,일반
UBx12uPLzuamqSu3Y3Y2zPrj,뿌리채소볶음,연근 1개  우엉 1대  당근 12개  홍고추 1개  식초 1큰술  참기름 1큰술  통깨 약간  식용유 약간  맛술 3큰술  간장 2큰술  설탕 1큰술  올리고당 1큰술,"Step 1 연근은 껍질을 벗기고 난 후 동그란 모양으로 얇게 썰어주세요. 우엉, 당근은 필러로 껍질을 벗기고 45cm 길이로 채 썰어주세요. 홍고추도 비슷한 크기로 채 썰어주세요. Step 2 찬물에 식초를 넣고 연근, 우엉을 담갔다가 키친타월로 수분을 제거해주세요. TIP. 연근이나 우엉을 식촛물에 10분간 담갔다가 조리하면 색이 검게 변하는 것을 막아주고 아린 맛을 제거할 수 있어요. Step 3 팬에 식용유를 두르고 연근과 우엉을 볶아주세요. 반쯤 익었을 때 당근, 홍고추, 양념 재료를 넣어서 볶다가 참기름과 통깨를 뿌려 마무리해주세요. Step 4 완성된 요리를 그릇에 담아 내어주세요.",['고지방'],다이어트,다이어트
f9fdk9jcaM8fsb836rmQ1DVr,단호박 쉐이크,미니 단호박 1개200g  불린 캐슈넛 13컵  순두부 12개  물 12컵  올리고당생략가능 1큰술  소금 2꼬집,Step 1 단호박을 2등분 한 후 씨와 껍질을 제거하고 찜통 또는 냄비에 1012분간 쪄주세요. tip. 단호박은 으깨질 정도로 푹 익히는것이 좋아요 tip. 찜기가 없다면 손질한 단호박을 전자레인지에서 5분간 조리해주세요 Step 2 믹서에 단호박과 나머지 재료를 넣고 갈아주세요. Step 3 완성된 쉐이크를 컵에 담아 맛있게 즐겨주세요.,['저칼로리'],채식,채식
qja65HUqUndBRDPTWEo1XSPk,닭고기 캐슈너트 볶음궁보계정,닭다리살 2개  청피망 개  홍피망 개  양파 개  샐러리 1대  캐슈너트 10알  표고버섯 2개  죽순 20g  마늘 2개  생강 약간  대파 1대  달걀 1개  고추기름 2큰술  산초기름 1큰술  청주 1작은술  간장 작은술  설탕 1작은술  굴소스 1큰술  흑후춧가루 약간  참기름 약간  물전분 2큰술,"Step 1 채소와 버섯은 사방 12cm 크기로 썰고, 파와 마늘은 편썰고, 생강은 채썰어 준비해 주세요. Step 2 닭다리살은 분량의 닭고기 마리네이드 재료를 넣고 치댄 후 기름을 부어 재워 둡니다. Tip. 부드럽고 잡내 없는 고기 맛을 위해 해물, 육류에 미리 마리네이드를 하면 좋아요. 마리네이드 재료해물, 육류 250g 기준  옥수수 전분 2큰술, 흰자 1개, 소금 12 작은술, 식용유 3큰술, 후춧가루 약간 Step 3 분량의 재료를 골고루 섞어서 소스를 만들어 주세요. Step 4 팬에 재워둔 순서 2를 약불로 볶다가 중불에 서 캐슈너트를 넣고 함께 볶아 체에 받쳐두세요. Step 5 팬에 고추기름, 산초기름, 파, 마늘, 생강을 넣고 향을 내고 모든 채소와 순서 4를 넣고 마지막에 순서 3의 소스를 넣고 볶아 주세요. Step 6 완성 마지막에 참기름을 넣어 완성시켜 주세요.","['저칼로리', '고지방', '고염']",중식,일반
4gFJA83bA1uPrsaCmHD3NsGN,애호박 볶음,애호박 1개 | 다진 마늘 ½큰술 | 통깨 약간 | 식용유 적당량 | 참기름 1큰술 | 채수 50mL | 소금 ½작은술 | 다진 파 1큰술 | 후추 약간,"Step 1 애호박은 0.5cm 두께로 어슷하게 썬 후 채를 썰어 주세요. Step 2 프라이팬에 기름을 약간 두르고 다진 마늘을 볶다가 향이 올라오면 채썬 호박과 다진 파를 넣고 후추를 뿌려 12분간 볶아주세요. Step 3 호박이 반 정도 익으면 채수와 소금을 섞어 부어주세요. 뚜껑을 닫아 12분 정도 익혀주세요. Step 4 완성된 애호박 볶음에 참기름을 두르고, 통깨를 뿌려 맛있게 즐겨주세요.","['고지방', '고염']",한식,일반
JTXskcKodDpwyJtmrkjtrBrP,토마토수프,완숙토마토 4개800g  양파 12개  당근 14개  다진마늘 12큰술  바질가루생략가능 약간  월계수잎생략가능 1장  버터 2큰술  치킨스톡고형 1조각  물 400ml  파슬리생략가능 약간  소금 약간  후춧가루 약간  파르메산 치즈생략가능 약간  올리브오일 약간,"Step 1 깨끗이 씻은 토마토는 46등분으로 자르고, 양파는 채썰고 당근은 깍뚝 썰어주세요. 파슬리는 잘게 다져주세요. Step 2 달군 냄비에 버터를 녹인 후 다진마늘과 양파를 넣어 양파가 투명해질 때까지 35분 정도 볶아주세요. Step 3 토마토와 당근을 넣어 34분 볶다가 뜨거운 물에 치킨스톡을 넣어 녹이고, 월계수잎과 바질가루를 함께 넣어 주세요. 중약불에서 뭉근하게 1015분 끓인 후, 불을 끄고 월계수잎을 건져주세요. Step 4 끓인 재료를 블렌더로 갈아준 후 510분 정도 더 끓여주세요. Step 5 바게트와 크루통을 프라이팬에 바삭하게 구워주세요. Step 6 styling tip 1. 납작한 접시보다는 오목한 그릇을 선택해서 수프를 담아주세요. 2. 후추와 다진 파슬리를 수프에 골고루 뿌려주세요. 3. 치즈그라인더로 치즈를 갈아서 수프 위에 뿌리고, 크루통을 올려주세요. 다진 Step 7 그릇에 수프를 담아 다진 파슬리를 뿌리고, 취향에 따라 파르메산 치즈와 노릇하게 구운 빵을 함께 곁들여 즐겨주세요.",['고지방'],양식,일반
65TvSjcqPje9guCm5smTg91r,부추 모차렐라 카프레제,생모차렐라 치즈 100g  적양파 개  부추 30g  유자폰즈소스 혹은 화이트발사믹 식초 or 사과 식초 2큰술  깨 1큰술  꿀 혹은 유기농 설탕 1.5큰술  레몬즙 2큰술  올리브오일 1큰술,"Step 1 조리법 볼에 유자폰즈소스, 꿀, 레몬즙, 깨를 넣고 잘 섞어 소스를 만들어주세요. 유자폰즈 소스가 없다면 화이트 발사믹 식초 혹은 사과 식초를 대신 넣어도 좋아요. 2. 적양파는 얇게 채 썰고 차가운 물에 담가 매운맛을 뺀후 키친타월로 물기를 꼼꼼하게 제거해주세요. 3. 순서1의 소스를 순서2의 적양파에 버무려 맛이 스며들도록 30분1시간 이상 재워주세요. 4. 생모차렐라 치즈는 5mm 이하 두께로 얇게 슬라이스 해주세요. 5. 부추는 다듬고 깨끗이 씻어 키친타월로 물기를 제거한 후 먹기 좋게 5cm 길이로 잘라주세요. 6. 순서3을 그릇에 길게 깔고 부추  모차렐라 치즈 순서로 올려주세요. 먹기 전에 올리브오일을 적당량 뿌려주세요. Step 2 완성 얇게 슬라이스한 생모차렐라 치즈에 적양파와 부추를 함께 곁들여 즐겨주세요.","['고지방', '고당']",다이어트,다이어트
vCFefYUHVAaaP6tvzeWjA4Fw,두릅버섯전,두릅 15개 (손질한 상태 200g) | 새송이버섯 2개 | 부침가루 1/4컵 | 달걀 2개 | 소금 약간 | 꼬치 4개 | 식용유 적당량 | 간장 1큰술 | 식초 1큰술 | 물 1/2큰술 | 송송 썬 청양고추 1/2개,"Step 1 두릅은 짧고 통통한 것을 골라 밑동을 잘라 손질해주세요. 너무 큰것은 반으로 자르고 굵은 부분에 칼집을 넣어주세요. Step 2 끓는 물에 소금을 넣어 30초 정도 데친 후 찬물에 담가주세요. 두릅은 아린맛이 날 수 있기 때문에 한번 데쳐서 먹는 것이 좋고, 데친 후 속까지 완전히 식혀야 색이 변하지 않아요. Step 3 새송이버섯은 밑동을 자르고 이등분 한 후 두릅과 비슷한 두께로 잘라주세요. Step 4 꼬치에 두릅과 새송이버섯을 번갈아 끼우고 부침가루  달걀물을 묻혀주세요. Step 5 달군팬에 식용유를 넉넉히 두른 후 중약불에서 앞뒤로 노릇하게 부쳐주세요. Step 6 꼬치를 뺀 후 적당한 크기로 자르고, 초간장 재료를 모두 섞어 초간장을 곁들여 맛있게 즐겨주세요.","['고단백', '저칼로리', '고염']",한식,일반
oHS9Vm8nv1h7aHpa75fg5vs4,스테이크화이타,쇠고기안심 또는 등심 250g  새우 12마리  피망 1개  빨간 파프리카 1개  양파 1개  토르티야소 6장  올리브유 적당량  올리브유 1큰술  소금 약간  후춧가루 약간  레몬즙 1작은술  파프리카 파우더 12작은술  올리브유 2큰술  케찹 2큰술  핫소스 12큰술  설탕 12큰술  레몬즙 12큰술  파슬리 가루 약간  사워크림기호에 따라 12컵  구아카몰 12컵  토마토 13개,"Step 1 새우는 머리를 떼고 몸통의 껍질을 벗긴 후 이쑤시개로 내장을 빼고 밑간해주세요. 쇠고기는 키친타월에 올려 핏물을 제거하고 10분 정도 밑간해주세요. Step 2 양파 23개와 피망, 빨간 파프리카는 굵게 채 썰어주세요. 나머지 양파와 토마토는 잘게 다진 후 살사소스 재료에 섞어주세요. Step 3 달군 팬에 올리브유를 두른 후 채 썬 야채를 넣고 약간의 소금과 후춧가루로 밑간해서 볶아주세요. Step 4 토르티야는 에어프라이어에 1분 정도 굽거나 전자레인지에 뚜껑을 덮고 30초 정도 돌려 따뜻하게 준비해주세요. Step 5 새우는 에어프라이어에 넣어 180도에서 10분 정도 구워주세요. 쇠고기는 에어프라이어 180도에서 8분 정도 익히고 뒤집어서 5분 정도 구워 먹기좋게 채 썰어주세요.고기 두께에 따라 익히는 시간을 가감해주세요. Step 6 토르티야에 구운 쇠고기와 새우, 야채, 살사소스를 올리고 가장자리를 접어 돌돌 말아주세요. 기호에 따라 사워크림 구아카몰소스, 잘게 채 썬 치즈 등을 함께 드셔도 맛있답니다.","['고단백', '저칼로리', '고지방', '고염']",양식,일반
SQa77Zf3sNSLYFMPUAzM2wnW,닭가슴살쌈장현미쌈밥,현미밥 12공기  깻잎 3장  상추 3장  양배추 잎 1장  쌈미역 1줄기 30g  참기름 12작은술  깨소금 12작은술  소금 약간  닭가슴살 다진 것 20g  고추장 1작은술  된장 1작은술  물 1작은술  청주 1작은술  다진 마늘 12작은술  올리고당 12작은술  후춧가루 약간,"Step 1 양배추 잎은 두꺼운 부분을 저며내고, 쌈미역과 함께 찜기에 올려서 쪄주세요. Step 2 쌈미역은 색깔이 변하면 바로 찜기에서 꺼내 깻잎과 비슷한 크기로 썰어주세요. 찐 양배추 잎도 깻잎과 비슷한 크기로 잘라주세요. Step 3 깻잎과 상추는 흐르는 물에 씻어 물기를 털고 준비해주세요. Step 4 닭가슴살 쌈장 재료를 섞어주세요. 닭가슴살 제외 Step 5 팬에 물을 살짝 두르고 다진 닭가슴살을 고슬고슬하게 볶다가 STEP4를 넣어 고루 섞어가며 조려주세요. Step 6 현미밥에 양념 재료를 모두 넣어 가볍게 섞어주세요. Step 7 의 쌈재료에 각각 양념한 밥을 반 숟가락 정도씩 얹고, STEP5의 닭가슴살 쌈장을 얹어 먹기 좋게 싸주세요. Step 8 완성된 요리를 그릇에 담아 마무리하세요.","['고단백', '저칼로리']",다이어트,다이어트
8JBc8QqGhgck4hbshBVdMv9N,감자햄볶음,감자 3개 | 햄 50g | 양파 1/4개 | 피망 1/4개 | 참기름 1큰술 | 통깨 약간 | 식용유 적당량 | 다진마늘 1/2작은술 | 소금 1/4작은술 | 후추 약간,"Step 1 감자는 껍질을 벗기고 4센치 길이로 채 썬 후 찬물에 헹궈 전분을 빼고, 물에 5분 정도 담갔다가 체에 밭쳐 물기를 빼 주세요. Step 2 양파와 피망, 햄은 먹기 좋게 채 썰어 주세요. Step 3 달군 팬에 기름을 두르고 양파, 감자를 넣어 중간불에서 볶아주세요. Step 4 감자가 투명해지면 햄과 피망, 양념재료를 넣어 간을 맞춰주세요. Step 5 마지막에 참기름과 통깨를 넣고 불을 꺼주세요. 알맞은 그릇에 담아 맛있는 반찬으로 활용해주세요.",['고지방'],한식,일반
k4td6x4j5gSHTeTVEgwVZfq9,날치알 투움바 파스타,스파게티면 1줌100g  펜네 봉지80g  카놀라유 약간  베이컨 3줄  마늘 3쪽  날치알 1술10g  피망 개  대파 10cm 1개  양파 개  양송이 3개  고운 고춧가루 술  휘핑크림 100ml  우유 200ml  파마산 치즈 가루 약간  체다치즈 4장  소금 약간,"Step 1 달군 팬에 다진 베이컨, 슬라이스한 마늘을 넣고 중불에서 2분간 볶아주세요. Step 2 적당한 크기로 자른 피망과 어슷 썬 대파, 슬라이스한 양파, 양송이와 고운 고춧가루를 넣고 중불에서 2분간 볶아주세요. Step 3 순서 2에 휘핑크림, 우유를 넣고 중불에서 저으며 3분 끓이다가 나머지 소스 재료를 넣고 2분 더 끓여주세요. 부족한 간은 소금으로 맞춰주세요. Step 4 새로 달군 팬에 카놀라유를 두른 뒤 삶은 스파게티면, 펜네를 넣고 중불에서 2분 볶은 뒤 순서 3과 날치알을 넣어주세요. Tip. 날치알을 레몬즙에 담그면 비릿한 냄새를 제거할 수 있어요 Step 5 완성 그릇에 옮겨 담아 피클 등을 곁들여 맛있게 음미하세요","['고지방', '고염']",양식,일반
HEtriSUN8f9jvw9hq9yUzx6b,감자크로켓,감자 45개  다진 양파 4큰술  다진 피망.파프리카 3큰술씩  다진 당근 3큰술  다진 파슬리 2큰술  소금.후추 약간씩  카놀라유 적당량  케첩 약간  밀가루 1컵  빵가루 1컵  달걀 1개,"Step 1 달군 팬에 기름을 두르고 다진 양파, 피망, 파프리카, 당근을 살짝 볶아서 한 김 식혀주세요. Step 2 볼에 삶은 감자를 으깨고 앞서 볶은 채소에 다진 파슬리를 넣고 소금후추로 간을 해 섞어주세요. Step 3 재료들이 고루 섞이면 동그란 모양으로 빚어 밀가루, 달걀물, 빵가루 순으로 튀김옷을 입혀주세요. Step 4 냄비에 반죽이 잠길 정도로 카놀라유를 붓고 기름 온도를 170도로 올려주세요. 중불로 줄인 후 크로켓을 튀겨주세요. Step 5 노릇하게 튀겨낸 크로켓은 키친타월에 올려 기름을 충분히 빼준 후 케첩이나 칠리소스를 곁들여냅니다.","['고단백', '저칼로리', '고지방', '고염']",양식,일반
hKB8JrarDFtBx938uAZyGLsz,양배추 전,양배추 통 400g  감자 1개  식용유 약간  찹쌀가루 1큰술  부침가루 2큰술  소금 1작은술  후춧가루 약간,Step 1 깨끗이 씻은 양배추는 심지를 잘라내고 잎은 얇게 채를 썰어 주세요. tip. 양배추 심지도 채를 썰어 함께 사용해 주세요 Step 2 껍질을 벗긴 감자를 얇게 채를 썰어 주세요. Step 3 넓은 볼에 손질한 재료를 넣고 반죽 재료를 넣어 골고루 섞어주세요. Step 4 팬에 기름을 두른 후 반죽을 넣어 두툼하게 펼쳐 주세요. 중약불에서 골고루 익도록 뚜껑을 닫아 23분간 구워주세요. Step 5 부침개를 뒤집어 반대쪽도 노릇하게 익혀주세요. 그릇에 담아 맛있게 즐겨주세요.,['고지방'],채식,채식
FzDkp39Zh6cPy4pTXyqYshGi,육곡밥,육곡쌀 3컵 | 물 3컵,"Step 1 육곡쌀을 깨끗한 물에 씻어주세요. Step 2 냄비나 전기밥솥에 물과 함께 넣은 후 취사를 해주세요. 센불에서 끓으면 약한불로 줄여 15분, 불을 끄고 5분 뜸들이기 Step 3 그릇에 담은 후 맛있게 즐겨주세요. 여러가지 나물과 함께 비빔밥으로 즐기면 더욱 맛있게 드실 수 있답니다",['일반'],한식,일반
fWxtokhG7r4RXM1MguQXfYTr,도라지나물,깐도라지 300g | 소금 1큰술 | 멸치다시마육수(또는 물) ½컵 | 들기름 2큰술 | 통깨 약간 | 다진 파 (흰부분) 1큰술 | 다진 마늘 ½큰술 | 소금 약간,Step 1 도라지는 굵은부분은 십자로 가른 후 56센치 길이로 자르고 찬물에 20분정도 담가주세요. Step 2 손질한 도라지는 약간의 물과 소금을 넣고 바락바락 주무른 후 물에 깨끗이 헹궈 쓴맛을 빼주세요. tip. 통도라지는 돌려가며 껍질을 벗겨 손질하고 도라지의 쓴맛이 강할 때는 소금에 주물러 끓는물에 살짝 데친 후 찬물에 1시간정도 담갔다가 사용하세요. Step 3 팬에 들기름 1큰술을 두르고 도라지와 양념재료를 넣고 볶다가 멸치다시마육수를 넣고 중약불에서 도라지가 부드러워질 때까지 볶아주세요. Step 4 도라지가 국물없이 볶아지면 마지막에 들기름과 통깨를 뿌려주세요. 기호에 따라 참기름을 사용하셔도 되구요. 부족한 간은 소금을 가감해서 조절해주세요.,"['고지방', '고염']",한식,일반
YkhoZ1RMvvucwmXfHXeA4Nhb,투움바파스타,페투치네면 180g  베이컨 3줄  새우 10마리  양송이버섯 3개  양파 개  마늘 3쪽  페페론치노 3개  버터 1큰술  그라나파다노치즈 또는 파르메산치즈  약간  올리브유 약간  후춧가루 약간  파프리카 파우더 또는 고운 고춧가루 큰술  맛술 1큰술  올리브오일 큰술  소금 약간  생크림 1컵  우유 컵  간장 큰술  파마산 치즈가루 1큰술  실파 2줄기,"Step 1 실파는 송송 썰어 크림 소스 재료와 섞어 준비해 주세요. 새우는 새우 양념 재료를 넣어 10분정도 재워주세요. Step 2 베이컨과 양송이버섯은 한 입 크기로 자르고 양파는 채를 썰어주세요. 마늘은 편으로 썰고 페페론치노는 잘게 다져주세요. Step 3 끓는 물 1리터에 소금 12큰술을 넣고 페투치니면을 넣어 9분정도 삶아주세요. Step 4 팬에 올리브오일을 두르고 버터를 녹인 후 마늘과 양파, 페퍼론치노를 넣어 볶다가 향이 올라오면 베이컨을 넣어 볶고 새우와 양송이버섯을 넣어 볶아주세요. Step 5 새우가 익으면 크림 소스 재료를 넣어 섞고 소스가 바글바글 끓으면 페투치네면을 넣어 소스가 면에 베이도록 볶은 후 약간의 소금, 후춧가루로 간을 맞추고 불을 꺼주세요. tip 파스타의 농도는 생크림과 파르메산 치즈가루를 가감해서 조절해 주세요. Step 6 접시에 투움바 파스타를 담고 그라나파다노 치즈또는 파르메산 치즈를 갈아 뿌리고 파슬리가루를 뿌려 맛있게 즐겨주세요.","['고단백', '저칼로리', '고지방', '고염']",양식,일반
6a2TPSB7SApLmpW7gxjyEaEP,채식 순두부찌개,잘게 썬 배추김치 (신김치) ½컵 | 순두부 1봉 | 애호박 ¼개 | 표고버섯 2개 | 대파 ⅓대 | 양파 ¼개 | 청양고추 1개 | 다시마 물 3컵 | 고추기름 2큰술 | 소금 ½작은술 | 고춧가루 1큰술 | 맛술 1큰술 | 국간장 1큰술 | 다진 마늘 1큰술 | 후춧가루 약간 | 들기름 1작은술,"Step 1 양파는 채를 썰어주세요. 애호박은 먹기 좋게 나박 썰고 청양고추와 대파는 어슷하게 썰어주세요. 표고는 채를 썰어주세요. Step 2 볼에 양념 재료를 넣어 섞어주세요. Step 3 냄비에 고추기름과 대파 반을 넣고 중약불에서 달달 볶다가 파 향이 올라오면 양파, 김치 순서로 넣어 볶아주세요. Step 4 다시마물을 붓고 양념장과 애호박과 표고버섯을 넣고 5분 정도 끓이다가 순두부를 넣고 끓여주세요. Step 5 마지막에 청양고추와 대파를 넣고 한소끔 끓여 맛있게 즐겨주세요. tip 소금을 가감해서 간을 조절해 주세요.","['고단백', '저칼로리', '고지방', '고염']",한식,일반
u748mQiB7yA9zJvs1VBcT6F6,딱새우찜,딱새우 12마리 | 감자 1개 | 미니단호박 1/2개 | 꽈리고추 6개 | 옥수수 1개 | 레몬 1개 | 월계수잎(생략가능) 2장 | 와사비 1/2작은술 | 마요네즈 2큰술 | 설탕 1/2큰술 | 레몬즙 1큰술 | 후춧가루 약간 | 다진마늘 1큰술 | 버터 2큰술 | 꿀 1큰술 | 파슬리가루(생략가능) 약간,"Step 1 감자는 깨끗이 씻어 껍질을 벗긴 후 4등분으로 자르고, 옥수수는 3등분으로 잘라주세요. 미니단호박은 씨를 빼고 웨지모양으로 자르고, 레몬은 반으로 잘라주세요. Step 2 찜기에 물을 올린 후 흐르는 찬물에 씻은 딱새우와 손질한 감자, 옥수수, 꽈리고추, 레몬, 월계수잎을 넣어 뚜껑을 덮고 20분간 푹 쪄주세요. tip. 꽈리고추는 5분 정도만 찐 후 건져내면 색감을 예쁘게 플레이팅 할 수 있어요 Step 3 와사마요 소스는 재료대로 모두 섞고, 갈릭버터 소스는 팬에 버터를 녹인 후 다진마늘을 볶다가 꿀과 후춧가루를 뿌려 두 가지 소스를 만들어주세요. Step 4 접시에 보기 좋게 담아 소스를 곁들여 즐겨주세요.","['고단백', '저칼로리', '고지방', '고당']",한식,일반
cHRaHtZBooQcuWBFfYrQYNaf,청양 마요 김밥,청양고추 12개 | 깻잎 10장 | 스팸 ½캔 | 밥 2공기 | 김밥용 김 2장 | 통깨 약간 | 고추냉이 ½큰술 | 마요네즈 5큰술 | 설탕 1큰술 | 소금 ½작은술 | 식초 1큰술,"Step 1 청양고추 8개는 씨를 뺀 후 길게 채를 썰어주세요. 4개는 송송 썰어주세요. 깻잎은 채를 썰어주세요. 스팸은 1cm 두께로 길게 썰어주세요. Step 2 볼에 마요 소스 재료를 넣고 섞어주세요. Step 3 밥에 마요 소스 2큰술과 통깨를 넣고 골고루 섞어주세요. Step 4 팬에 스팸을 노릇하게 구워주세요 Step 5 김에 밥을 고르게 펼친 후 스팸, 청양고추, 깻잎을 올려 단단하게 말아주세요. tip.속 재료는 크래미, 참치 등 집에 있는 재료를 응용 해도 좋아요 tip.밥의 끝과 김이 맞닿게 말면 더욱 예쁘게 만들 수 있어요 Step 6 김밥을 먹기 좋은 크기로 잘라주세요. 김밥 위에 나머지 마요 소스와 송송 썬 청양고추, 통깨를 뿌려 완성해주세요.",['고단백'],한식,일반
y6EU87ZaepeCZQ9b7YSDnRhv,베리스무디볼,냉동 딸기 2컵  냉동 바나나 2개  냉동 블루베리 14컵  비트 18개  저지방우유 14컵  요거트 12컵  얼음 12컵  꿀 1큰술  딸기 2개  블루베리 10알  그래놀라 2큰술  치아씨드 2큰술  다진 피스타치오 2큰술,"Step 1 비트는 껍질을 벗긴 후 큼직하게 썰고, 토핑용 딸기는 깨끗이 씻어 꼭지를 떼고 슬라이스 해주세요. Step 2 블렌더에 썰어 둔 비트와 냉동딸기, 냉동바나나, 냉동블루베리, 저지방우유, 요거트, 얼음과 꿀을 넣어 갈아주세요. Step 3 적당한 그릇에 담고, 준비한 토핑을 보기 좋게 올린 후 맛있게 즐겨주세요. 토핑은 어울리는 재료를 다양하게 활용하셔도 좋답니다",['고당'],다이어트,다이어트
YRcgLothiTxVdGPVweSA4Lka,조개 수정교자하가우,새우 400g  죽순 50g  돼지고기 A 지방 50g  물밤 30g  치킨파우더 30g  달걀 1개  감자전분 15g  소금 1g  설탕 2g  참기름 40g  백후추 2g  밀전분 200g  감자전분 30g  끓는 물 200g  기름 30g,Step 1 새우는 손질하여 준비하고 모든 재료는 채 썰어 준비해 주세요. Step 2 볼에 순서 1과 분량의 소스를 넣고 치대주세요. Step 3 끓는 물로 반죽하고 밀어서 피를 준비해 주세요. Step 4 피의 중앙에 속재료를 넣어주세요. Step 5 피의 끝을 1cm 가량 눌러주세요. Step 6 왼쪽 검지로 밀면서 주름을 잡아주세요. Step 7 완성 마지막 끝부분도 1cm 가량 눌러서 모양을 만들고 찜기에 4분간 쪄주세요. Tip. 피를 반죽할 때 반드시 100도 이상 끓인 물로 반죽해야 투명도가 살고 찰지답니다.,"['고단백', '저칼로리']",중식,일반
SQwaTYRk4qDJGkjTsuQRm9Zk,비건 바닐라 파운드케이크,"두유 100g  포도씨유 45g  바닐라 익스트랙 바닐라 오일, 바닐라빈으로 대체 가능 20g  아가베 시럽 22g  황설탕 52g  레몬즙 6g  통밀가루 100g  베이킹파우더 3g  슈가파우더 80g  바닐라 익스트랙 바닐라 오일, 바닐라빈으로 대체 가능 5g  물 5g","Step 1 볼에 두유, 포도씨유, 바닐라 익스트랙을 넣고 잘 섞어주세요. Step 2 아가베 시럽, 황설탕을 넣고 섞다가 레몬즙을 넣어주세요. Step 3 통밀가루와 베이킹파우더를 체 쳐서 넣고 덩어리가 없어질 때까지 잘 섞어주세요. Step 4 파운드 틀에 반죽을 붓고 180도로 예열한 오븐에서 20분, 160도에서 20분간 구운 후 식혀주세요. tip. 오븐의 성능에 따라 굽는 시간에 차이가 있을 수 있어요 Step 5 볼에 바닐라 아이싱 재료를 넣고 섞어주세요. tip. 물을 추가해 농도를 맞춰주세요 Step 6 식힌 파운드케이크에 골고루 발라주세요. tip. 바닐라빈을 잘라 데코해 주세요",['고당'],채식,채식
sWXden116CqHHDNs7m2hZDnv,그릭샐러드,복숭아 1개  토마토 1개  오이 1개  노란 파프리카 12개  적양파 12개  그린올리브 5알  블랙올리브 5알  페타치즈 3큰술약 10조각  바질잎 45장  올리브오일 4큰술  레몬즙 2큰술  다진 양파 2큰술  설탕 1 큰술  식초 1 12큰술  소금 12작은술  후추 약간,"Step 1 복숭아는 단단한 것으로 준비해 껍질을 깨끗하게 씻은 후 1.5cm 크기로 썰어주세요. 토마토와 오이, 파프리카는 1.5cm 크기로 먹기 좋게 썰어주세요. 적양파는 채를 썬 후 찬물에 담가 매운맛을 제거하고 바질은 돌돌 말아서 가늘게 채를 썰어주세요. Step 2 볼에 드레싱 재료를 고루 섞어서 레몬드레싱을 만들어주세요. 그릇에 복숭아, 토마토, 오이, 적양파, 파프리카, 올리브, 페타치즈를 얹은 후 바질을 올리고 먹기 직전에 레몬드레싱을 뿌려주세요","['저칼로리', '고지방']",양식,일반
QBMtnfWLAvqSkTk1DKvBxa9K,돼지고기겨자채보쌈,돼지고기(통삼겹살) 1kg | 오이 ½개 | 파프리카(노란색) ½개 | 양파 ½개 | 홍고추 1개 | 통깨 약간 | 물 8컵 | 된장 1큰술 | 미림(또는 청주) ¼컵 | 대파 2대(잎부분) | 마늘 5쪽 | 생강(마늘1쪽 크기) 1쪽 | 월계수잎 2장 | 통후추 약간 | 맛술 2큰술 | 간장 1큰술 | 물엿 1큰술 | 물 1큰술 | 식초 2큰술 | 연겨자 1큰술 | 설탕 1큰술 | 연유 1큰술 | 간장 1작은술 | 다진마늘 ½작은술 | 소금 한꼬집,"Step 1 냄비에 고기 삶는 재료를 넣고 국물이 끓어오르면 통삼겹살을 덩어리째 넣고 한소끔 끓이다가 불을 중약불로 줄여 1시간 정도 삶아주세요. Step 2 오이는 4센치 길이로 잘라 돌려 깎아 속씨를 제거한 후 채를 썰고, 파프리카는 4센치 길이로 채를 썰어주세요. 홍고추와 양파는 얇게 채를 썰고 찬물에 담갔다가 매운맛을 빼고 물기를 제거해주세요. 볼에 겨자소스 재료를 넣고 섞어 겨자소스를 만들어주세요 Step 3 팬에 간장 소스 재료를 넣고 소스가 보글보글 끓으면 삶은 돼지고기를 얹고 약한불에서 앞 뒤로 뒤집어가며 윤기나게 2분 정도 졸여주세요. Step 4 조린 돼지고기는 0.5센치 두께로 가운데 칼집을 넣은 모양으로 잘라주세요. Step 5 채 썰어둔 채소는 겨자 소스에 가볍게 버무려 돼지고기의 칼집을 넣은 사이에 먹기 좋게 채워주세요. Step 6 접시에 돼지고기 겨자채 보쌈을 담고, 고기 위에 통깨를 뿌리고 겨자소스를 곁들여주세요.","['고단백', '저칼로리', '고지방', '고염']",한식,일반
eAazgEgWkgPrvRLRceL2riWL,순두부 달걀탕,순두부 ⅔개 | 달걀 3개 | 대파 ½대 | 청양고추 1개 | 멸치 다시마 물 400mL | 딱새우 맑은 간장 (새우젓으로 대체 가능) 1작은술 | 다진 마늘 1작은술 | 후춧가루 약간 | 소금 약간,Step 1 볼에 달걀을 풀은 후 소금을 넣어 섞어주세요. Step 2 순두부는 2cm 길이로 잘라주세요. 대파와 청양고추는 송송 썰어주세요. Step 3 냄비에 순두부를 가지런히 두고 멸치다시마물을 부어 끓으면 딱새우 맑은 간장과 다진 마늘을 넣고 뚜껑을 닫아 끓여주세요. tip. 끓으면서 생기는 거품은 걷어주세요 Step 4 끓으면 순두부 주변으로 달걀을 조금씩 붓고 살살 저어주세요. Step 5 대파와 청양고추를 넣고 후춧가루를 뿌려 맛있게 즐겨주세요. tip. 기호에 따라 소금이나 새우젓으로 간을 조절해 주세요,"['고단백', '저칼로리', '고염']",한식,일반
5nvVWMaaVHSaEKHXvxuY2W1K,양지수육전골,소고기 양지 500g | 부추 100g | 팽이버섯 1봉 | 대파(녹색 부분) 1대 | 양파 1/2개 | 마늘 4쪽 | 생강 1쪽 | 통후추 8알 | 간장 2큰술 | 물 2큰술 | 맛술 1큰술 | 설탕 1/2큰술 | 식초 1큰술 | 양파 1/4개 | 청양고추 1개 | 초이스레시피 분말육수(한우사골) 2포 | 물 3컵 | 소금 약간 | 후춧가루 약간,"Step 1 쇠고기 양지를 찬물에 담가 30분 정도 핏물을 빼주세요. 고기가 잠길 정도의 물과 고기 삶는 재료를 냄비에 넣고, 물이 끓어오르면 고기를 넣어 1시간 정도 삶아주세요. Step 2 양지를 얇게 편으로 썰어주세요. Step 3 부추는 깨끗이 씻어 7cm 길이로 자르고, 팽이버섯은 밑동을 잘라주세요. Step 4 소스 재료의 청양고추는 링으로 썰고, 양파는 굵게 다져 소스 재료와 섞어주세요. Step 5 냄비에 부추와 팽이버섯을 돌려 담고, 썰어 놓은 고기를 올려주세요. Step 6 냄비에 국물 재료를 넣고, 국물이 끓어오르면 약한불로 줄여 2분 정도 더 끓여 완성해 주세요. Step 7 고기와 야채에 소스를 곁들여 맛있게 즐겨주세요. TIP. 기호에 따라 달걀 지단을 올리면 더욱 근사해요. 남은 국물에 칼국수를 넣어 먹거나, 다진 양파, 부추, 당근 등과 김가루, 밥을 넣어 죽을 만들어 드셔도 맛있답니다","['고단백', '저칼로리']",한식,일반
pQTsCZXtrCJK7EAv43VWRAxp,들깨감잣국,감자 3개(250g) | 대파 20g | 국물용 멸치 10g | 다시마 (5X4cm 크기) 2장 | 물 800ml | 들깨가루 2큰술 | 들기름 ½큰술 | 다진 마늘 1큰술 | 국간장 2큰술 | 소금 1작은술,"Step 1 멸치, 다시마는 다시백에 넣어주세요. Step 2 대파는 잘 씻어서 1cm 두께로 송송 썰어주세요. Step 3 감자는 껍질을 벗기고 3cm 크기로 깍둑 썰어주세요. Step 4 냄비에 물과 순서 1의 다시백을 넣고 5분 정도 끓여 국물을 낸 뒤 건져주세요. Step 5 감자를 넣고 3분 정도 끓이다가 들깨가루, 들기름, 마늘, 국간장, 소금을 넣고 2분 정도 끓여주세요. Step 6 감자가 다 익으면 대파를 넣고 2분 정도 더 끓여주세요. Step 7 완성 그릇에 덜어 따뜻할 때 맛있게 드셔보세요","['고지방', '고염']",한식,일반
BjaXkfBsF5pnhPHpe5zEHCXU,단호박샐러드,단호박 12통  고구마 2개  건크랜베리 약간  파슬리가루 약간  아몬드슬라이스 약간  마요네즈 4큰술  플레인요거트 2큰술  설탕 12큰술  머스터드 12큰술  소금.후추 약간씩,"Step 1 씨와 껍질을 제거한 단호박과 고구마를 김오른 찜통에 넣고 1215분간 쪄주세요. 찜통에서 꺼낸 단호박과 고구마를 볼에 넣고 부드럽게 으깨주세요. Step 2 건크랜베리와 드레싱 절반 분량을 넣어 살살 버무려주세요. Step 3 평평한 곳에 토르티야를 놓고 동그란 틀이나 그릇을 이용하여 작은 원 모양으로 찍어주세요. Step 4 찍어낸 토르티야를 머핀 틀에 넣어 컵 모양으로 깔고 180도로 예열한 오븐에 1015분간 구워주세요. Step 5 토르티야 컵에 STEP 2를 담고 파슬리가루, 아몬드슬라이스를 올려주세요. 먹기 직전에 나머지 드레싱을 뿌려주세요.",['저칼로리'],다이어트,다이어트
UaintYqHTuay5cQPCF9edmSC,간단 잡채,건당면 100g | 잡채용 돼지고기 100g | 표고버섯 3개 | 부추 반줌 | 당근 1/2개 | 양파 1/2개 | 통깨 2큰술 | 참기름 1큰술 | 후춧가루 약간 | 물 2컵 | 진간장 2+1/2큰술 | 흑설탕(또는 설탕) 1큰술 | 식용유 1큰술,"Step 1 건당면은 찬물에 담가 30분정도 불려주세요. Step 2 당근, 표고, 양파는 채를 썰고, 부추는 5cm 길이로 썰어주세요. Step 3 냄비에 양념 재료를 넣고 중불에서 끓이다가 설탕이 녹으면 불린 당면과 돼지고기, 표고버섯을 넣고 후추를 뿌려 23분간 끓여주세요. tip. 흑설탕은 잡채의 색을 더욱 맛있게 보이게 해줘요. 흑설탕이 없다면 일반 설탕을 사용해도 괜찮아요 Step 4 당면이 반 이상 익었을때 양파와 당근을 넣고 섞은 후 뚜껑을 덮어 3분간 익혀주세요. 불을 끄고 부추와 통깨와 참기름을 넣어 가볍게 섞어주세요. Step 5 완성된 잡채를 접시에 담아 맛있게 즐겨주세요.","['고단백', '저칼로리', '고지방', '고당']",한식,일반
DFQuwmKU3MfHU8etnS6PkH9h,양배추 대패삼겹살찜,양배추 개300g  대패삼겹살 150g  청주 1큰술  통깨 2큰술  소금 작은술  후춧가루 약간  쯔유 2큰술  레몬즙 1큰술  설탕 1작은술  송송 썬 쪽파 1대,"Step 1 양배추는 식초를 탄 물에 10분 정도 담가 두었다가 흐르는 물에 깨끗이 씻어주세요. Step 2 대패삼겹살은 청주와 소금, 후춧가루를 뿌려 10분간 재워주세요. Step 3 양배추 잎을 찜기에 10분간 쪄주세요. Step 4 양배추를 찐 찜기에 삼겹살을 넣고 10분간 쪄주세요. Step 5 볼에 소스 재료를 넣어 섞어주세요. Step 6 접시에 양배추와 삼겹살을 담고 소스를 얹은 후 쪽파와 통깨를 뿌려 맛있게 즐겨주세요.","['저칼로리', '고지방', '고염']",다이어트,다이어트
oWkCkuDcXZRWBaXfCxccudAY,오징어 빠에야,오징어 2마리 500g  불린 쌀 2컵  멸치 다시마 육수 물로 대체 가능 34컵  다진 마늘 1큰술  청주 3큰술  다진 파슬리 생략 가능 약간  레몬 생략 가능 개  올리브 오일 약간  파프리카 가루 고운 고춧가루로 대체 가능 1작은술  토마토소스 3큰술  소금 약간  후춧가루 약간  카레 가루 1작은술,Step 1 오징어는 내장을 제거하고 깨끗이 씻은 후 링으로 썰어주세요. 다리는 먹기 좋게 썰어주세요. Step 2 팬에 올리브 오일을 약간 두른 후 다진 마늘을 넣어 약한 불로 볶아주세요. 마늘 향이 나면 오징어를 넣어 12분간 볶아주세요. 다 익은 오징어는 접시에 덜어주세요. tip. 오징어 외에도 홍합이나 새우등의 해산물을 추가하여 만드셔도 좋아요 Step 3 마늘과 오징어를 볶은 팬에 불린 쌀과 청주를 넣어 볶아주세요. 청주가 증발 하면 양념 재료를 넣고 육수를 조금씩 나눠 넣어가며 1015분 정도 볶아주세요. tip. 쌀은 1시간 정도 불려 주세요 tip. 과정의 마지막에서 부족한 간은 소금으로 맞춰주세요 Step 4 쌀의 심지가 약간 씹힐 정도로 익으면 볶아둔 오징어를 넣고 센 불로 30초 정도 익힌 후 뚜껑을 닫고 불을 꺼주세요. 5분간 뜸을 들여주세요. tip. 바닥의 수분을 날려 쌀이 약간 눌러 붙게 해주세요 Step 5 완성된 빠에야에 기호에 따라 파슬리와 레몬즙을 뿌려 맛있게 즐겨주세요.,"['고단백', '고지방', '고염']",양식,일반
4gFJA83bA1uPrsaCmHD3NsGN,애호박 볶음,애호박 1개  다진 마늘 큰술  통깨 약간  식용유 적당량  참기름 1큰술  채수 50mL  소금 작은술  다진 파 1큰술  후추 약간,"Step 1 애호박은 0.5cm 두께로 어슷하게 썬 후 채를 썰어 주세요. Step 2 프라이팬에 기름을 약간 두르고 다진 마늘을 볶다가 향이 올라오면 채썬 호박과 다진 파를 넣고 후추를 뿌려 12분간 볶아주세요. Step 3 호박이 반 정도 익으면 채수와 소금을 섞어 부어주세요. 뚜껑을 닫아 12분 정도 익혀주세요. Step 4 완성된 애호박 볶음에 참기름을 두르고, 통깨를 뿌려 맛있게 즐겨주세요.","['고지방', '고염']",채식,채식
JyHPoLXkZ5m8Xu9rt1cfyUE4,대파그라탕,대파흰 부분 46대  소금 약간  후춧가루 약간  파슬리 약간  코코넛 밀크 150ml  무첨가 두유 100ml  디종 머스타드 1큰술  뉴트리셔널 이스트 1큰술  타임 약간  소금 1꼬집,Step 1 냄비에 비건 크림 재료를 붓고 약불에서 10분간 저어가며 끓여주세요. Step 2 깨끗이 씻은 대파는 그라탕 용기 높이에 맞춰 썰어주세요. 약 3cm의 원통형으로 썰어주세요 tip. 대파의 흰 부분만 사용해주세요. 초록 잎은 육수를 내거나 다른 요리에 활용해 주세요 Step 3 내열 용기에 썰어둔 대파를 넣고 비건 비건 크림을 부어주세요. tip. 대파가 익으면서 부피가 줄어드니 촘촘히 넣어주세요 Step 4 포일로 감싸 220도로 예열된 오븐에서 25분간 구워주세요. Step 5 포일을 제거하고 10분간 더 구운 후 후춧가루와 다진 파슬리를 뿌려주세요. Step 6 완성된 대파그라탕을 접시에 담아 맛있게 즐겨주세요.,['고지방'],채식,채식
71sGWbjPuEFnkAPrQDJhsncj,약식,찹쌀(불리기 전) 3컵 | 대추 10개 | 밤 15~17개 | 잣 1/2컵 | 물 3컵 | 참기름 2큰술 | 대추 씨 끓인 물 2컵 | 꿀 4큰술 | 간장 1 ½큰술 | 계피가루 1/2작은술 | 참기름 1작은술 | 흑설탕 1컵 | 소금 약간,"Step 1 불린 찹쌀을 체에 밭쳐서 물기를 제거해주세요.찹쌀은 4시간 이상 충분히 불려주시는 게 좋아요. Step 2 냄비에 물 3컵과 대추 씨를 넣고 중불 이하에서 2025분간 우려내고 씨를 건져냅니다. 우린 물 2컵에 참기름을 뺀 밥물 재료를 넣고 저어 흑설탕을 녹인 후 참기름을 섞어주세요. Step 3 대추 과육 일부는 반으로 자르고 일부는 돌돌 말아 얇게 잘라 고명을 만들어주세요. 밤은 껍질을 까고 모서리 부분을 돌려 깎아 주세요. Step 4 전기밥솥에 찹쌀, 대추, 반으로 자른 밤을 넣고 STEP2의 밥물을 부어주세요. Step 5 밥물 재료를 넣고 고루 섞은 후 전기밥솥에 잡곡밥 또는 영양밥 모드로 밥을 지어주세요. Step 6 약밥이 완성되면 재빨리 잣과 참기름을 넣어 버무려주세요. Step 7 식으면 동그랗게 모양을 내거나 적당한 틀로 모양을 만들고 대추 고명으로 장식해주세요.","['고지방', '고당']",한식,일반
zFnUxfuNSTgWWpJepQNhw1dQ,채식 김치,배추 1포기 1kg  쪽파 한 줌 100g  무 1토막 150g  굵은 소금 2큰술  따듯한 물 1컵  다시마 44cm 1장  양파 개  배 개  사과 개  마늘 4개  생강 1쪽  다시마 물 컵  고춧가루 1컵  국간장 1큰술  찹쌀가루 밀가루로 대체 가능 1큰술  다시마 물 1컵,"Step 1 배추의 밑동에 칼집을 넣어 사 등분한 후 깨끗이 씻어 한입 크기로 썰어주세요. 무는 나박 썰어주세요. tip. 배추의 심지는 얇게 저며 함께 절여주세요 Step 2 배추와 무에 굵은 소금 2큰술을 뿌려 20분 정도 살짝 숨이 죽을 정도로 절여주세요. Step 3 냄비에 찹쌀풀 재료를 넣고 잘 섞어준 후 중약불에서 저어가며 끓이다가 묽고 끈적한 농도가 나면 불을 끄고 식혀주세요. tip. 다시마 물은 미지근한 물에 다시마를 넣어 만들어 주세요 Step 4 쪽파는 4cm 길이로 잘라주세요. 갈아 줄 재료인 사과, 배와 양파는 큼직하게 썰어주세요. Step 5 블렌더에 갈아 줄 재료를 넣어 갈아주세요. 볼에 식힌 찹쌀풀과 양념 재료, 믹서에 간 재료를 넣어 고루 섞어 김치 양념을 만들어주세요. Step 6 김치 양념에 절인 배추와 쪽파를 넣어 버무려주세요. tip. 절인 배추는 손으로 가볍게 물기를 짜서 넣어주세요 Step 7 완성된 김치는 소독한 유리병에 담아 하루 또는 이틀 정도 실온에서 숙성시켰다가 냉장 보관해주세요. tip. 김치는 용기의 80 정도만 담는 것이 좋아요. 김치가 발효되는 과정에서 가스가 생기기 때문에 유리병의 경우 밀폐하지 말고 뚜껑은 반만 닫아 두었다가 냉장고에 넣을 때 밀폐하여 넣어주세요 tip. 12달 이내로 드시는 것이 좋아요",['고염'],채식,채식
qWoyo5REuqRYs6uxTMR6Vm4M,가지 절임,가지 3개 | 대파 흰 부분 1대 | 통깨 약간 | 송송 썬 쪽파 (대파로 대체 가능) 2큰술 | 식용유 2컵 | 간장 6~7큰술 | 채수 2컵 | 비정제 설탕 1큰술 | 식초 ½큰술,Step 1 깨끗이 씻은 가지를 길게 반으로 자르고 칼집을 넣은 후 이등분 해주세요. 대파는 68cm 길이로 잘라주세요. Step 2 기름을 달군 후 대파를 넣어 기름에 향이 배도록 튀겨주세요. 가지를 넣어 1015초 정도 튀겨주세요. tip. 기름을 입혀주는 과정이에요. 오래 튀기면 눅눅해지니 재빨리 튀겨내 주세요 Step 3 튀겨낸 가지는 채반에서 한 김 식힌 후 키친타월에서 기름을 빼주세요. 볼에 절임 간장 재료를 넣고 섞어주세요. tip. 채수가 없는경우 쯔유나 맛간장을 비율에 맞게 물에 희석해 사용해 주세요 Step 4 밀폐 용기에 가지와 대파를 넣고 절임 간장을 부어주세요. Step 5 냉장고에서 이틀정도 숙성 후 접시에 덜어 송송 썬 쪽파와 통깨를 뿌려 맛있게 즐겨주세요. tip. 냉장고에서 2주 정도 보관이 가능해요. 차갑게 드시면 더욱더 맛있어요,"['고지방', '고염']",한식,일반
hciM3ciYRzLahQf6jahCjkwv,찬 잣소면,소면 80g  새우 4마리  오이 개  매생이 20g  구기자 3알  잣 10알  잣 90g  우유 5와 컵1000ml  두유 1과 컵250ml  가쓰오 다시 1큰술  설탕 1큰술  소금 2g,"Step 1 새우는 부드럽게 삶고 껍질을 벗겨 등을 반으로 자르면서 내장도 같이 제거해 주세요. 매생이는 이물질을 제거하고 약한 소금물에 30분간 담가 두세요. Step 2 오이는 돌려까기해서 채 썰어주세요. 구기자는 물에 불린 후 소스물 6작은술, 연간장 1작은술, 미림 1작은술에 담갔다가 사용해 주세요. Step 3 잣은 프라이팬에서 볶아주세요. Step 4 분량의 소스 재료를 모두를 섞어 믹서기에 갈아 주세요. Step 5 소면을 삶아 그릇에 담아 주세요. Step 6 완성 소면을 담은 그릇에 순서 4의 소스를 부은 후 새우, 매생이, 잣, 구기자를 올려 완성해 주세요. Tip. 무더운 여름이면 얼음 간 것을 조금 넣어서 시원하게 즐기면 더 좋답니다. Step 7 가쓰오 다시 재료  물 10컵1800ml, 가쓰오부시 200g, 다시마5cmX5cm 1장 1. 물에 다시마를 넣고 1시간 후 불에 올려주세요. 2. 물이 끓으려고 하면 불을 줄이고 20분간 놔두세요. 3. 다시마를 건지고 가쓰오부시를 넣어주세요. 4. 약한 불에 10분간 끓이고 거품을 제거한 뒤, 불을 끄고 가쓰오부시가 가라않으면 체에 걸러주세요. 가쓰오부시","['고단백', '저칼로리', '고염']",일식,일반
PJomn3aFo15fMWRyuWxHUggW,연어샐러드,훈제연어슬라이스 12장  오이 12개  레디쉬 1개  양파 16개  레몬 12개  어린잎채소 한줌  케이퍼생략가능 약간  후춧가루 약간  올리브오일 3큰술  레몬즙 112큰술  다진양파 1큰술  올리고당 1작은술  씨겨자홀그레인머스타드 1작은술  소금 14작은술,"Step 1 연어는 반으로 자르고, 양파는 잘게 다지고, 오이와 레디쉬는 얇게 슬라이스 해주세요. 어린잎채소는 찬물에 담갔다가 깨끗이 씻어 물기를 제거해주세요. Step 2 볼에 드레싱 재료를 넣고 섞어주세요. Step 3 접시에 연어와 오이, 레디쉬, 어린잎채소, 케이퍼생략가능를 담고 드레싱을 곁들여주세요.","['고단백', '저칼로리']",양식,일반
eScPxB6e3FAjbM599Azx5SVA,새우만두,새우(중하) 20마리 | 다진 돼지고기 200g | 신김치 1/4포기 | 부추 50g(1/4단) | 애호박 1/2개 | 소금 1/2큰술 | 밀가루(중력분) 1컵 | 물 1/4컵 | 식용유 1작은술 | 소금 한 꼬집 | 청주 1큰술 | 소금 약간 | 후춧가루 약간 | 굴소스 1큰술+1/2큰술 | 다진 마늘 1/2큰술 | 참기름 1/2큰술,"Step 1 볼에 만두피 재료를 담고 고루 섞어 밀가루가 보이지 않도록 잘 치댄 후 비닐봉지에 싸서 30분 정도 냉장고에서 휴지시켜주세요. 물을 조금씩 넣어가면서 반죽의 농도를 맞춰주세요. Step 2 돼지고기는 키친타올에 올려 핏물을 빼주세요. 신김치, 부추는 잘게 썰고 신김치는 물기를 제거해주세요. 애호박은 채썰어 굵은소금에 5분 정도 절인 후 면포나 키친타월로 물기를 제거해주세요. Step 3 새우는 꼬리 껍질을 제외하고 머리와 몸통의 껍질을 모두 제거해주세요. 새우 내장을 제거한 후 손질한 새우는 밑간을 해둡니다 5마리는 잘게 다지고, 나머지는 배 부분에 가로로 칼집을 넣어 일자로 펴주세요. Step 4 돼지고기에 만두 양념 재료를 먼저 조물조물 해준 후에 신김치, 부추, 애호박, 다진 새우를 섞어주세요. Step 5 만두피 반죽을 길게 만들어 적당한 크기로 자른 후 밀대로 밀어주세요. 밀가루를 살짝 뿌리고 얇게 밀어주세요. Step 6 만두피에 새우를 통으로 넣은 후 만두속을 한 숟가락 떠서 넣은 후 만두피를 옆에서부터 눌러가며 주름을 잡아 붙여줍니다. Step 7 만두를 다 빚은 후 김이 오른 찜통에 넣어 810분간 쪄주세요. Step 8 완성된 요리를 접시에 담아 마무리해주세요. 취향에 따라 초간장을 곁들여 맛있게 드세요.","['고단백', '저칼로리', '고염']",한식,일반
aHfUCjkzEMNsY6QG8vYxmGxT,오징어 볶음,오징어 (중간 사이즈) 2마리 | 양파 ½개 | 양배추 3장 | 대파 ½대 | 애호박 ⅓개 | 당근 1/5개 | 풋고추 1개 | 홍고추 1개 | 참기름 1큰술 | 통깨 약간 | 식용유 약간 | 고추장 3큰술 | 고춧가루 2큰술 | 맛술 2큰술 | 간장 1큰술 | 굴소스 1큰술 | 설탕 1큰술 | 물엿 1큰술 | 다진 마늘 1큰술 | 생강가루 약간 | 후춧가루 약간,"Step 1 오징어는 내장과 껍질을 제거하고 깨끗이 씻어 칼집을 넣고 한입 크기로 잘라주세요. Step 2 볼에 양념장 재료를 넣고 고루 섞어주세요. Step 3 양파와 양배추는 채를 썰고 당근과 애호박은 먹기 좋게 편으로 썰어주세요. 풋고추와 홍고추, 대파는 어슷하게 썰어주세요. Step 4 달군 팬에 약간의 식용유를 두르고 양파와 양배추, 당근을 넣어 볶다가 오징어와 애호박, 양념장을 넣은 후 센 불에서 빠르게 볶아주세요. Step 5 오징어가 익으면 마지막에 대파와 풋고추, 홍고추를 넣어 볶은 후 참기름을 넣고 마무리해주세요. Step 6 그릇에 오징어 볶음을 담고 통깨를 뿌려 맛있게 즐겨주세요. 기호에 따라 밥과 함께 덮밥으로 즐기시거나 소면을 삶아 함께 즐겨 드셔도 좋아요","['고단백', '고지방']",한식,일반
padCkSrxLSYaY61ocCAo3j2o,템페 구이  퀴노아 샐러드 밀프렙,"템페 2팩400g  퀴노아 2컵  물 2컵  삶은 병아리콩 1컵  고수 한 줌  방울토마토 12개  루꼴라 한 줌  진간장 3큰술  식초 2큰술  메이플시럽 4큰술  올리브오일 2큰술  파프리카 파우더 1큰술  소금, 후춧가루 약간씩  커민 가루 2작은술  레몬즙 2큰술  올리브오일 13컵","Step 1 템페를 적당한 크기로 썬 후 찜기에 올려 7분간 쪄 주세요. tip. 템페를 굽기 전에 찌면 특유의 쓴맛이 제거되고 양념이 잘 흡수된답니다 Step 2 볼에 템페 양념 재료를 섞어주세요. 찜기에서 꺼낸 템페를 양념과 골고루 섞고 30분 정도 재워 주세요. Step 3 오븐 팬에 양념된 템페를 잘 펼친 후 남은 소스를 표면에 발라주세요. 예열된 오븐에서 190도로 25분 정도 더 구워주세요. tip. 오븐의 성능에 따라 시간이 다를 수 있으니 중간에 체크해 주세요. Step 4 물에 헹군 퀴노아를 냄비에 담고 생수 2컵을 부어 중불에서 15분간 끓여주세요. Step 5 방울토마토는 반으로 자르고 고수는 잘게 썰어주세요. 루꼴라는 흐르는 물에 잘 씻어 준비해 주세요. Step 6 볼에 퀴노아와 삶은 병아리콩, 고수를 담고 드레싱 재료를 넣어 골고루 섞어 주세요. tip. 병아리콩은 캔을 사용하시거나 6시간 정도 불린 후 15분간 삶아 사용해 주세요. 기호에 따라 드레싱의 양을 조절해 만들어 주세요 Step 7 완성된 퀴노아 샐러드와 템페 구이를 방울토마토, 루꼴라와 함께 밀폐용기에 담아주세요. 총 4회분으로 나누어 담은 샐러드는 반드시 냉장보관 후, 4일 내에 섭취해 주세요. tip. 당근 라페와 함께 곁들이면 더 맛있게 즐겨보세요",['저칼로리'],채식,채식
WfuE4RCvGNPRFBW5z55ZUFSb,황진선 소고기와 양상추쌈,소고기 안심 100g  표고버섯 20g  죽순 20g  청피망 13개  홍피망 13개  샐러리 20g  다진 마늘 1큰술  다진 생강 12큰술  다진대파흰 부분 1큰술  양상추 100g  고추기름 3큰술  라면사리 1개  설탕 약간  두반장 1큰술  물또는 닭고기육수 12 컵  물전분물 12큰술전분12큰술 1큰술  후춧가루 약간  참기름 1작은술  간장 1큰술  미원 2꼬집  술 1큰술  중국 간장생략 가능 12큰술  계란 노른자 2알,"Step 1 소고기 안심, 표고버섯, 양송이버섯, 죽순, 청피망, 홍피망, 샐러리를 정사각형 모양, 같은 크기로 썰어 주세요. tip. 소고기 대신 랍스터, 닭고기 등의 재료로 대체해도 좋아요 tip. 표고버섯은 사용하기 직전 흐르는 물에 씻어주세요 tip. 보통 중식에서는 마른 표고버섯을 물에 불렸다가 사용한답니다. 식감, 향이 달라요 tip. 매운맛을 원하시면 피망 대신 고추를 사용해도 좋아요 tip. 손질한 채소는 한번 데쳐 준비하면 좋아요 Step 2 썰어 놓은 소고기 안심에 간장과 미원, 술, 계란 노른자를 넣어 밑간을 해 주세요. 고기가 부드러워지도록 조물조물 치대주세요. tip. 계란을 넣지 않을 경우 전분도 생략해 주세요 Step 3 뻑뻑해진 고기에 물전분을 넣어 조물조물 버무려 주세요. 참기름을 약간 넣어 버무려주세요. Step 4 양상추는 밑동을 자른 후 흐르는 물을 잎 사이에 채워 넣어 잎을 떼어내 주세요. 가위로 잎을 먹기 좋은 쌈 모양으로 자른 후 물기를 빼 주세요. tip. 양상추 잎 사이에 흐르는 물을 넣으면 잎이 찢어지지 않고 떨어져요 Step 5 팬에 잘게 부신 라면을 기름 없이 노릇하게 볶아 주세요. 라면이 살짝 갈색이 되면 채반에 밭쳐 한김 식혀주세요. tip. 라면을 볶을 때는 불의 세기를 약불로 조절해 주세요 Step 6 김이 나도록 달군 팬에 차가운 기름을 두른 후 소고기 안심을 약불에서 볶아 주세요. 기름이 보글보글 끓고 고기가 90 정도 익으면 꺼내 채반에 밭쳐 주세요. 남은 열기로 고기가 익도록 두어주세요. tip. 중식의 기본으로 팬은 뜨겁게 기름은 차갑게를 기억해 주세요 tip. 소고기를 기름에 튀기는 것이 아니라 볶아준다는 점을 유의해 주세요 Step 7 팬에 고추기름을 두르고 두반장을 넣고 중불에서 볶아주세요. 다진 마늘, 대파와 채소를 넣고 볶아주세요. 팬 가장자리에 술을 둘러 넣어준 후 죽순을 넣어 볶아주세요. 팬 가장자리에 미원, 설탕을 넣어주세요. tip. 불의 세기는 일정하게 유지하면서 볶는 게 좋아요 tip. 팬의 가운데가 아닌 가장자리에 재료를 넣는 것이 포인트랍니다 tip. 특히 설탕을 팬의 가장자리에 넣으면 불맛이 난답니다 Step 8 채소에서 향이 나면 육수 12컵을 넣어주세요. 물에 푼 전분을 뭉치지 않게 조금씩 넣어 볶아주세요. 볶은 고기를 넣으면 완성이에요. 참기름을 넣은 뒤에 알맞은 접시에 담아 주세요. Step 9 그릇에 양상추와 볶은 라면, 볶은 소고기를 담아 맛있게 즐겨주세요.","['고단백', '저칼로리', '고지방', '고염', '고당']",중식,일반
uyvcAuEz4Ppoz5a4ExcickVa,비건 리코타 치즈,무첨가 두유 1L  레몬즙 80g  소금 생략 가능 1g,Step 1 냄비에 두유를 붓고 중불에 올려 눌어붙지 않게 주걱으로 저어주며 데워주세요. tip. 60도가 되면 불을 꺼주세요 Step 2 레몬즙을 넣고 섞은 후 15분간 그대로 두세요. tip. 순두부처럼 굳으면 잘 된 것이에요 Step 3 볼 위에 체를 올리고 거즈를 깐 후 굳은 내용물을 천천히 부어주세요. Step 4 치즈가 굳을 때까지 30시간 정도 유지해 주세요. Step 5 분리된 유장액체을 걸러내고 치즈를 그릇에 옮겨 냉장 보관해 주세요.,"['고단백', '저칼로리', '고지방']",양식,일반
BCzy5bbcTRWLfZMStWkhvxot,루꼴라 파스타,루꼴라 한 줌  스파게티 면 170g  토마토 소스 1컵  마늘 6쪽  방울토마토 6알  올리브오일 2큰술  치킨스톡고형 23조각  소금 약간  후춧가루 약간,"Step 1 마늘은 편으로 썰고 토마토는 잘게 썰어주세요. Step 2 끓는 물에 스파게티면을 넣고 10분 정도 끓인 후 건져내고 면수는 따로 담아주세요. Step 3 팬에 올리브오일을 두르고 편썬 마늘을 볶다가 방울토마토를 넣고 소금과 후춧가루로 밑간하여 볶아주세요. Step 4 삶은 스파게티면과 토마토 소스, 치킨스톡, 면수 2컵을 넣고 볶아주세요. Step 5 그릇에 파스타를 담고 루꼴라를 듬뿍 올려 완성해주세요. 먹기 직전 골고루 섞어 맛있게 즐겨주세요. tip. 기호에 따라 파마산 치즈 등을 뿌려도 좋아요","['고지방', '고염']",양식,일반
sFTMT86eYdsM1mWxf6VTjX4d,감자샌드위치,감자 2개  슬라이스 햄 6장  오이 12개  양파 12개  로메인 3장  곡물식빵 6장  버터 1큰술  소금 약간  마요네즈 5큰술  머스터드 1큰술  올리고당 1큰술  소금 두꼬집  후추 약간  마요네즈 2큰술  머스터드 12큰술,"Step 1 감자를 껍질 채 씻어 4등분하고, 김이 오른 찜통에 감자가 포슬거리도록 20분 정도 쪄주세요. 찐감자는 껍질을 벗겨 뜨거울 때 볼에 넣어 으깨고, 버터 1큰술과 약간의 소금, 후추를 더해 섞어주세요. Step 2 오이는 반달모양으로 썰고, 양파는 채썰어 소금물물 1컵, 소금 1큰술, 설탕 1큰술에 10분정도 절였다가 물기를 제거해주세요 Step 3 볼에 감자와 오이, 양파, 소스를 넣어 섞어 감자샐러드를 만들어주세요 Step 4 빵스프레드감자샐러드햄슬라이스로메인빵스프레드을 순서대로 올리고 가볍게 누른 후 잘라주세요. Step 5 감자 샌드위치를 커피나 우유, 차와 함께 즐겨주세요.","['저칼로리', '고지방', '고염', '고당']",양식,일반
Fbva6dGN3cjP9qHBTftCR7zU,시저샐러드,로메인상추 1포기  베이컨 3장  파르메산치즈블럭 약간  식빵 2장  버터 1큰술  파르메산치즈가루 1큰술  파슬리가루 1작은술  후추 약간  앤초비 2마리  양파 18개  마늘 12쪽  마요네즈 2큰술  파르메산치즈가루 2큰술  설탕 1큰술  파슬리가루 약간,Step 1 로메인상추는 먹기 좋은 크기로 자르고 찬물에 담갔다가 물기를 제거합니다. 베이컨은 2cm 길이로 썰고 식빵은 사방 1cm 크기로 썰어주세요. Step 2 달군 팬에 식빵을 올려 노릇하게 구운 후 따로 빼놓습니다. 팬에 버터를 녹이고 구운 식빵과 나머지 크루통 재료를 넣어 골고루 섞어서 구워주세요. Step 3 베이컨은 중간불에서 노릇하게 구운 후에 키친타월로 기름기를 제거합니다. 드레싱 재료는 다함께 믹서에 갈아서 섞어주세요. 안초비가 없을 때는 멸치액젓을 넣어도 좋아요. Step 4 그릇에 로메인상추를 담고 베이컨과 크루통을 얹은 후 파르메산치즈와 드레싱을 뿌려주세요. Step 5 앞접시와 함께 내어 마무리해주세요.,['고지방'],양식,일반
aFtzxJGqJK524bLnPw1HgVQM,더덕 생채,깐 더덕 200g | 송송 썬 쪽파 (생략 가능) 1큰술 | 통깨 약간 | 고추장 2큰술 | 고운 고춧가루 ½큰술 | 물엿 1큰술 | 간장 ½큰술 | 설탕 1작은술 | 식초 1작은술 | 다진 파 ½큰술 | 다진 마늘 1작은술 | 참기름 1작은술,Step 1 더덕은 칼로 돌려 깎아 껍질을 벗긴 후 물에 깨끗이 씻고 반 갈라 밀대로 살살 두드려 펴 주세요. tip. 껍질을 벗길 때 비닐장갑을 끼고 하시면 더덕의 끈적한 진액이 손에 붙지 않게 껍질을 벗길 수 있어요. Step 2 더덕은 결대로 굵게 찢어주세요. Step 3 볼에 고추장 양념 재료를 모두 넣고 골고루 섞어 양념장을 만들어 주세요. Step 4 양념장에 손질한 더덕을 넣고 조물조물 무쳐 접시에 담은 후 통깨와 쪽파를 뿌려 맛있게 즐겨주세요.,['고염'],한식,일반
Zw1J9uf212fmakp7sUkkooKE,아란치니,밥 1공기  베이컨 3줄  양파 12개  파프리카 13개  피자치즈 12컵  밀가루 13컵  달걀 1개  빵가루 1컵  어린잎 새싹 한줌  식용유 적당량  시판 토마토소스 4큰술  다진 양파 1큰술  다진 토마토 2큰술  올리브유 1큰술  레몬즙 12큰술  파슬리가루 약간  소금 약간  후추 약간,"Step 1 양파와 파프리카, 베이컨은 잘게 잘라주세요. Step 2 달군 팬에 약간의 올리브유를 두르고 베이컨, 양파, 파프리카를 넣은 후 약간의 소금과 후추를 넣어 볶아주세요. Step 3 밥과 볶은 베이컨, 야채, 피자치즈, 약간의 소금, 후추를 볼에 넣어 섞어주세요. Step 4 밥을 먹기 좋은 크기로 동그랗게 만든 후 밀가루달걀물빵가루 순으로 묻혀 170도의 기름에서 노릇하게 튀겨주세요. 볼에 소스재료를 넣고 섞어주세요. Step 5 아란치니에 소스와 어린잎새싹을 곁들여주세요.","['고단백', '저칼로리', '고지방', '고염']",양식,일반
K3ULwwniwdBxgyMUEaTZyERk,가리비칼국수,칼국수 면 2인분 (300g) | 가리비 (소) 15개 | 미더덕 (또는 오만둥이) ½컵 | 감자 1개 | 양파 ¼개 | 대파 ⅓개 | 청양고추 2개 | 팽이버섯 ½봉 | 멸치 새우 다시마 육수 7컵 | 굵은 천일염 약간 | 국간장 ½큰술 | 맛술 1큰술 | 다진 마늘 1작은술 | 후춧가루 약간,"Step 1 가리비는 엷은 소금물에 담가 해감한 후 흐르는 물에 조리용 솔로 껍질을 비벼 씻고 미더덕은 깨끗이 씻어 준비해 주세요. Step 2 감자는 먹기 좋은 두께로 자르고 양파는 채를 썰어주세요. 팽이버섯은 밑동을 자른 후 먹기 좋게 찢고 대파와 청양고추는 어슷하게 썰어주세요. Step 3 냄비에 멸치 새우 다시마 육수를 붓고 끓기 시작하면 감자와 미더덕, 양파, 국물 양념 재료를 넣어 끓여주세요. Step 4 감자가 반쯤 익으면 가리비와 칼국수 면을 넣고 34분 정도 끓여주세요. Step 5 마지막에 대파, 팽이버섯, 청양고추를 넣고 굵은 천일염으로 간을 가감한 후 한소끔 끓인 후 불을 꺼주세요.","['고단백', '저칼로리', '고염']",한식,일반
XWriPFdaj2K3NoTqg4JkJJLR,미역줄기볶음,염장 미역줄기 350g | 당근 1/3개 | 양파 1/4개 | 다진마늘 1/2큰술 | 통깨 약간 | 맛술 2큰술 | 간장 1큰술 | 참기름 1큰술 | 소금 1/4작은술 | 후추 약간,"Step 1 미역줄기는 흐르는 물에 여러 번 헹구고 찬물에 30분 정도 담가 소금기를 빼주세요. 미역줄기를 끓는 물에 넣고 3분 정도 데친 후 찬물에 헹궈 물기를 빼 주세요. 미역줄기를 끓는 물에 데치면, 비린맛도 줄어들고 부드러운 미역줄기볶음을 만들 수 있답니다 Step 2 미역줄기는 6센치 길이로 먹기좋게 자르고, 굵은 줄기는 손으로 찢어주세요. 당근과 양파는 곱게 채를 썰어주세요. Step 3 팬에 식용유를 두르고 다진마늘을 볶다가 양파와 당근, 미역줄기를 넣어주세요. 재료들이 부드러워질 때까지 볶다가 양념재료를 넣어 볶아주세요. 부족한 간은 소금으로 가감해주세요. Step 4 접시에 미역줄기볶음을 담고 통깨를 뿌려주세요.",['고염'],한식,일반
aKgCsotSSb7vSCsCsoEkPp3M,굴국밥,굴 1컵(200g) | 불린 미역 반줌 | 무 1/6개 | 양파 1/3개 | 대파 1/4개 | 콩나물 한줌 | 홍고추 1개 | 청양고추 1개 | 부추(또는 쪽파) 2대 | 다시마멸치육수 5컵 | 밥 1+1/2공기 | 물 3컵 | 소금 1/2큰술 | 새우젓 1큰술 | 국간장 1/2큰술 | 다진마늘 1작은술 | 후춧가루 약간,"Step 1 굴은 소금물에 넣고, 이물질을 제거하며 살살 흔들어 씻은 후 체에 밭쳐 물기를 빼주세요. Step 2 불린 미역은 먹기 좋은 크기로 자르고, 무는 나박썰기 해주세요. 대파와 청양고추, 홍고추는 어슷하게 썰어주세요. 양파는 채를 썰고 부추는 깨끗이 씻어 4센치 길이로 썰어주세요 Step 3 냄비에 다시마멸치육수와 미역, 무를 넣고 끓여주세요. Step 4 무가 익으면 국물양념 재료와 콩나물, 양파를 넣고 끓이다가 굴과 대파, 홍고추와 청양고추를 넣고 1분 정도 끓여주세요. Step 5 뚝배기에 따뜻한 밥과 끓는 굴국을 담고, 부추를 얹어 한소끔 끓인 후 불을 꺼주세요. Step 6 기호에 따라 새우젓을 가감해 간을 맞춰 드세요.","['고단백', '고염']",한식,일반
1qd3WTmkvjaFMZU1RnbSGbPH,봄동 겉절이,봄동 12포기150g  통깨 약간  고춧가루 2큰술  멸치 액젓 1큰술  설탕 12큰술  식초 1큰술  간장 12큰술  매실청 12큰술  다진 마늘 12큰술  참기름 1작은술,"Step 1 봄동은 밑동을 자른 후 먹기 좋은 크기로 썰어주세요. 흐르는 물에 34번 씻은 후 물기를 빼주세요. Step 2 볼에 양념 재료를 넣고 잘 섞어주세요. Step 3 봄동에 양념이 골고루 묻도록 무쳐주세요. tip. 부족한 간은 약간의 소금을 가감해 주세요 Step 4 접시에 겉절이를 담고 통깨를 뿌려 완성해 주세요. tip. 밥과 계란후라이, 들기름을 올려 겉절이 비빔밥으로 즐겨도 좋아요","['고단백', '고지방', '고염']",채식,채식
gRpM9qNgbGACmkto7FdM5sMb,비건 베이글,강력분 450g  통밀가루 50g  소금 8g  황설탕 45g  드라이이스트 골드 6g  포도씨 오일 25g  물 265270g,"Step 1 모든 재료를 저속으로 7분, 중속으로 67분간 믹싱해 주세요. tip. 반죽을 손으로 살살 늘렸을 때 잘 늘어나면 글루텐이 잘 형성된 것이에요 Step 2 반죽을 둥글리기 하고 볼에 담아 면보를 씌운 후 30분간 1차 발효해 주세요. tip. 온도는 2526도가 적당해요 tip. 손가락에 덧밀가루를 묻혀서 테스트해 주세요 Step 3 g씩 나눈 후 둥글리기 하고 10분간 휴지 시켜 주세요. Step 4 밀대로 밀어 가스를 빼고 길게 말아서 25cm 정도 길이로 만든 후 끝을 이어주세요. Step 5 베이글 크기의 종이 포일을 깔고 베이글 반죽을 올린 후 30분간 2차 발효해 주세요. tip. 2차 발효 하는 동안 넓은 냄비에 끓는 물을 미리 준비해 주세요. Step 6 설탕 한 스푼을 넣고 끓인 물에 반죽을 한 면에 1015초씩 데쳐주세요. 체로 건져낸 후 물기를 빼고 오븐 팬에 올려 190도로 예열한 오븐에서 15분간 구워주세요.",['고당'],양식,일반
B6sHKqg5reoxj1KHzkuLNBAd,바지락크림파스타,바지락 150g  양파 40g  햄 또는 베이컨 60g  양송이버섯 2개  청양고추 1개  스파게티 또는 푸실리 65g  마늘 5쪽  우유 200ml  생크림 100ml  버터 1큰술  체다치즈 1장  파마산 치즈 가루 3큰술  후추 1작은술  물 500ml  소금 큰술,"Step 1 물에 소금을 넣고 봉지를 씌어 1시간 동안 바지락을 해감시켜 주세요. 해감이 끝나면 깨끗한 물에 씻어주세요. Tip. 쇠숟가락을 넣으면 해감이 더욱 잘 된답니다. Step 2 양파는 채 썰고 햄은 1.5cm 두께로 썰어주세요. Step 3 청양고추는 어슷하게 썰고 양송이버섯은 슬라이스해주세요. Step 4 냄비에 물을 반 정도 넣고 스파게티를 넣어 7분 정도 삶아주세요. Step 5 달군 팬에 버터를 녹이고 양파, 햄, 양송이버섯, 청양고추, 마늘을 넣어 햄이 바삭하게 익을 때까지 2분 정도 볶아주세요. Step 6 순서 5의 팬에 해감한 바지락을 넣고 1분 정도 볶아주세요. Step 7 우유와 생크림을 넣어 끓이다가 보글보글 끓어오르면 체다치즈와 파르메산치즈가루를 넣어 1분 정도 더 끓여줍니다. Step 8 순서 4의 스파게티를 넣고 양념이 잘 스며들도록 30초 정도 섞은 뒤 후추를 뿌려주세요. Step 9 완성 완성된 바지락크림스파게티를 접시에 담아 맛있게 즐겨보세요","['저칼로리', '고지방', '고염']",양식,일반
iXJJcB7SbmqwkL5dvhfpJrV3,두부 유부초밥,두부 300g  초밥용 유부 8장  초밥 소스 1큰술  토마토 1개  실파 1줄기  양파 개  소금 약간  후춧가루 약간  올리브오일 1큰술  레몬즙 큰술,"Step 1 두부는 면 보자기에 감싸 물기를 꽉 짜주세요. 유부는 속을 벌려 준비해주세요. Step 2 실파는 송송 썰어주세요. 토마토는 씨를 제거하고 큐브모양으로 썰어주세요. 양파는 다져주세요. Step 3 토마토와 양파, 실파에 토마토 양념 재료를 넣어 버무려주세요. Step 4 으깬 두부에 시판용 초밥 소스를 넣어 섞은 후 유부에 넣고 버무려둔 토마토를 올려주세요.","['고단백', '저칼로리']",다이어트,다이어트
iqhZEo4NQHQmLUvyL6S6E4vB,멘보샤,식빵 6장  새우 12마리  감자 1개  소금 약간  후추 약간  달걀 흰자 1개  전분 2큰술  올리브유 1큰술  피자치즈 12컵  소금 두꼬집  시판 칠리소스 3큰술,"Step 1 새우는 내장을 빼고 물기를 제거한 후 잘게 다져주세요 Step 2 감자는 껍질을 제거하고 4등분한 후, 끓는 물에 약간의 소금을 넣고 1315분 정도 익혀 뜨거울 때 으깨주세요. Step 3 볼에 으깬 감자와 다진 새우, 속재료를 섞어 새우반죽을 만들어주세요. Step 4 식빵은 테두리를 자르고 4등분 한 다음, 식빵 한 면에 새우반죽을 넣고 다른 식빵으로 덮어주세요. Step 5 도의 기름에서 노릇하게 튀겨주세요. 식빵의 색이 골고루 나도록 식빵을 돌려가며 높지 않은 온도에서 튀겨주세요. Step 6 접시에 멘보샤를 담고 칠리소스를 곁들여주세요.","['고단백', '고지방', '고염']",중식,일반
coPxu4XVjKpboEGGPGdsPVrK,마크로비오틱 도시락,현미밥 1공기  연근 60g  당근 30g  곤약 30g  생유부 2장  간장 0.5티스푼  조청 1티스푼,Step 1 방울 양배추는 밑둥에 칼집을 깊숙히 넣어 끓는 물에 소금을 조금 넣고 익혀주세요. Step 2 채식 함박스테이크는 기름에 노릇노릇 구워주세요. Step 3 연근은 은행잎꼴로 얇게 저며 썰고 당근은 채 썰어주세요. 곤약과 생유부도 채를 썰어주세요. Step 4 달군 팬에 곤약을 먼저 넣고 볶아주세요. Step 5 당근과 연근도 차례대로 넣어 볶고 간장과 조청으로 간을 해주세요. Step 6 불을 끄고 현미밥을 넣은 후 섞어주세요. Step 7 완성된 밥을 도시락통에 담아주세요. Step 8 익힌 방울양배추는 매실장아찌를 다져서 같이 무치고 사과는 먹기 좋게 썰어 도시락에 담아 마무리하세요.,"['고지방', '고염', '고당']",채식,채식
B2yYCMiL8iiJ1nQJqzqf17uQ,연어 아보카도 덮밥,연어 횟감 200g  아보카도 개  김 가루 약간  통깨 약간  송송 썬 쪽파 생략 가능 1큰술  밥 2공기  달걀 노른자 1개  간장 1큰술  설탕 1작은술  맛술 1큰술  고추냉이 작은술  후춧가루 약간  소금 약간  참기름 약간,"Step 1 아보카도는 씨앗에 칼날이 닿도록 칼집을 넣은 후 양쪽을 잡고 서로 반대 방향으로 비틀어 자른 후, 씨앗과 과육을 분리해주세요. 껍질을 벗겨 일정한 간격으로 슬라이스해 일렬로 돌돌 말아주세요. 연어는 사방 2cm 크기의 큐브 모양으로 잘라주세요. Step 2 볼에 고추냉이 간장 소스 재료를 섞은 후 연어를 넣어 골고루 섞어주세요. Step 3 그릇에 밥과 밥 밑간 재료를 넣어 밑간을 한 후 재워 둔 연어를 얹고 아보카도를 가운데에 올려주세요. Step 4 가운데에 달걀 노른자를 올린 후 쪽파와 통깨, 후춧가루를 뿌려주세요. Step 5 김 가루를 뿌린 후 골고루 섞어 맛있게 즐겨주세요. 기호에 따라 어린잎채소, 오이, 양파 등을 추가로 넣어 만들어 드셔도 맛있게 드실 수 있답니다.","['고단백', '저칼로리', '고염']",일식,일반
dERR7j5PvYVA5hVaXGqejrD4,맥앤치즈,마카로니 200g  체더치즈 150g  우유 1컵  버터 1큰술  밀가루 1큰술  소금 약간  후춧가루 약간  파슬리가루 약간,Step 1 냄비에 물과 소금을 넣고 끓인 후 마카로니를 넣고 7분 정도 삶은 후 물기를 제거하세요. Step 2 달군 냄비에 버터를 넣고 중불에서 녹인 후 밀가루를 풀어 루를 만들어주세요. 우유를 넣고 3분 정도 끓이다 체더치즈를 넣고 한소금 끓여 걸쭉하게 만드세요. Step 3 마카로니를 STEP2의 냄비에 넣고 소금과 후춧가루로 간을 한 후 오븐용 용기에 담아주세요. Step 4 도로 예열한 오븐에 넣고 15분 정도 노릇하게 구워주세요. 완성된 마카로니 위에 파슬리가루를 뿌려주세요.,"['고지방', '고염']",양식,일반
oNf1mjPnSrnqgLQ2VM7T6kUt,파인애플샐러드,양파 14개  양상추 14통  어린잎채소 1줌  파인애플 15통  캐슈너트 1큰술  파인애플 12통  파인애플 통조림 3조각  홀그레인머스타드 1큰술  레몬즙 1큰술  캐슈너트 1 컵  소금 약간,"Step 1 양파는 채를 썰어 찬물에 담가 매운맛을 제거해주세요. 양상추와 어린잎채소는 흐르는 물에 씻어 물기를 제거하고 한입 크기로 준비해주세요. Step 2 파인애플은 껍질과 심을 제거하고 한입 크기로 깍뚝썰기해주세요. 블렌더에 드레싱 재료를 모두 넣고 곱게 갈아주세요. 소스가 묽을 경우 마요네즈를 조금 넣어서 되직하게 만들어주세요. Step 3 그릇에 양상추와 어린잎채소, 양파를 담고 그 위에 파인애플을 올려주세요. 먹기 직전에 캐슈너트와 드레싱을 뿌려주세요.","['저칼로리', '고지방']",양식,일반
BEEiAX89Uh1NdFXq29jTLhaM,잔치 국수호박,국수호박 1개 | 달걀 2개 | 표고버섯 2개 | 청고추 ½개 | 홍고추 ½개 | 육수용 멸치 3마리 | 다시마 1조각 | 물 2L | 참치액 1큰술 | 국간장 1큰술 | 소금 ½작은술 | 후춧가루 약간 | 간장 3큰술 | 다진 마늘 ½큰술 | 고춧가루 ½작은술,"Step 1 냄비에 멸치를 넣고 약불에서 볶은 후 다시마와 표고버섯, 물을 넣고 팔팔 끓여주세요. Step 2 물이 끓으면 다시마와 표고는 건져내고 국물 양념 재료를 넣고 한소끔 끓여주세요. Step 3 국수호박은 깨끗이 씻은 후 양 끝을 자르고 반으로 갈라 씨를 제거해 주세요. Step 4 냄비에 국수호박을 넣고 호박이 잠길 만큼 물을 부은 후 20분간 삶아주세요. Step 5 삶은 국수호박은 찬물에 담가 식힌 후 가볍게 주물러 껍질을 제거하고 속을 풀어주세요. Step 6 볼에 달걀과 소금 한꼬집을 넣고 풀어주세요. 달군 팬에 기름을 약간 두른 후 달걀 물을 넣고 지단을 부쳐주세요. 식힌 지단은 돌돌 말아 채를 썰어주세요. Step 7 건져낸 표고는 얇게 슬라이스 해주세요. 청, 홍고추는 송송 썰어주세요. 볼에 고추와 양념간장 재료를 넣고 섞어주세요. Step 8 그릇에 국수호박 면을 담고 지단과 표고버섯을 올린 후 양념간장을 곁들여 맛있게 즐겨주세요.","['고단백', '저칼로리', '고지방', '고염']",한식,일반
xyTikTfrzRfSzRnBVxovxLr9,더덕닭강정,닭다리살 400g | 더덕 5개 | 전분가루 5큰술 | 깨소금 약간 | 실파 약간 | 청주 1큰술 | 소금.후추 약간 | 고추장 1큰술 | 고추기름 1큰술 | 카놀라유 1큰술 | 설탕 1/2큰술 | 간장 1큰술 | 올리고당 3큰술 | 다진마늘 1큰술,Step 1 닭다리살을 흐르는 물에 씻은 후 한입 크기로 자르고 키친타월로 눌러 물기를 제거해 주세요. 닭고기를 밑간 재료에 버무려 20분간 재웠다가 전분가루에 섞어주세요. Step 2 더덕은 껍질을 벗기고 어슷하게 길게 잘라서 준비해주세요. Step 3 냄비에 식용유를 붓고 170도로 달군 후 더덕을 먼저 튀기고 닭고기를 튀겨주세요. 2번 튀겨내면 바삭한 맛을 더욱 살릴 수 있답니다. Step 4 새로 달군 냄비에 소스 재료를 넣고 소스가 바글바글 끓어오르면 닭고기와 더덕을 넣고 버무려주세요. Step 5 마지막으로 깨소금과 송송 썬 실파를 뿌려 마무리해주세요.,['고염'],한식,일반
eVvBTA7cyB32GYHczfepFdGs,병아리콩 칩,삶은 병아리콩 2컵 400g  올리브오일 3큰술  파프리카 가루 1큰술  카레가루 약간  큐민 가루 1작은술  시나몬 가루 약간  소금 약간  후춧가루 약간,"Step 1 에어프라이어에 종이 포일을 깔고 삶은 병아리콩을 넣은 후 200도에서 10분간 구워 수분을 제거해 주세요. tip. 같은 방법으로 오븐으로도 만들 수 있어요 Step 2 바삭하게 구워진 병아리콩을 볼에 담고 올리브오일, 카레 가루, 파프리카 가루, 소금, 후추를 넣어 골고루 섞어주세요. Step 3 양념한 병아리콩을 에어프라이어에 넣고 200도에서 20분간 구워주세요. tip. 골고루 구워지도록 중간중간 흔들어 섞어주세요 Step 4 완성된 병아리콩 칩을 펼쳐 한 김 식힌 후 맛있게 즐겨주세요.","['고지방', '고염']",채식,채식
92L47NMrBrrUAf6Xjymxk2pW,미나리강회,미나리 한줌 | 오징어(몸통 중간사이즈) 2마리 | 연근 1/4개 | 비트 15g | 파프리카 1/2개 | 소금 약간 | 초고추장 적당량 | 식초 2큰술 | 설탕 1큰술 | 소금 1작은술,Step 1 연근은 껍질을 벗기고 얇게 슬라이스 한 후 끓는물에 살짝 데치고 찬물에 식혀 물기를 빼주세요. 비트를 잘게 썰어 단촛물에 넣어 섞고 데친 연근을 15분 정도 담가 분홍색 물을 들여주세요. Step 2 미나리는 끓는 물에 소금을 약간 넣고 살짝 데친 후 찬물에 식혀 물기를 꼭 짜주세요. 파프리카는 6센치 길이로 채를 썰어주세요. Step 3 오징어는 껍질을 벗기고 끓는 물에 약간의 소금을 넣어 1분 정도 데친 후 먹기 좋은 크기로 잘라주세요. Step 4 절인 연근으로 오징어를 감싼 후 파프리카를 올리고 데친 미나리를 돌돌 말아 감아주세요. Step 5 접시에 미나리강회를 담고 초고추장과 함께 곁들여 주세요.,"['고단백', '고염']",한식,일반
Phd9VL8tXRL3ktyDxQWCdg4o,토마토 숙주 샐러드,토마토 1개  숙주 1줌200g  미나리 1줌100g  양파 개60g  오이 개  꽈리고추 5개25g  양조간장 3큰술  양조식초 5큰술  설탕 4큰술  참기름 큰술,"Step 1 토마토는 원형모양 그대로 썰고, 오이와 양파는 채 썰어 준비해 주세요 꽈리고추는 씨를 제거해서 채 썰어주세요. Step 2 미나리와 숙주는 끓는 물에 살짝 데치고 찬물에 재빨리 헹궈 물기를 제거해주세요. Step 3 분량의 재료들을 모두 고르게 섞어서 소스를 만들어 놔주세요. Step 4 완성 접시에 토마토를 놓고 그 위에 미나리, 숙주, 양파, 꽈리고추를 잘 섞어 담고, 소스를 곁들여 완성해주세요. Tip. 기호에 따라 채소류 외에 소고기등심, 안심, 닭고기, 해산물 등을 곁들이면 푸짐하고 특별 한 샐러드로 즐길 수 있답니다. 토마토를 잘게 썰어서 다른 재료와 함께 구운 바게트 빵에 올려 먹어도 좋아요 해산물","['고단백', '저칼로리']",채식,채식
er5ZHUqnNpCCLuHLCcgAxvxk,오아참 샐러드,"오이 1개  아보카도 1개  참치캔 200g  올리브오일 4큰술  레몬즙 4큰술  적양파 12개  소금,후추 약간","Step 1 오이는 깨끗이 씻어 큐브로 썰고 아보카도는 반으로 갈라 씨를 빼고 격자로 칼집을 넣어 숟가락으로 과육만 떠서 준비해주세요. 참치는 기름을 빼주세요. Step 2 참치는 기름을 빼주세요. 드레싱 재료의 적양파는 잘게 다져주세요. Step 3 드레싱 재료를 모두 섞어주세요. Step 4 준비한 오이와 아보카도, 참치에 드레싱을 붓고 가볍게 섞어주세요. Step 5 완성된 오아참 샐러드를 맛있게 즐겨주세요.","['고단백', '저칼로리', '고지방']",다이어트,다이어트
9YGoGapWL6PNvxLadKNnd1v2,해산물로제파스타,스파게티 150g  바지락 1015개  새우 5마리  방울토마토 5개  청양고추 2개  마늘 2개  양파 12개  토마토소스 5큰술  생크림 2컵  파르메산치즈가루 1큰술  파슬리가루 약간  올리브오일 약간  소금. 후추 약간씩,"Step 1 바지락은 소금물에 담가 해감하고 새우는 수염을 자르고 내장을 이쑤시개로 빼주세요. 방울토마토는 3등분하고 청양고추는 링으로 썰어주세요. 마늘은 편으로 썰고 양파는 채 썰어주세요. Step 2 스파게티는 끓는 물에 소금과 올리브오일을 넣고 78분간 삶은 후 바로 그릇에 담아 올리브오일을 뿌려주세요. Step 3 달군 팬에 올리브오일을 두르고 청양고추, 마늘, 양파를 소금, 후추로 간을 해 볶아주세요. Step 4 에 바지락과 새우를 넣고 소금, 후추로 간을 해 볶아주세요. Step 5 해물이 익으면 토마토소스를 넣고 볶아주세요. Step 6 생크림과 삶은 스파게티, 방울토마토를 넣고 볶아주세요. Step 7 소금과 후추로 간을 하고 파르메산치즈가루와 파슬리가루를 뿌려 마무리해주세요.","['고단백', '고지방', '고염']",양식,일반
ngiPGXVZt6J3JJ5K5mo5MVRn,미국 피칸 크러스트 치킨텐더,닭 안심 350g  우유 컵  튀김가루 컵  달걀 1개  식용유 약간  다진 마늘 큰술  고운 고춧가루 큰술  카레 가루 1큰술  소금 약간  빵가루 1컵  파마산 치즈 컵  미국 피칸 1컵  파슬리 약간  마요네즈 2큰술  머스터드 1큰술  씨 겨자 큰술  꿀 1큰술  후춧가루 약간,"Step 1 닭 안심을 우유에 10분 정도 담가 잡내를 제거한 후, 물에 헹궈 키친타월로 물기를 제거해 주세요 Step 2 밑간 재료를 넣어 10분 정도 재워주세요. Step 3 피칸을 잘게 다져 빵가루 재료와 섞어주세요. Step 4 밑간한 닭 안심은 튀김가루, 달걀물, 빵가루 순으로 묻혀주세요. Step 5 오븐 팬에 닭 안심을 올린 후 식용유를 뿌려주세요. 오븐 Step 6 도로 예열된 오븐에 15분간 구워주세요. 볼에 소스 재료를 넣어 섞어주세요. tip. 오븐이 없으면 170도로 달군 기름에 넣고 바삭하게 튀겨드셔도 좋아요. Step 7 완성 접시에 머스타드 소스와 곁들여 완성해주세요. tip. 기호에 따라 샐러드 야채를 곁들여 드셔도 좋아요.","['고단백', '저칼로리', '고지방']",양식,일반
P5CpUdZjH8VSeZaJrYxqWyc3,동치미,무 1개 (1.5kg) | 쪽파 10대 | 배 ½개 | 양파 1개 | 대파 1대 | 청양고추 5개 | 홍고추 2개 | 굵은 소금 2큰술 | 설탕 2큰술 | 물 15컵 (3000 mL) | 굵은 소금 3큰술 | 마늘 8쪽 | 생강 (마늘 3쪽 사이즈) 1톨,"Step 1 무는 5cm 길이의 손가락 굵기로 썬 후 굵은 소금과 설탕을 뿌려 30분정도 절여주세요. tip 다 절여진 무는 물에 헹구지 않고 체에 받쳐 두고 나온 물은 버리지 않고 따로 준비해 주세요. Step 2 쪽파는 다듬어 씻어 감아서 묶고 배는 껍질 채 깨끗이 씻고 씨를 뺀 후 큼직하게 썰어주세요. 양파와 대파는 깨끗이 씻어 4등분하고 마늘과 생강은 손질해서 편으로 썬 후 청양고추와 홍고추는 2등분하고 씨를 털어 준비해주세요. Step 3 국물 재료의 마늘 편과 생강 편은 베 보자기에 넣고 국물 재료와 섞어 동치미 국물을 준비해 주세요. Step 4 밀폐용기에 절인 무 절이면서 나온 물, 배, 양파, 대파, 쪽파, 청양고추, 홍고추를 넣고 동치미 국물을 부어주세요. Step 5 실온에서 12일정도 익힌 후 냉장고에 넣어 숙성시켜 맛있게 즐겨주세요.","['고염', '고당']",한식,일반
D46sHAPZuML6SDxVAeLSRJxV,야키도리,새우 5마리  시사모열빙어 4마리  닭다리살 300g  대파 23대  마늘 10알  소금.후추.청주 약간씩  간장 3큰술  미림 3큰술  청주 3큰술  설탕 1 큰술  꿀 1큰술  다진 생강 12작은술,"Step 1 시사모, 새우, 소금, 후추, 청주를 뿌려서 10분간 재워주세요. Step 2 닭다리살은 기름기를 제거하고 소금, 후추, 청주를 뿌려서 10분간 재워주세요. 닭다리살은 3x4cm 크기로, 대파는 4cm 길이로 잘라주세요. Step 3 재워둔 새우와 시사모를 각각 꼬치에 꽂아주세요. 대파, 닭다리살은 번갈아 꼬치에 꽂고 마늘은 통으로 꼬치에 꽂아주세요 Step 4 달군 팬에 기름을 살짝 두른 후 시사모, 새우를 속까지 완전히 익도록 노릇하게 구워주세요. Step 5 닭다리살과 마늘은 중불 이상에서 굽다가 겉이 익으면 약불로 줄여주세요. 닭이 거의 익으면 소스를 앞뒤로 발라가며 구워주세요. 소스가 탈 수 있으니 약불에서 조금씩 발라주세요. Step 6 작은 사이즈로 나오는 미니 화로나 그릴팬이 있으면 꼬치를 즉석에서 구워 따뜻하게 즐길 수 있답니다.","['고단백', '고염']",일식,일반
zKjzTy5bBe8uigdg2ekBhcbR,묵은지참치김밥,묵은지 1/4포기 | 참치(150g) 1캔 | 김밥용 김 3장 | 오이 1/2개 | 우엉 1줄 | 당근 1/2개 | 단무지 3줄 | 맛살 2개 | 달걀 2개 | 깻잎 6장 | 밥 3공기 | 소금 약간 | 식용유 적당량 | 참기름 약간 | 깨소금 약간 | 마요네즈 2큰술 | 설탕 1/2작은술 | 후춧가루 약간 | 간장 3큰술 | 맛술 2큰술 | 설탕 2큰술 | 올리고당 2큰술 | 물 1/2컵 | 참기름 2큰술 | 소금 1/2작은술,"Step 1 묵은지는 물에 씻어서 체에 밭쳐 물기를 빼주세요. 깻잎은 깨끗이 씻어주세요. Step 2 참치캔은 기름을 빼고, 참치 양념재료를 넣어 버무려주세요. Step 3 깨끗이 씻은 우엉과 당근은 껍질을 벗겨낸 후 가늘게 채썰고, 오이도 채썰어주세요. 맛살은 길게 반으로 잘라주세요. Tip. 우엉을 식촛물에 12시간 담궈두면 우엉의 아린맛을 제거할 수 있어요. 담궈둔 우엉은 찬물에 헹군 후 조리해주세요. Step 4 달군 팬에 기름을 약간 두른 후 당근에 소금을 약간 뿌려 볶고, 우엉도 기름을 약간 두른 후 우엉의 숨이 죽을 때까지 볶다가, 우엉 조림재료를 넣어 물기가 없어질 때까지 약불에서 졸여주세요. Step 5 달걀은 소금을 약간 넣고 달군 팬에 조금씩 부어 동그랗게 말아주세요. 달걀말이처럼 두툼하게 부쳐낸 후, 한 김 식혀 1cm두께로 썰어주셔도 돼요. Step 6 밥과 밥 양념재료를 볼에 넣어 골고루 섞어주세요. Step 7 김발에 김을 올리고 밥을 고르고 얇게 편 후, 준비한 오이, 당근, 우엉, 맛살, 단무지, 달걀을 올린 후 그 위에 깻잎 2장과 묵은지, 참치를 올려 김밥을 말아주세요. Step 8 김밥 위에 참기름을 바르고, 먹기 좋은 크기로 잘라주세요. Step 9 깨소금을 뿌려 맛있게 즐겨주세요.","['고단백', '저칼로리', '고지방', '고염']",한식,일반
YswCXhz96daT2sbfpeNshE6F,새우전,"대하 20마리 | 무 1토막 | 달걀 2개 | 다진 청, 홍고추 약간 | 밀가루 1컵 | 소금 1작은술 | 식용유 ½ 컵",Step 1 새우는 머리를 제거하고 껍질은 벗긴 후 내장을 제거하고 칼로 굽은 등에 칼집을 넣어 일자로 펴주세요. 새우 꼬리의 물총을 가위로 잘라주세요. Step 2 무는 반으로 잘라 0.5cm 두께로 얇게 편썰고 소금을 고루 뿌려 10분간 두세요. Step 3 새우와 무에 밀가루를 얇게 묻힌 후 달걀물을 묻혀주세요. Step 4 달군 팬에 식용유를 두르고 무를 올린 후 무 위에 새우를 얹어주세요. Step 5 다진 청홍고추를 새우위에 얹은 후 뒤집어 약한 불에서 2분 정도 더 구워주세요. Step 6 완성된 새우전을 접시에 담아 맛있게즐겨주세요.,"['고단백', '고염']",한식,일반
9usLyyxr9wMYre2EZCYDf6pr,두부 장아찌,두부 (부침용) 2모 (600g) | 미니 새송이버섯 6개 | 표고버섯 2개 | 마늘 4쪽 | 홍고추 2개 | 청양고추 2개 | 들기름 1큰술 | 통깨 약간 | 물 1+½컵 | 간장 6큰술 | 맛술 ¼컵 | 설탕 1큰술 | 올리고당 2큰술 | 생강가루 약간 | 후춧가루 약간 | 다시마 (사방 10cm) 1장,"Step 1 두부를 기다란 모양으로 두툼하게 썰고 키친 타올에 올려 두부의 물기를 제거해 주세요. Step 2 홍고추와 청양고추는 반 갈라 씨를 털어낸 후 어슷하게 썰고 마늘은 편으로 썰어주세요. 미니 새송이버섯은 반으로 가르고 표고버섯은 한입 크기로 썰어주세요. Step 3 달군 팬에 들기름을 두르고 두부를 앞뒤로 돌려가며 중약불에서 노릇하게 구운 후 키친타월에 올려 기름을 빼고 밀폐 용기에 담아주세요. Step 4 냄비에 간장소스 재료와 마늘, 미니 새송이 버섯, 표고버섯을 넣고 끓어오르면 다시마를 건져낸 후 한소끔 끓여 불을 끄고 뜨거울 때 구운 두부에 부어주세요. Step 5 간장소스가 식으면 청양고추와 홍고추를 넣고 냉장고에 넣어 하루 정도 숙성 시켜주세요. 드실 때 약간의 통깨를 뿌려 맛있게 즐겨주세요.","['고단백', '저칼로리', '고지방', '고염']",한식,일반
ynftac6grkAe7xbHRdGLaaSP,오이참치김밥,참치 1캔100g  묵은지 포기  오이 1개  밥 1.5공기  김밥용 김 2장  소금 약간  참기름 약간  으깬 통깨 약간  마요네즈 1큰술  설탕 1작은술  후춧가루 약간  으깬 통깨 1큰술  들기름 약간  소금 작은술  참기름 2큰술,"Step 1 묵은지는 물에 씻은 후 꽉 짜 물기를 제거하고 채 썰어 주세요. 키친타월로 한 번 더 물기를 꽉 짜 주세요. Step 2 묵은지는 양념에 버무려 주세요. Step 3 참치는 체에 받쳐 숟가락으로 꾹꾹 눌러가며 기름을 쪼옥 빼고 참치 양념 재료를 넣어 버무려 주세요. tip. 빵가루 1큰술을 넣어주면 참치의 수분기를 잡을 수 있어요 tip. 개운한 맛을 원하시면 와사비나 청양고추를 더해 주세요 Step 4 오이는 채 썰어 주세요. tip. 꼬들한 식감을 원하시면 소금 1작은술을 넣고 10분간 절인 후 물기를 제거해 주세요 Step 5 볼에 밥과 양념 재료를 넣어 골고루 섞어 주세요. Step 6 김의 거친 면을 위로 해서 밥을 고르게 편 후 묵은지, 오이, 참치를 올려 김밥을 말아 주세요. tip. 앞쪽 끝부분을 잡고 살살 눌러 가며 말아주세요. 너무 꾹 누르면 속재료의 물기가 빠져 나올 수 있어요 Step 7 김밥 위에 참기름을 바른 후 먹기 좋은 크기로 잘라주세요. 으깬 통깨를 뿌린 후 맛있게 즐겨 주세요. 김밥","['고단백', '저칼로리', '고지방', '고염']",다이어트,다이어트
ct7UqzXesGUirGdHuiACkUgW,시금치 플랫브레드,난 1장  시금치 45줄기  방울토마토 6개  양파 14개  잠봉 100g  마늘 12톨  파마산 치즈 한 줌  그릭요거트 2큰술  마요네즈 1큰술  올리고당 1큰술  레몬즙 1큰술  소금 약간,"Step 1 깨끗이 씻은 시금치는 줄기 부분을 제거해 먹기 좋게 준비해 주세요. 방울토마토는 4등분으로 썰어주세요. 양파는 얇게 썬 후 찬물에 10분 정도 담갔다가 물기를 빼주세요. 마늘은 반으로 썰어 주세요. Step 2 볼에 소스 재료를 담고 섞어주세요. Step 3 난 위에 반으로 썬 마늘을 문질러주세요. tip. 난은 프라이팬에 2분 정도 구워도 좋아요 Step 4 난 위에 소스를 바른 후 시금치를 올려주세요. 먹기 좋게 찢은 잠봉과 양파, 토마토를 올린 후 파마산 치즈를 뿌려 완성해 주세요. tip. 잠봉 대신 구운 베이컨을 올려도 좋아요",['고지방'],양식,일반
zFnUxfuNSTgWWpJepQNhw1dQ,채식 김치,배추 1포기 (1kg) | 쪽파 한 줌 (100g) | 무 1토막 (150g) | 굵은 소금 2큰술 | 따듯한 물 1+½컵 | 다시마 (4*4cm) 1장 | 양파 ¼개 | 배 ¼개 | 사과 ¼개 | 마늘 4개 | 생강 1쪽 | 다시마 물 ½컵 | 고춧가루 1컵 | 국간장 1큰술 | 찹쌀가루 (밀가루로 대체 가능) 1큰술 | 다시마 물 1컵,"Step 1 배추의 밑동에 칼집을 넣어 사 등분한 후 깨끗이 씻어 한입 크기로 썰어주세요. 무는 나박 썰어주세요. tip. 배추의 심지는 얇게 저며 함께 절여주세요 Step 2 배추와 무에 굵은 소금 2큰술을 뿌려 20분 정도 살짝 숨이 죽을 정도로 절여주세요. Step 3 냄비에 찹쌀풀 재료를 넣고 잘 섞어준 후 중약불에서 저어가며 끓이다가 묽고 끈적한 농도가 나면 불을 끄고 식혀주세요. tip. 다시마 물은 미지근한 물에 다시마를 넣어 만들어 주세요 Step 4 쪽파는 4cm 길이로 잘라주세요. 갈아 줄 재료인 사과, 배와 양파는 큼직하게 썰어주세요. Step 5 블렌더에 갈아 줄 재료를 넣어 갈아주세요. 볼에 식힌 찹쌀풀과 양념 재료, 믹서에 간 재료를 넣어 고루 섞어 김치 양념을 만들어주세요. Step 6 김치 양념에 절인 배추와 쪽파를 넣어 버무려주세요. tip. 절인 배추는 손으로 가볍게 물기를 짜서 넣어주세요 Step 7 완성된 김치는 소독한 유리병에 담아 하루 또는 이틀 정도 실온에서 숙성시켰다가 냉장 보관해주세요. tip. 김치는 용기의 80 정도만 담는 것이 좋아요. 김치가 발효되는 과정에서 가스가 생기기 때문에 유리병의 경우 밀폐하지 말고 뚜껑은 반만 닫아 두었다가 냉장고에 넣을 때 밀폐하여 넣어주세요 tip. 12달 이내로 드시는 것이 좋아요",['고염'],한식,일반
Q728dhpxgwT4aY3PJiYzSMVT,크림 닭가슴살 구이,닭가슴살 2개 320g  생크림 1컵  버터 2큰술  양송이버섯 100g  통마늘 3개  레드와인 또는 화이트와인 컵  소금 1작은술  후춧가루 약간  파마산 치즈 약간  파슬리 약간,Step 1 마늘은 편 썰고 양송이버섯은 슬라이스 해주세요. 닭가슴살은 두꺼운 부분을 포를 떠주세요. Step 2 달군 팬에 버터 1큰술을 녹인 후 닭가슴살을 넣고 소금 후추로 간을 해 노릇하게 구워주세요. Step 3 닭가슴살을 구운 팬에 버터 1큰술과 마늘을 넣고 볶다가 양송이를 넣고 볶아주세요. Step 4 와인을 넣고 끓이다가 약불로 줄여 생크림을 넣어 저어가며 섞어주세요. 부족한 간은 소금으로 해주세요 화이트 와인 또는 레드와인을 사용해주세요. 레드와인을 사용 할 경우 색이 좀 더 진해 질 수 있어요 Step 5 구워둔 닭가슴살을 넣고 1분 정도 끓인 후 파슬리와 파마산 치즈를 뿌려 완성해주세요.,"['고단백', '저칼로리', '고지방', '고염']",양식,일반
Wt2JBVU4wPEZTgdrbHu9Pqte,사과채돼지고기구이,돼지고기 100g  양파 13개  사과 12개  간장 1작은술  꿀 1작은술  맛술 1작은술  두반장 1작은술  매실청 레몬청으로 대체 가능 13작은술  생강즙 13작은술  물 1큰술,Step 1 돼지고기를 종이타월에 감싸 핏물을 뺀 후 1cm 두께가 되도록 반으로 저밀어주세요. Step 2 양파는 곱게 채 썰어 찬물에 담가 아린 맛을 빼준 후 물기를 제거해주세요. Step 3 사과는 껍질째 깨끗이 씻은 뒤 곱게 채 썰어주세요. 갈변을 막기 위해 물에 담가두었다가 종이타월에 감싸 물기를 제거해주세요. Step 4 분량의 재료를 모두 넣어 고루 섞어 양념장을 만들어주세요. Step 5 돼지고기에 양념장을 넣어 버무리고 20분간 재워주세요. Step 6 팬에 물을 두르고 돼지고기를 올려 뚜껑을 덮고 앞뒤로 노릇하게 구워주세요. 윤기가 흐르고 양념이 거의 조려지면 불을 꺼주세요. Step 7 돼지고기를 먹기 좋은 크기로 썰어 접시에 담고 한쪽에 사과채와 양파채를 곁들여 내어 마무리해주세요.,['고단백'],다이어트,다이어트
YN2TiWfXZVrmLkEv11JM5G4j,봄동된장국,봄동 200g | 대파 10cm | 다시마멸치육수 5컵 | 된장 2큰술 | 고춧가루 1큰술 | 다진마늘 1/2큰술 | 청양고추 1/2개 | 소금 약간,"Step 1 다시마 멸치 육수 5컵1000ml를 준비해주세요. Step 2 봄동은 깨끗이 씻어 먹기좋은 크기로 잘라주세요. 대파, 청양고추와 홍고추는 어슷썰어주세요. Step 3 다시마 멸치 육수에 된장 2큰술과 고춧가루 1큰술을 풀고 센불에서 끓여주세요. Step 4 육수가 끓어오르면 봄동과 다진마늘 12큰술을 넣고 중불에서 15분정도 끓여주세요. Step 5 마지막으로 대파, 청양고추와 홍고추를 넣어 한소끔 더 끓여 완성해주세요. 부족한 간은 진간장 또는 소금으로 맞추어 주세요.",['고염'],한식,일반
Ap7TKd9SaGWuKd4mGju3VsJy,비건 바나나 브라우니,바나나 90g  메이플 시럽 150g  두유 90g  포도씨 오일 45g  식초 15g  통밀가루 90g  아몬드 가루 30g  카카오 가루 45g  베이킹파우더 6g  다진 초코칩 60g  카라멜라이징용 황설탕 10g  바나나 슬라이스 0.5cm 두께 9조각,"Step 1 볼에 바나나를 넣고 으깬 후 메이플 시럽, 두유, 식초를 차례로 넣고 섞어주세요. Step 2 포도씨 오일을 조금씩 흘리면서 섞어주세요. Step 3 가루류를 체 쳐 넣고 다진 초코칩을 넣어 골고루 섞어주세요. Step 4 오븐 틀에 반죽을 붓고 장식용 바나나 슬라이스를 올린 후 황설탕을 뿌려주세요. Step 5 도 10분, 160도 10분간 구운 후 식혀주세요. tip. 오븐의 성능에 따라 굽는 시간에 차이가 있을 수 있어요","['고지방', '고당']",양식,일반
WsEFbu4Eog9KhRow99esH94S,잠봉뵈르 샌드위치,바게트 1개  잠봉햄 200g  가염버터 100g,"Step 1 바게트는 양쪽 끝을 살짝 자른 후 2등분 한 뒤 단면을 잘라주세요. Step 2 빵 양쪽 면에 버터를 듬뿍 발라주세요. Step 3 버터를 올린 빵에 잠봉햄을 올려주세요. Step 4 반으로 자른 후 맛있게 즐겨주세요. 당근라페, 코올슬로와 같이 곁들여 먹으면 더욱 맛있어요.",['고지방'],양식,일반
wzyjj4hrao4pXxTemU4n3iFi,배도라지청,배 2개 | 도라지 400g | 백설탕 200g | 꿀 200g | 소독한 밀폐 유리병 1개(700ml),"Step 1 도라지는 흐르는 물에 깨끗이 씻어 흙을 제거한 후 껍질을 벗겨주세요. Tip. 물에 1시간 정도 담가두면 껍질 벗기기가 수월해요. Step 2 껍질을 제거한 도라지는 0.5cm 두께로 송송 썰고, 배는 껍질을 벗기고 씨를 제거한 후 한 입 크기로 썰어주세요. Step 3 냄비에 도라지와 배, 설탕과 꿀을 넣은 후 센 불에서 끓어오르면 중불로 줄여 저어가면서 수분감이 날아갈 때까지 약 1시간 30분 동안 끓여주세요. Step 4 소독한 유리병에 담고 뚜껑을 닫아주세요. 반나절 실온에 두었다가 냉장 보관 후 드시면 좋아요.",['고당'],한식,일반
rwdwpF2m1kWorEj884viwBP4,아귀찜,아귀 1마리(1kg) | 미더덕(또는 오만둥이) 200g | 일자콩나물(찜용) 300g | 대파 1대 | 미나리 100g | 홍고추 1개 | 청양고추 2개 | 멸치새우다시마육수 1+1/2컵 | 참기름 1큰술 | 구운 소금 약간 | 통깨 약간 | 청주 4큰술 | 소금 1/2큰술 | 고춧가루 6큰술 | 맛술 3큰술 | 간장 2큰술 | 참치액젓 2큰술 | 설탕 1큰술 | 다진 마늘 3큰술 | 구운 소금 1/4작은술 | 생강가루 약간 | 후춧가루 약간 | 녹말가루 2큰술 | 육수 4큰술,"Step 1 아귀는 주둥이와 아가미, 내장을 제거한 후 먹기 좋은 크기로 잘라서 깨끗이 씻고 핏기를 빼주세요. 미더덕은 소금물에 흔들어 씻은 후 체에 밭쳐 물기를 빼 주세요. Step 2 냄비에 아귀가 잠길 정도의 물과 아구 밑간 재료를 넣고 물이 끓으면 아귀를 넣고 3분 정도 데친 후 체에 밭쳐 물기를 빼주세요. Step 3 콩나물은 다듬어 씻은 후 끓는 물에 3분 정도 데치고 체에 밭쳐 물기를 빼주세요. 대파는 길이로 반 가르고 6센치 길이로 자르고 홍고추와 청양고추는 어슷하게 썰고, 미나리는 6센치 길이로 썰어주세요. Step 4 볼에 양념장 재료를 넣고 섞어 양념장을 만들고 녹말물 재료를 섞어 녹말물을 만들어주세요. Step 5 냄비에 멸치새우다시마 육수를 넣고 끓이다가 아귀, 미더덕, 양념장을 넣어 3분 정도 끓이고 데친 콩나물과 대파, 홍고추, 청양고추를 넣어 양념이 고루 섞이도록 1분 정도 끓여주세요. Step 6 녹말물을 넣어 농도를 맞추고 불을 약한 불로 줄이고 미나리를 넣어 가볍게 섞고 참기름을 뿌려주세요. 기호에 따라 약간의 구운 소금을 넣어 간을 맞춰주세요. Step 7 접시에 아귀찜을 담고 통깨를 뿌려 주세요.","['고단백', '저칼로리', '고지방', '고염']",한식,일반
Qf3QQWYJM6ET8SLi4aKgCxcc,발효 된장 샐러드,양상추 개  브로콜리 개  파프리카 개  베이비싹 약간  사과 개  배 개  재래식된장 3큰술  식초 2와 큰술  꿀 1큰술  물엿 1큰술  설탕 작은술  올리브유 1큰술,"Step 1 채소는 깨끗하게 씻은 후 사과와 배는 0.3cm 두께로 편 썰어주세요. 브로콜리도 편 썰고, 파프리카는 채 썰어서 준비해 주세요. Step 2 양상추는 손으로 뜯어서 물에 잠깐 담가 아삭하게 살려주세요. Step 3 편으로 썰어놓은 브로콜리를 끓는 물에 소금 12작은술을 넣고 데쳐서 찬물에 헹궈 준비해 주세요. Step 4 분량의 소스 재료를 넣고 잘 저어준 뒤, 체에 한번 받쳐 주세요. Step 5 완성 물기를 제거한 채소를 그릇에 담고 된장소스를 곁들여 주세요. Tip. 수용성 비타민이 풍부한 채소를 물에 오랜 시간 담가 놓으면 비타민이 파괴되니 주의해주세요.","['저칼로리', '고염']",채식,채식
twqf5pxTyhKd7Td7ebPPBRGy,제주 고사리 삼겹살 구이,제주 삼겹살 500g | 제주 생고사리 180g | 김치 100g | 감자 1개 | 새송이버섯 1개 | 마늘 6톨 | 멜젓 2큰술 | 맛술 2큰술 | 물 1큰술 | 다진 마늘 1작은술 | 고춧가루 1작은술 | 마늘 2톨 | 양파 ⅛개 | 청양고추 1개,"Step 1 제주 생고사리는 46cm 길이로 잘라주세요. Step 2 감자는 1cm 두께로 썰고 새송이버섯은 편으로 얇게 썰어주세요. 마늘은 편으로 썰고 양파는 굵게 다져주세요. 청양고추는 송송 썰어주세요. Step 3 직화가 가능한 스텐 그릇에 멜젓 소스 재료를 넣어 섞어주세요. Step 4 달군 팬에 삼겹살과 생고사리, 새송이버섯, 감자, 마늘을 노릇하게 구워주세요. 팬에 멜젓 소스를 끓여가며 맛있게 즐겨주세요.","['저칼로리', '고지방']",한식,일반
P554kCmoAUkcRubUEB1uGihV,늙은호박 영양 솥밥,손질 한 늙은호박 200g | 닭 안심 100g | 표고버섯 2개 | 은행 15알 | 쌀 1컵 | 찹쌀 1컵 | 다시마 육수 2컵 | 실파 5줄기 | 참기름 1큰술 | 소금 ½작은술 | 간장 1큰술 | 맛술 1큰술 | 간장 3큰술 | 올리고당 ½큰술 | 고춧가루 1작은술 | 다진 마늘 1작은술 | 참기름 ½큰술 | 통깨 약간 | 다진 파 ½큰술,"Step 1 쌀과 찹쌀은 씻어 30분 정도 불린 후 체에 밭쳐 물기를 빼주세요. Step 2 늙은호박, 닭 안심, 밤, 표고버섯은 한입 크기로 깍둑 썰고 실파는 송송 썰어주세요. tip. 늙은호박은 씨를 긁어내고 껍질을 벗겨 준비해 주세요. Step 3 은행은 살짝 볶아 키친타월에 올려 살살 비벼가며 속 껍질을 제거해주세요. 볼에 양념간장 재료와 송송 썬 실파를 넣어 양념 간장을 준비해 주세요. Step 4 냄비에 참기름을 두르고 닭 안심과 고기 밑간 재료를 넣어 볶다가 쌀을 넣고 볶아주세요. 쌀알이 투명해지면 다시마 육수와 소금을 넣고 밤을 올린 후 뚜껑을 닫아 중간 불에서 끓여주세요. Step 5 밥물이 끓어오르면 늙은호박과 표고버섯, 은행을 얹고 약한 불로 줄여 1520분 정도 익혀주세요. Step 6 솥밥의 불을 끄고 5분 정도 뜸을 들인 후 양념장을 곁들여 맛있게 즐겨주세요.","['고단백', '저칼로리', '고지방', '고염']",한식,일반
1sMUNTAgz4b8XvmPfcq7aQfs,미역오이냉국,미역 10g | 생수 2컵 | 오이 1개 | 통깨 약간 | 얼음 적당량 | 식초 1/3컵 | 설탕 2큰술 | 국간장 1/2큰술 | 소금 약간 | 다진 마늘 1/2큰술,"Step 1 불린 미역은 물에 30초 정도 데친 후 체에 밭쳐 깨끗이 씻어주세요 tip. 미역은 여러 번 헹궈야 비린내가 나지 않아요 Step 2 물기를 짠 후 먹기 좋은 크기로 잘라주세요. Step 3 볼에 미역을 담은 후 양념 재료를 넣어 골고루 섞어주세요. Step 4 오이는 얇게 슬라이스로 잘라주세요. Step 5 미역이 들어있는 볼에 오이와 물을 넣어 섞어주세요. Step 6 마지막에 얼음, 통깨를 뿌려 완성해주세요.",['저칼로리'],한식,일반
jf737Q9KbvcJnrRRxxFN7LSE,감자두부조림,두부 (넓은 것) 1모(500g) | 감자 2개 | 청양고추 1개 | 홍고추 1/2개 | 대파 1대 | 멸치다시마육수 1+1/2컵 | 통깨 약간 | 양파 1/2개 | 간장 4큰술 | 고춧가루 2큰술 | 고추장 1큰술 | 설탕 1큰술 | 다진마늘 1/2큰술 | 참기름 1큰술,Step 1 두부는 도톰한 두께로 썰고 감자는 껍질을 벗긴 후 1cm 두께로 썰어주세요. Step 2 대파와 고추는 송송 썰고 양파는 굵게 채썰어 주세요. 볼에 양념 재료를 넣고 섞어주세요. Step 3 냄비에 감자를 깔고 멸치다시마육수를 붓고 양념  분량을 넣고 5분간 끓여주세요. 두부를 올려 남은 양념과 양파를 넣고 5분간 졸이다가 대파와 고추를 넣고 5분간 더 졸여주세요. Step 4 완성된 감자두부조림을 접시에 담아 밥과 함께 즐겨주세요.,"['고단백', '저칼로리', '고염']",한식,일반
TgJMdwLRN9DG3D6Vd71uLhhb,달래오코노미야키,양배추 18통  달래 한 줌  오징어 1마리  베이컨 3줄  양파 12개  달걀 1개  부침가루 1컵  물 12컵  소금. 후추 약간씩  돈가스 소스 3큰술  마요네즈 2큰술  가쓰오부시 한 줌,"Step 1 양배추는 가늘게 채를 썰어 찬물에 담갔다가 물기를 빼주세요. 달래는 3센치 길이로 썰고, 양파는 채를 썰어주세요. 오징어는 내장과 껍질을 제거해 3센치 길이로 가늘게 썰고, 베이컨도 3센치 길이로 썰어주세요. Step 2 볼에 반죽 재료를 넣고 고루 섞은 후 양배추, 달래, 양파,오징어를 넣어 섞어주세요. Step 3 달군 팬에 기름을 두르고 반죽을 둥글게 펼친 후, 베이컨을 올리고 중간불에서 앞뒤로 노릇하게 구워주세요. Step 4 구운 오코노미야키에 돈가스 소스를 펴 바르고, 마요네즈를 뿌린 후 가쓰오부시와 송송 썬 달래를 올려주세요.",['고지방'],일식,일반
cz1BgtfhVhQCz9j3zuywXJU2,수제햄버거,햄버거 빵 1개  양파.토마토 약간씩  양상추 2장  피클 4조각  슬라이스치즈 1장  베이컨 1장  마요네즈 1큰술  다진 쇠고기 50g  다진 돼지고기 50g  다진 양파 30g  케첩 1큰술  우스터소스 1큰술  소금 13작은술  후추 약간,"Step 1 베이컨은 이등분하고 팬에 노릇하게 구워준 후 키친타월로 기름기를 제거해주세요. 패티용다진 양파는 팬에 기름을 살짝 두르고 볶은 후 한 김 식혀주세요. 큰 볼에 다진 쇠고기, 돼지고기, 볶은 다진 양파와 케첩, 우스터소스, 소금, 후추를 넣고 치대어주세요. 동그랗게 빚은 후 기름을 두른 팬에 올려 앞뒤로 노릇하게 구워주세요. 패티 위에 바비큐소스를 한 큰술 발라주면 바비큐 맛 햄버거를 만들 수 있어요. Step 2 팬에 햄버거 빵을 살짝 구워준 후 빵의 안쪽에 마요네즈를 발라주세요. Step 3 빵 위에 양상추, 패티, 치즈, 베이컨, 양파, 토마토, 피클 순으로 얹은 후 나머지 빵을 덮어 완성해주세요.","['고단백', '고지방', '고염']",양식,일반
Vf5YF8fsQX3mmxs3VxefiZnz,고사리나물,삶은 고사리 300g | 멸치다시마육수 (또는 물) 2/3컵 | 들기름 1큰술 | 통깨 약간 | 국간장 1큰술 | 다진 파 1큰술 | 다진 마늘 ½큰술 | 후춧가루 약간,Step 1 고사리는 찬물에 깨끗이 헹궈 질긴 줄기부분을 다듬고 먹기좋은 길이로 잘라주세요. tip 말린 고사리는 반나절이상 물에 불린 후 불린 물에 부드러워질 때까지 푹 삶고 찬물에 3시간정도 담가 아린맛을 제거해서 사용해주세요. Step 2 고사리에 분량의 양념재료를 넣고 10분정도 재워 밑간해 주세요. Step 3 달군 팬에 양념한 고사리를 넣어 볶다가 멸치다시마육수를 넣고 뚜껑을 덮어 중약불에서 고사리가 부드러워질 때까지 조려주세요. Step 4 고사리가 국물없이 조려지면 마지막에 들기름과 통깨를 뿌려 마무리해주세요.기호에 따라 참기름을 사용하셔도 되구요. 부족한 간은 소금을 가감해서 조절해주세요.,"['고지방', '고염']",한식,일반
wtEYjsgqobZZrjm8Z3T4EMxL,브로콜리 두부무침,브로콜리 1개 | 두부 (찌개용) 1/2모 | 통깨 약간 | 다진마늘 1작은술 | 국간장 1큰술 | 소금 약간 | 참기름 약간,"Step 1 브로콜리는 줄기에서 한 송이 씩 떼고, 크기가 큰 것은 반으로 갈라주세요. Step 2 소금을 약간 넣은 끓는 물에 브로콜리를 20초 정도 살짝 데친 후, 찬물에 헹궈 물기를 빼주세요. Step 3 두부는 끓는 물에 1분 정도 데치고, 면포면보자기에 넣어 물기를 꽉 짜 으깨어주세요. Step 4 볼에 으깬 두부와 브로콜리, 양념 재료를 넣어 무쳐주세요. Step 5 접시에 보기 좋게 담고, 통깨를 뿌려 마무리해주세요.","['고단백', '저칼로리', '고염']",한식,일반
R2nFZKBtPCyXGWS7JU31jNDY,가지 갈비,가지 5개  새송이버섯 56개  쪽파 2줄기  통깨 약간  불린 건표고 45개  포도 씨 오일 3큰술  간장 6큰술  표고 불린 물 1컵  설탕 2큰술  물엿 1큰술  맛술 1큰술  다진 마늘 1큰술  참기름 2큰술  후춧가루 약간,Step 1 가지는 도톰하게 슬라이스한 후 한쪽 면에 격자로 칼집을 넣어주세요. 새송이버섯은 세로로 4등분 해주세요. Step 2 가지를 전자레인지에 넣고 3분간 돌려주세요. Step 3 불린 표고는 잘게 썰어주세요. 쪽파는 송송 썰어주세요. 볼에 양념 재료와 잘게 썬 표고를 넣고 섞어주세요. tip. 표고버섯 45개에 물 2컵을 넣고 하루 정도 불려 준비해주세요 Step 4 전자레인지에서 익힌 가지에 새송이버섯을 넣고 돌돌 말아주세요. Step 5 내열 용기에 차곡차곡 담고 양념을 부어 30분간 절여주세요. tip. 양념이 잘 배도록 중간에 양념을 따라내고 윗면에 끼얹어 주세요 Step 6 가지에 포도 씨 오일을 뿌리고 200도로 예열한 오븐에서 40분간 구워주세요. tip. 오븐마다 성능이 다를 수 있으니 시간을 조절해 주세요 Step 7 완성된 가지 갈비를 그릇에 담아 쪽파와 통깨를 뿌린 후 맛있게 즐겨주세요.,"['저칼로리', '고지방']",채식,채식
h8NwyK2bVzTup4M8QpBhWTSW,채식 배추된장국,배추 포기  무 100g  대파 대  청양고추 개  홍고추 개  쌀뜨물 5컵  두부 모  다시마 5cm 너비 1장  된장 2큰술  다진 마늘 1작은술  고춧가루 1작은술,Step 1 무는 나박 썰고 대파와 고추는 어슷하게 썰어주세요. Step 2 두부는 깍뚝 썰어주세요. Step 3 끓는 물에 배추를 넣고 2분간 데쳐주세요. 데쳐진 배추는 12cm 길이로 잘라주세요. Step 4 냄비에 쌀뜨물과 무를 넣고 5분간 끓이다가 양념 재료와 데친 배추를 넣고 5분간 끓여주세요. tip. 다시마를 한 장 넣으면 더욱 감칠맛을 낼 수 있어요 Step 5 두부를 넣어주세요. Step 6 마지막에 대파와 고추를 넣어 한소끔 더 끓여 완성해주세요. tip 부족한 간은 소금으로 해주세요,"['고단백', '저칼로리', '고염']",채식,채식
LPQtcunjhFWDQRGqUqSBeHXQ,홈메이드 두부크림 치즈,플레인 요거트 500g  두부 150g  소금 약간,"Step 1 조리법 핸드 드리퍼에 커피 필터를 끼우고 아래에 컵을 받친 후 커피 필터 안에 플레인 요거트를 가득 부어주세요. 거르는 과정에서 양이 확 줄어드니 핸드 드리퍼의 크기는 클수록 좋아요. 2. 반나절 이상 두어 유청을 분리해주세요. 상온에서는 혹 상할 수 있으니 냉장고에 넣어주세요. Step 2 두부를 면포에 넣어 꽉 짜 물기를 빼고 잘게 으깨요. 4. 순서2에서 분리된 크림에 순서3의 두부를 넣고 잘 섞은 후 소금으로 간을 맞추고 밀폐용기에 담아주세요. 방부제가 들어가지 않았으니 냉장 보관으로 10일 안에 드세요. Step 3 완성 스테이크 가니쉬, 샐러드, 샌드위치 등 각종 요리에 크림 치즈 대용으로 부담 없이 사용해주세요. 기호에 따라 잼이나 과일을 섞어 빵에 발라 먹어도 좋아요. 크림 치즈","['고단백', '저칼로리', '고지방', '고염']",다이어트,다이어트
Phq1srHvzgYtDueKGZFcBHS5,브로콜리 참깨무침,브로콜리 1개  감자 1개  볶은 통깨 5큰술  마요네즈 3큰술  식초 1큰술  설탕 1큰술  간장 1큰술,Step 1 큰 볼에 물을 담고 식초 1큰술을 넣은 후 브로콜리 윗부분이 아래로 가도록 담가 20분 정도 두세요. Step 2 브로콜리의 밑동을 자르고 한입 크기로 썬 후 흐르는 물에 깨끗이 헹궈주세요. Step 3 감자는 껍질을 벗긴 후 한입 크기로 깍뚝 썰어주세요. Step 4 찜기에 감자를 넣고 10분 정도 쪄주세요. 8분 정도 지났을 때 손질한 브로콜리를 넣어 같이 쪄주세요. Step 5 통깨는 절구에 넣어 으깬 후 볼에 담고 나머지 소스 재료를 넣어 섞어주세요. tip. 통깨를 으깨면 고소한 향이 배가 된답니다. 절구가 없다면 손바닥으로 부숴 사용해주세요 Step 6 찐 브로콜리와 감자에 참깨소스를 조물조물 무쳐낸 후 접시에 담아 맛있게 즐겨주세요.,['저칼로리'],채식,채식
mtNUosCw22SFnYWTysvQgXpj,매운닭볶음탕,닭(800g) 1마리 | 감자(작은 사이즈) 3개 | 양파 1개 | 당근 1/2개 | 대파 1대 | 청고추 1개 | 물 3컵 | 간장 5큰술 | 고춧가루 4큰술 | 맛술 3큰술 | 설탕 2큰술 | 다진마늘 2큰술 | 고추장 1큰술 | 참기름 1큰술 | 후추 약간,"Step 1 적당한 크기로 자른 닭은 깨끗이 씻은 후, 끓는 물에 살짝 데치고 찬물에 씻어 불순물을 제거해주세요. Step 2 감자와 당근, 양파는 큼직하게 썰고 대파와 청고추는 어슷하게 썰어주세요. 볼에 양념재료를 넣고 섞어주세요. Step 3 냄비에 데친 닭고기와 물, 감자, 당근, 양념재료를 넣어 30분 정도 센불에서 끓여주세요. 감자크기에 따라 조리시간을 조절해주세요. Step 4 닭이 부드럽게 익으면 중불로 줄여 양파를 넣고 5분 정도 끓이다가, 대파와 청고추를 넣어 2분 정도 더 끓인 후 불을 꺼주세요. Step 5 마지막에 약간의 소금을 가감해서 간을 맞추고, 따뜻할 때 맛있게 즐겨주세요.",['고염'],한식,일반
8pvwRPyeJwtU6TcUN3GkKfMc,무차돌박이전골,"차돌박이 (또는 등심, 목심) 300g | 무 1/5개(200g) | 배추 5~6장 | 숙주 한 줌 | 쪽파 6대 | 다시마 육수 3컵 | 국간장 1/2큰술 | 소금 1작은술 | 간장 2큰술 | 식초 1+1/2큰술 | 설탕 1/2작은술 | 다진 마늘 1작은술 | 다진 생강 1작은술 | 다진 대파(흰 부분) 4큰술 | 고춧가루 1/2큰술 | 깨 2큰술 | 참기름 1큰술",Step 1 차돌박이는 키친타올로 핏물을 제거해 주세요. Step 2 무는 반달 모양으로 얇게 썰어주세요. 부추와 배추는 먹기 좋은 크기로 썰어 준비해 주세요. tip. 2mm 정도 두께로 얇게 썰어야 차돌박이와 함께 익힘 정도가 좋아요 Step 3 볼에 소스 재료를 담아 잘 섞어주세요. Step 4 핏물을 제거한 차돌박이에 무를 올려 돌돌 말아주세요. tip. 차돌박이를 약간 늘려서 무에 잘 감싸주어야 풀리지 않아요 Step 5 냄비에 배추와 숙주를 깔고 차돌박이를 말아낸 무를 둥글게 올려주세요. 다시마 육수를 붓고 7분 정도 끓여주세요. tip. 냄비의 크기에 따라 무 아랫부분까지 육수가 잠기도록 양을 조절해 주세요 Step 6 무가 투명하게 익으면 가운데 쪽파를 올리고 준비한 소스를 뿌려 맛있게 즐겨주세요,['일반'],한식,일반
wGB8qmS8qtEZDt35hBAgPuG5,연어오렌지샐러드,훈제연어 200g  오렌지 2개  어린잎채소 1줌  케이퍼 1큰술  오렌지제스트 약간  마요네즈 4큰술  다진 양파 3큰술  레몬즙 1큰술  유자청 12큰술  고추냉이 12작은술  소금.후추 약간씩,"Step 1 어린잎채소를 깨끗이 씻어 체에 밭쳐 물기를 빼주세요. Step 2 오렌지는 끓는 물에 살짝 데치고 굵은 소금으로 문질러 닦은 후 흰 부분이 없도록 껍질을 얇게 벗겨주세요. 껍질을 가늘게 채를 썰어주세요. Step 3 오렌지껍질을 뜨거운 물에 데쳐 쓴맛을 없애주세요. Step 4 팬에 채를 썬 오렌지껍질과 동량의 설탕을 넣고 볶아서 오렌지제스트를 만들어주세요. Step 5 칼로 오렌지의 속껍질을 벗겨내고 과육만 훈제연어로 돌돌 말아주세요. 그릇에 어린잎채소, 오렌지제스트, 케이퍼와 함께 담아낸 후 먹기 전에 드레싱을 뿌려주세요.","['고단백', '저칼로리', '고염', '고당']",양식,일반
4SG6cGZYTCdsBvqafPgrxQ4a,꼬막장,꼬막 1kg | 청주 2큰술 | 대파 ½대 | 양파 ¼개 | 청양고추 2개 | 홍고추 1개 | 통깨 약간 | 간장 4큰술 | 고춧가루 2큰술 | 맛술 1큰술 | 설탕 1작은술 | 올리고당 1큰술 | 생강즙 1큰술 | 다진 마늘 1큰술 | 참기름 1큰술 | 깨소금 1작은술 | 후춧가루 약간,"Step 1 해감한 꼬막은 깨끗이 비벼 씻어주세요. 끓는 물에 청주를 넣어 온도를 떨어뜨린 다음 꼬막을 넣고 한쪽으로 저어주면서 삶다가 입이 벌어지기 시작하면 체로 건져주세요. 꼬막은 삶을 때 한 방향으로 저어가며 삶아야 살이 한쪽으로 쏠려 껍질을 제거하기 편해요 Step 2 삶은 꼬막은 살만 발라주세요. 볼에 양념 재료를 넣어 섞어주세요. 꼬막 삶은 물은 버리지 말고 해감이 덜 된 꼬막살을 씻어주세요 Step 3 대파와 청고추는 송송 썰고, 홍고추는 반으로 갈라 씨를 뺀 후 얇게 썰어주세요. 양파는 잘게 다져주세요 Step 4 볼에 양념과 썰어둔 야채, 꼬막살을 넣어 버무려주세요. Step 5 접시에 담아 통깨를 뿌려 맛있게 즐겨주세요.",['저칼로리'],한식,일반
WdzGXDumetzxNibW86yT6z5W,연근조림,연근 작은 사이즈 2개 500g  식초 1큰술  소금 큰술  올리고당 2큰술  참기름 1큰술  통깨 약간  간장 6큰술  맛술 5큰술  설탕 3큰술  올리브유 3큰술  올리고당 3큰술,"Step 1 연근은 조리용 솔로 문질러 씻어주세요. 0.5cm 두께로 잘라주세요. Step 2 냄비에 연근이 잠길 정도의 물과 연근, 식초, 소금을 넣고 20분 정도 데친 후 찬물에 헹궈주세요. 체에 받쳐 물기를 제거해 주세요. Step 3 냄비에 물 4컵과 양념 재료를 넣고 끓여 양념이 끓어오르면 데친 연근을 넣어 1시간 정도 중간 불에서 졸여주세요. Step 4 국물이 자작하게 졸아들면 올리고당과 참기름을 넣어 5분 정도 센 불에서 윤기 나게 조려 주세요. Step 5 접시에 연근조림을 담고 통깨를 뿌려주세요.","['고지방', '고염']",채식,채식
Y4ovuGTFzHHznwgU9T2XRoka,우엉솥밥,쌀 1컵  우엉 1대150g  표고버섯 2개  들기름 약간  통깨 약간  식초 1큰술  쪽파 2대  채수 1컵  간장 1큰술  청주 1큰술  설탕 1큰술  다진마늘 1작은술  후춧가루 약간,"Step 1 깨끗이 씻은 우엉은 지저분한 부분을 솔로 문질러 흐르는 물에 씻어주세요. 필러로 슬라이스한 후 식초물에 10분 정도 담가주세요. tip. 우엉을 식초물에 살짝 데치거나 담갔다가 사용하면 갈변현상도 막고 우엉의 아린 맛도 줄일 수 있어요 Step 2 슬라이스 후 남은 우엉과 표고버섯은 굵게 다지고 쪽파는 송송 썰어주세요. Step 3 볼에 양념을 섞어주세요. 슬라이스한 우엉에 양념을 넣고 조물조물 버무려 10분간 재워주세요. Step 4 냄비에 불린 쌀과 다진 우엉과 표고, 채수를 넣고 밥을 지어주세요. 센불에서 물이 끓으면 불을 가장 약하게 줄이고 14분간 익혀주세요. tip. 쌀은 가볍게 씻어 30분 정도 불려 준비해주세요. 현미는 반나절 정도 불려주세요 Step 5 달군 팬에 들기름을 두르고 재워둔 우엉을 넣고 볶아주세요. Step 6 밥이 익으면 볶아둔 우엉을 밥위에 올리고 뚜껑을 닫아 10분간 뜸을 들여 완성해주세요. Step 7 쪽파와 깨를 뿌려 맛있게 즐겨주세요.","['저칼로리', '고지방']",채식,채식
DNd6N9dCFDFaXUxFmeYCZ7g7,프렌치 감자 샐러드,감자 4개500g  소금 약간  딜 약간  샬롯양파 16개로 대체 가능 1개  다진 피클 3큰술  베이컨 2줄  소금 1작은술  올리브오일 컵  레몬즙 1큰술  디종 머스타드 1큰술  홀그레인 머스타드 1큰술  후춧가루 약간,"Step 1 감자는 껍질째 깨끗이 씻어 반으로 자르거나 4등분으로 잘라주세요. Step 2 냄비에 감자와 감자가 잠길 정도의 물, 소금을 넣어 끓여주세요. 감자가 푹 익을 때까지 15분 정도 끓인 후 체에 밭쳐 찬물에 헹궈주세요. Step 3 딜과 샬롯은 잘게 다져주세요. 베이컨은 잘게 다져 달군 팬에 노릇하게 구워주세요. Step 4 볼에 양념 재료를 넣어 섞은 후 감자와 다진 샬롯, 다진 피클, 딜을 넣어 섞어주세요. 후춧가루, 구운 베이컨을 뿌려 완성해 주세요. Step 5 맛있게 즐겨주세요.",['고염'],양식,일반
8angQZsXHTwPU7GTpRHXURCe,후무스샐러드,브로콜리 100g  마늘 2톨  비트 30g  바게트빵 슬라이스 4쪽  이탈리안 파슬리 1묶음  아몬드 슬라이스 약간  병아리콩 130g  올리브유 2티스푼  소금 약간  후추 약간  화이트발사믹 1.5티스푼,"Step 1 브로콜리는 한입 크기로 자르고, 마늘은 얇게 썰어주세요. 비트는 얇게 채 썰어주세요. Step 2 올리브유를 넉넉히 두르고 마늘과 브로콜리를 볶아주세요. Step 3 믹서에 삶은 병아리콩, 올리브유, 소금과 후추 약간을 넣고 갈아주세요. 드레싱은 잘 섞어서 따로 보관해주세요. Step 4 그릇에 후무스를 얇게 펴 바르고, 그 위에 채소를 올려주세요. 그릇 사이드에 바게트 빵을 가지런히 올리고 드레싱을 뿌려 완성해주세요.","['저칼로리', '고염']",양식,일반
kS49vyaspfeTmsGknswu53Vd,김정은 돼지안심말이,돼지고기 안심 100g  생강 5g  마늘 1알  삶은 죽순 1개70g  아스파라거스 3개  전분또는 밀가루 1큰술  식용유 적당량  실고추생략 가능 약간  깨생략 가능 약간  겨잣잎 2장  국간장 1작은술  비정제당 12큰술  참기름 12작은술  후춧가루 약간,"Step 1 돼지고기 안심은 성글게 다지고, 생강, 마늘도 다져 양념을 넣고 반죽해 주세요. Step 2 죽순과 아스파라거스는 5cm 길이로 썰어 전분을 묻혀 주세요. 돼지고기 안심 반죽에 죽순과 아스파라거스를 동글납작하게 붙여 주세요. tip. 아스파라거스의 줄기 부분은 억세기 때문에 껍질을 칼로 살짝 벗겨주면 부드러워져요 tip. 죽순 대신 새송이버섯이나 떡을 넣어도 돼요 Step 3 기름 두른 팬에 굴려가며 노릇하게 구워 주세요. Step 4 접시에 겨잣잎을 깔고 구이를 담아낸 다음 고명으로 실고추와 깨를 올려 주세요. 맛있게 즐겨 주세요. tip. 겨잣잎 대신 깻잎 등 향신 채소를 이용해도 괜찮아요. 겨잣잎에 돼지안심말이를 싸 먹어도 좋아요","['고단백', '저칼로리', '고지방']",다이어트,다이어트
QkLvuLvN4PmBkjSmnieanSG5,콩나물 미나리 무침,콩나물 400g | 미나리 200g | 통깨 약간 | 다진 마늘 ½큰술 | 식초 1큰술 | 고춧가루 1큰술 | 올리고당 2큰술 | 참기름 2큰술 | 소금 1작은술 | 후춧가루 약간,Step 1 깨끗이 씻은 미나리의 잎을 잘라내고 줄기 부분은 5cm 길이로 썰어주세요. Step 2 끓는 물에 콩나물을 넣어 2분간 데친 후 찬물에 담가 열기를 식혀 채반에서 물기를 빼주세요. Step 3 미나리를 10초간 데친 후 찬물에 담가 식히고 채반에서 물기를 빼주세요. Step 4 볼에 양념 재료를 넣어 섞어주세요. 미나리와 콩나물에 남은 물기를 손으로 꽉 짜고 볼에 넣은 후 양념 재료를 넣어 버무려주세요. Step 5 완성된 콩나물 미나리 무침을 그릇에 담고 통깨를 뿌려 맛있게 즐겨주세요.,['일반'],한식,일반
1qCYTUnCN6Gs7jV9DhmShYx9,사과고르곤졸라피자,사과 1개  고르곤졸라 치즈 30g  피자 치즈 100g  꿀 2큰술  굵게 다진 호두 2큰술  강력분 2컵  설탕 1작은술  소금 1작은술  드라이 이스트 작은술  따뜻한 물 150mL  올리브오일 1큰술,"Step 1 볼에 강력분, 설탕, 소금을 넣어 골고루 섞어주세요. 따뜻한 물과 드라이이스트를 섞어 주세요. Step 2 밀가루에 섞어둔 이스트와 올리브오일을 넣어 한 덩어리가 되도록 손으로 반죽을 해주세요. Step 3 따뜻한 곳이나 볼 밑 부분에 따뜻한 물을 닿지 않게 받친 후 12시간 정도 발효를 해주세요. 발효시간을 길게 할수록 피자 도우가 훨씬 부드러워진답니다. Step 4 사과는 껍질 째 깨끗이 씻어 반으로 잘라 얇게 슬라이스 해주세요 Step 5 오븐 팬에 도우 반죽을 얇게 펼친 후 바닥에 포크로 구멍을 내주세요. 오븐 팬에 도우 반죽을 얇게 펼친 후 바닥에 포크로 구멍을 내주세요. 사과를 올린 후 피자치즈와 고르곤졸라 피자, 호두를 골고루 뿌려주세요. 오븐 Step 6 도로 예열한 오븐에 넣어 10분 정도 구워주세요. 완성된 피자에 꿀을 뿌린 후 맛있게 즐겨주세요.","['고지방', '고염', '고당']",양식,일반
iPkDxFTy5k1dxUrnCGhnvQd5,김치볶음밥,배추김치 1/6포기 | 고슬고슬한 밥 2공기 | 베이컨 슬라이스 (또는 스팸) 5장 | 달걀 2개 | 양파 1/4개 | 실파 1대 | 참기름 1큰술 | 식용유 약간 | 통깨 약간 | 김치국물 3큰술 | 올리고당 1큰술 | 고운고춧가루 1작은술 | 후추 약간,"Step 1 배추김치는 사방 1cm 크기로 자르고, 양파는 굵게 다져주세요. 실파는 송송 썰고, 베이컨은 한입 크기로 잘라주세요. 볼에 양념 재료를 넣어 섞어주세요. Step 2 달군 팬에 약간의 기름을 두르고 베이컨을 볶다가, 양파와 김치를 넣어 중간불에서 2분 정도 볶은 후 양념을 넣어 섞어주세요. Step 3 밥을 넣고, 주걱으로 밥을 가르듯이 고루 섞어가며 볶은 후 마지막에 참기름을 넣어주세요. Step 4 그릇에 김치볶음밥을 담고, 통깨와 실파를 뿌려주세요. 달걀프라이를 곁들이면 더욱 맛이 좋아요.","['고단백', '고지방']",한식,일반
AXD58yHCo6DpsFrsGmqPh2XV,찐연근두부소스샐러드,연근 1개  부침용두부 200g  올리브유 1.5티스푼  레몬즙 1티스푼  케이퍼 1티스푼  쑥 약간  얌염 약간,"Step 1 연근은 1cm두께로 동그랗게 썰어주세요. Step 2 김 오른 찜기에서 STEP1의 연근을 5분간 쪄주세요. Step 3 부침용 두부는 물기를 꼭 짜주세요. Step 4 두부와 올리브유, 레몬즙을 같이 곱게 갈아주세요. Step 5 찐 연근은 그릇에 담고 두부소스를 얹은 다음 케이퍼와 암염, 쑥을 얹어내세요.","['고단백', '저칼로리']",채식,채식
nHn7jYyx6XNJ57CkRYergPWc,능이버섯 무국,능이버섯 45개  무우 개  능이버섯 불린 물 5컵  국간장 2큰술  들기름 작은술,"Step 1 능이버섯은 30분간 물에 불린 후 채 썰고, 무는 1.5 2cm 크기로 깍둑썰기 해주세요. Step 2 냄비에 들기름을 두르고 무를 넣어 볶아주세요. Step 3 무를 볶다가 채 썰어놓은 능이버섯도 함께 넣고 볶아주세요. Step 4 능이버섯 불린 물 5컵을 붓고 끓이다가 국간장 2큰술을 넣고 간을 맞춘 뒤 한번 더 끓여주세요. Step 5 완성 능이버섯의 향을 음미하며 즐겨주세요. Tip. 능이버섯은 밑 부분에 흙이 많기 때문에 세척을 깨끗하게 한다.","['저칼로리', '고지방', '고염']",채식,채식
HANMd69Hi54uAr7qyVipn7Rh,깍두기,무 1개 (2kg) | 대파 (흰부분) ⅓대 | 쪽파 한 줌 (60g) | 굵은 소금 2큰술 | 고춧가루 6큰술 | 갈은 양파 ⅓개 | 다진 새우젓 3큰술 | 멸치액젓 1큰술 | 다진 마늘 3큰술 | 다진 생강 ½큰술 | 설탕 2큰술 | 찹쌀가루 1큰술 | 황태다시육수 ¾컵,Step 1 무는 잔뿌리를 떼고 조리 솔로 문질러 깨끗이 씻고 먹기좋게 사방 2센치 크기로 깍뚝썰기로 썰어 주세요. 대파는 어슷하게 썰고 실파는 3센치 길이로 썰어주세요. Step 2 굵은 소금을 뿌려 30분 정도 절이고 체에 받쳐 물기를 뺀 후 넓은 볼에 고춧가루를 넣고 색이나게 버무려주세요. tip 무는 겉면만 살짝 절이고 물에 씻지 말고 체에 받쳐 물기를 빼서 준비해 주세요. Step 3 냄비에 찹쌀풀 재료를 넣고 잘 섞어준 후 중불에서 저어가며 풀고 기포가 올라오면서 농도가 나면 불을 끄고 식혀주세요. Step 4 볼에 식힌 찹쌀풀과 양념 재료를 넣고 고루 섞어 김치 양념을 만들어주세요. Step 5 무에 양념 재료를 넣어 버무린 후 실파와 대파를 넣어 섞고 김치통에 차곡차곡 담아주세요. 하루정도 실온에서 숙성 시켰다가 냉장보관해 주세요. tip 무가 절여진 염도에 따라 마지막에 소금을 가감해서 간을 맞춰주세요.,['고염'],한식,일반
QyitoZhkUxXNCWmxBTWV8FA4,삼겹살 배추 술찜,대패삼겹살 샤브용 300g  알배추 통  숙주 200g  실파 2줄기  화이트 와인 또는 청주 컵  소금 약간  후춧가루 약간  간장 3큰술  맛술 1큰술  식초 1큰술  설탕 큰술  유자청 큰술  시판 깨 소스 3큰술  고추기름 1작은술  다진 마늘 1작은술,"Step 1 대패삼겹살을 먹기 좋은 길이로 자르고 알배추는 깨끗이 씻은 후 한입 크기로 잘라주세요. 숙주는 깨끗이 씻어 물기를 빼고 실파를 송송 썰어주세요. Step 2 볼에 유자 간장소스 재료와 섞고 또 다른 볼에 깨소스 재료를 넣고 섞어 소스를 준비해 주세요. Step 3 냄비에 알배추 두꺼운 줄기 부분을 깔고 숙주와 알배추잎, 삼겹살 순으로 담고 약간의 소금과 후춧가루를 뿌려주세요. 켜켜이 23번 반복해서 먹기 좋게 돌려 담고 화이트와인을 넣어주세요. Step 4 뚜껑을 덮고 15분 정도 삼겹살이 익을 때까지 중간 불에서 끓여주세요. Step 5 삼겹살 배추 술찜에 송송 썬 실파를 뿌리고 기호에 따라 유자 간장소스 또는 깨 소스를 곁들여 맛있게 즐겨주세요.","['저칼로리', '고지방', '고염']",양식,일반
vt53pYdwQzPC5B7QEqSxhLUX,아스파라거스 자몽 샐러드,"아스파라거스 8개  자몽 1개  오이고추 2개  적양파 개  꽃상추 6장  소금, 후추 약간  식용유 적당량  발사믹 식초 1큰술  통후춧가루 약간  올리브유 1큰술  레몬즙 큰술  소금 약간","Step 1 아스파라거스는 밑동을 제거하고 껍질을 필러로 벗겨내 주세요. 자몽은 껍질을 제거하고 과육만 발라서 준비해 주세요. Step 2 분량의 재료들을 모두 골고루 잘 섞어 드레싱을 만들어 주세요. Step 3 달군 팬에 식용유를 두르고 아스파라거스를 넣어 약간 노르스름하게 볶아낸 후, 소금과 후추로 밑간을 해주세요. Step 4 그릇에 꽃상추, 구운 아스파라거스, 자몽, 채 썬 적양파, 오이고추를 담고 드레싱을 곁들이면 완성입니다. Tip. 자몽은 껍질을 벗긴 후 안쪽에 한 개씩 떨어지는 질긴 막 사이에 칼집을 넣어 과육만 떼어내주세요. 아스파라거스를 손질할 때는 단단한 밑동 부분은 2cm 정도 잘라낸 후 필러로 껍질을 벗겨 주어야 한결 먹기가 좋아요.","['저칼로리', '고염']",채식,채식
m9xcByY78FJwy7fmwefTmnma,사색 꼬치전,단무지 4줄  빨간 파프리카 1개  쪽파 한줌  표고 버섯 3개  부침가루 4큰술  식용유 약간  나무꼬치 12개  부침가루 6큰술  물 컵  강황 가루 두꼬집,"Step 1 단무지는 길이로 3등분하고 파프리카와 표고, 쪽파는 단무지 크기로 썰어주세요. Step 2 볼에 부침 재료를 넣고 섞어 강황물을 만들어주세요. Step 3 나무꼬치에 표고버섯쪽파파프리카단무지표고버섯 순으로 꽂아주세요. Step 4 꼬치전에 부침가루를 묻혀 살짝 털어낸 후 강황물을 고루 입혀주세요. tip.꼬치전에 부침가루를 한쪽면에만 묻히고 강황물을 골고루 묻혀 전을 부치면, 꼬치의 색감이 더욱 노랗고 선명하게 나올 수 있답니다. Step 5 달군팬에 기름을 넉넉히 두르고, 사색 꼬치전을 올려 중간불에서 앞 뒤로 익혀 맛있게 즐겨주세요.","['저칼로리', '고지방']",채식,채식
xnmoNpu1mnUfshYkrggVsoSv,스팸 두부 짜글이,두부 1모 (300g) | 스팸 1캔 (200g) | 감자 1개 | 양파 ½개 | 대파 ½대 | 청양고추 1개 | 멸치 다시마 육수 2컵 | 간장 2큰술 | 고춧가루 1+½큰술 | 고추장 1큰술 | 맛술 1큰술 | 참치액 1큰술 | 다진 마늘 1큰술 | 들기름 ½큰술 | 설탕 ½큰술 | 후춧가루 약간,"Step 1 두부와 스팸, 감자는 먹기 좋은 두께로 잘라주세요. 양파는 굵게 채를 썰고 대파와 청양고추는 어슷하게 썰어주세요. 볼에 양념장 재료를 넣고 섞어주세요. tip 스팸은 체에 밭쳐 뜨거운 물을 한번 끼얹은 후 사용해 주세요. Step 2 냄비에 양파를 깔고 감자를 올린 후 두부와 스팸을 켜켜이 돌려가며 담아주세요. Step 3 냄비에 멸치 다시마 육수 1컵을 붓고 끓이다가 양념장을 넣어 섞어주세요. Step 4 두부와 스팸에 국물을 끼얹어 주며 중약불로 끓여주세요. tip 끓이는 중간에 국물이 부족하면 남겨놓은 멸치 다시마 육수 컵을 넣어주세요. Step 5 감자가 익으면 대파와 청양고추를 넣고 한소끔 끓여 맛있게 즐겨주세요.","['고단백', '저칼로리']",한식,일반
Y6BSSm38nwV7q8BphrvCgJtH,미역 콩국수,"미역 국수 2봉지 360g  두부 모 200g  두유 2컵  볶은 땅콩 아몬드, 잣 등으로 대체 가능 3큰술  통깨 2큰술  오이 생략 가능 개  방울토마토 1개  소금 작은술  얼음 약간","Step 1 믹서에 두부, 두유, 볶은 땅콩, 통깨, 소금을 넣어 곱게 갈아주세요. 냉장고에 넣어 차갑게 해주세요. Step 2 오이는 얇게 슬라이스해주세요. Step 3 미역 국수를 체에 밭쳐 흐르는 물에 씻은 후 물기를 빼주세요. Step 4 그릇에 면을 담고 시원한 콩국물을 부어 주세요. 얼음을 띄우고 오이 고명과 토마토를 올려 맛있게 즐겨주세요. 기호에 따라 간은 소금으로 맞춰주세요","['고단백', '저칼로리', '고염']",다이어트,다이어트
HBrskAeau3dd7237FuhqrJyC,키토 레몬 파운드 케이크,"에리스리톨 알룰로스 가루, 라칸토로 대체 가능, 80g  우유 80g  무염 버터 100g  달걀 3개 140g  레몬즙 100g  레몬 제스트 10g  레몬 제스트 장식용 약간  에리스리톨 파우더 아이싱용 100g  레몬즙 아이싱용 30g  물 아이싱용 20g  아몬드 가루 300g  코코넛 가루 30g  베이킹파우더 15g  소금 2g","Step 1 깨끗이 씻은 레몬은 그라인더에 껍질을 갈아 레몬 제스트를 낸 후 즙을 내어주세요. Step 2 실온 버터와 에리스리톨을 주걱으로 부드럽게 풀어주세요. Step 3 달걀과 우유, 레몬즙을 나눠 넣고 핸드믹서 또는 주걱으로 섞다가 가루류를 넣고 섞어주세요. Step 4 레몬제스트를 넣고 주걱으로 가볍게 섞어 반죽을 완성해 주세요. Step 5 케이크 틀 안쪽에 버터를 소량 바른 후 반죽을 넣고 주걱으로 윗면을 정리한 후 바닥에 34번 내리쳐주세요. Step 6 도로 예열한 오븐에 넣고 4050분 정도 구운 후 충분히 식혀 틀에서 꺼내주세요. Step 7 볼에 에리스리톨 파우더와 레몬즙, 물을 넣고 잘 섞어 아이싱을 만들어주세요. tip. 에리스리톨 파우더가 없다면 에리스리톨을 갈아서 사용해도 좋아요 Step 8 케이크 윗면에 아이싱을 뿌린 후 기호에 따라 레몬 제스트를 뿌려 장식해 주세요.","['고단백', '고지방']",양식,일반
Na6cZXC8DW6wrCF8NfHwuHh9,칠리가지탕수,가지 2개  다진 돼지고기 100g  청양고추 1개  건고추 1개  마늘 2쪽  당근 개 15g  대파 대  전분가루 컵  소금 약간  식용유 적당량  맛술 큰술  다진 마늘 작은술  생강가루 약간  후춧가루 약간  튀김가루 컵  전분가루 컵  차가운 물 컵  케찹 3큰술  두반장 1큰술  굴소스 큰술  설탕 2큰술  올리고당 2큰술  식초 큰술  물 1컵  전분가루 1큰술  물 2큰술,"Step 1 돼지고기는 밑간 재료에 10분 정도 재워주세요. 가지는 어슷하게 2센치 두께로 썰고 가운데 어슷하게 칼집을 넣고 약간의 소금을 뿌려 밑간을 해주세요. 청양고추와 대파는 송송썰고 당근과 건고추, 마늘은 잘게 잘라주세요. Step 2 볼에 소스 재료를 넣어 섞어주세요. 전분물 재료를 섞어 전분물을 만들어주세요. Step 3 가지의 겉부분과 칼집 사이에 전분가루를 뿌리고 칼집 사이에 밑간한 돼지고기를 넣어주세요. Step 4 볼에 튀김 반죽 재료를 넣어 섞고 가지에 전분가루튀김반죽 순으로 묻혀 170도로 달군 기름에 튀긴 후 센불에서 한번 더 바삭하게 튀겨주세요. Step 5 냄비에 약간의 기름을 두르고 잘게 썰은 마늘과 대파, 건고추를 넣어 볶다가 당근과 청양고추를 넣어 함께 볶고 소스 재료를 넣어 한소끔 끓인 후 녹말물을 넣어 걸쭉해지면 불을 꺼주세요. Step 6 접시에 튀긴 가지를 담고 소스를 얹어주세요.","['고단백', '고지방', '고염']",중식,일반
hyNAF5DKchfdS2dKyUVbhqYP,통새우전,"새우 10개 | 다진 돼지고기 150g | 양파 ⅛개 (20g) | 당근 ​1⁄10개 (20g) | 홍고추 ½개 | 청고추 ½개 | 실파 4줄기 | 달걀 2개 | 밀가루 ¼컵 | 맛술 1큰술 | 식용유 적당량 | 간장 ½큰술 | 굴소스 ½큰술 | 달걀 흰자 ½개 | 다진 마늘 ½큰술 | 참기름 ½큰술 | 깨소금 약간 | 후춧가루 약간 | 간장 1큰술 | 식초 ½작은술 | 다진 청, 홍고추 약간 | 통깨 약간","Step 1 새우는 꼬리만 남기고 껍질을 벗기고 등부분에 칼집을 넣어 펼친 후 내장을 제거해주세요. 새우 살이 오그라들지 않도록 칼집을 넣고 맛술과 후춧 가루를 뿌려 10분 정도 재워주세요. Step 2 양파와 당근, 홍고추, 청고추는 곱게 다지고, 실파는 송송 썰어주세요. 달걀달걀1개와 달걀노른자 1개에 약간의 소금을 넣고 고루 섞어 달걀물을 만들어주세요. Step 3 다진 돼지고기는 키친타올에 올려 핏물을 뺀 후 볼에 넣고 다진 양파와 당근, 청고추, 홍고추, 실파, 양념 재료를 넣어 치대어 소를 만들어주세요. Step 4 새우는 키친타올에 올려 물기를 제거해주세요. 앞 뒤로 밀가루를 묻힌 후 칼집을 넣은 부분에 소를 평평하게 채워주세요. 밀가루를 묻혀 가볍게 털고 앞 뒤로 달걀물을 묻혀주세요. Step 5 달군 팬에 기름을 두르고 소를 채운 부분이 팬에 먼저 닿게 올려 약한 불에서 은근히 앞뒤로 뒤집어 가며 익혀주세요. Step 6 접시에 새우 동그랑땡을 담고 전간장을 곁들여 맛있게 즐겨주세요.","['고단백', '고지방', '고염']",한식,일반
3AjCPMEXvYqMGVxm3AuWVYad,미니양배추 구이,미니양배추 400g  통마늘 한줌 한줌 10개  올리브오일 3큰술  소금 1작은술  후춧가루 약간,"Step 1 깨끗이 씻은 미니양배추는 끓는 물에 소금 한 꼬집을 넣고 2분 정도 데쳐주세요. 데친 미니양배추는 채반에서 물기를 빼주세요. Step 2 양배추의 꼭지를 얇게 썰고, 크기가 큰 양배추는 반으로 잘라주세요. Step 3 오븐 팬에 데친 미니양배추를 담고 올리브오일과 소금, 후추를 뿌려 주세요. 200도로 예열한 오븐에서 30분간 구워주세요. tip. 오븐마다 성능의 차이가 있으니 굽는 시간은 조절해 주세요 오븐 Step 4 구워진 미니양배추 구이를 그릇에 담아 맛있게 즐겨주세요.","['고지방', '고염']",채식,채식
RPhzfkAMZr3ASnCAPFLGGeDS,나가사키짬뽕,생면 2인분  새우 6마리  오징어 12마리  바지락 약간  홍합 약간  양파 12개  대파 1대  통마늘 2알  알배추 100g  청양고추 3개  청경채 한 줌  숙주 한 줌  청주 2큰술  소금.후추 약간  시판용 사골 육수 500ml  물 500ml  굴소스 2큰술  국간장 1큰술,"Step 1 사골육수 500ml와 물 500ml를 섞은 후 약한 불에 끓여서 뜨거운 육수를 준비해주세요. 다른 냄비에서 끓는 물에 생면을 넣어 삶고 찬물에 헹군 후 체에 받쳐 물기를 빼주세요. Step 2 양파와 통마늘은 슬라이스하고 알배추는 가늘게 썰고, 대파와 청양고추는 어슷 썰어주세요. Step 3 바지락은 소금물에 해감하고 홍합은 수염을 제거해주세요. 원하는 양만큼 넣어주시고 집에 있는 해산물들을 넣으셔도 좋아요. 새우는 껍질과 내장을 제거하시고, 오징어는 안쪽에 칼집을 낸 후 한입 크기로 썰어주세요. Step 4 달군 팬에 식용유를 두르고 마늘과 청양고추를 볶아서 매운 향을 내주세요. Step 5 양파와 대파를 볶다가 손질한 새우, 오징어, 바지락, 홍합을 넣고 청주 2큰술, 소금, 후추 넣고 센불에서 볶아주세요. Step 6 알배추와 청양고추를 넣고 살짝 볶아주다가 뜨거운 육수를 붓고 살짝 끓이다 소스를 넣어 간을 해주세요 Step 7 청경채를 넣고 불을 꺼주세요. Step 8 그릇에 삶은 면과 숙주를 담고 국물을 부어 마무리해주세요.","['고단백', '고염']",일식,일반
vtYQJHb6ujs2jy18LHenUgCy,차슈덮밥,밥 2공기  삼겹살 300g  통깨 약간  물 1컵  청주 1큰술  양파 12개  대파 10cm  마늘 5쪽  생강가루 12큰술  후춧가루 약간  물 12컵 100ml  가쓰오부시 장국 14컵 50ml  맛술 14컵  간장 4큰술  올리고당 2큰술  깻잎 4장  쪽파 4줄기,"Step 1 소스 재료를 잘 섞어 준비해주세요. Step 2 양파와 깻잎은 얇게 채썰고, 쪽파는 송송 썰어주세요. 양파는 얼음물에 담구어 아린맛을 제거해주세요. Step 3 삼겹살은 얇게 저민 후 냄비에 물 1컵, 청주 1큰술, 양파 12개, 대파 10cm, 마늘 5쪽, 생강가루 12큰술, 후춧가루 약간을 넣어 센불에서 10분 정도 끓여주세요. Step 4 삽겹살이 다 익으면 소스 재료를 넣고 소스가 걸쭉해질 때까지 중불에서 중간중간 저어가며 끓여주세요. Step 5 밥위에 삼겹살과 양파,깻잎,쪽파를 얹고 소스와 통깨를 약간 뿌려 완성해주세요.",['고지방'],일식,일반
JhWMkefiYqY3kf5o8BQyoBQh,시금치 파스타,시금치 200g  파스타면 180g  새우 6마리  방울토마토 56개  양파 14개  마늘 5개  파마산 치즈 약간  면수 1컵  레몬 12개  치킨스톡 12조각  소금 약간  후춧가루 약간  올리브오일 약간,"Step 1 끓는 물에 소금 약간과 면을 넣고 8분간 삶아낸 후 면은 채반에 건지고, 면수는 1컵 정도 따로 덜어 주세요. tip. 면은 약간 덜 익히는 것이 좋아요 Step 2 시금치는 밑동을 잘라내고 깨끗이 씻어주세요. 마늘은 편 썰고 양파는 잘게 깍뚝 썰어주세요 Step 3 달군 팬에 올리브오일 3큰술을 두르고 마늘과 양파를 볶다가 방울토마토와 시금치를 넣고 볶아주세요. 시금치 숨이 죽으면 새우를 넣고 볶아주세요. Step 4 새우가 반 정도 익으면 삶아둔 면과 면수, 치킨스톡을 넣고 파마산 치즈와 레몬 제스트, 후추를 뿌려 빠르게 볶아주세요. Step 5 파스타를 접시에 담아 맛있게 즐겨주세요.","['고단백', '고지방', '고염']",양식,일반
dG56umvsvRDoH8kMQaYu2zTJ,배불고기찜,배 1개 | 불고깃감 쇠고기 100g | 도라지 1뿌리(작은 것) | 대추 1개 | 간장 1큰술 | 맛술 1큰술 | 꿀 1/2큰술 | 다진 마늘 1작은술 | 후춧가루 약간,Step 1 배는 깨끗이 씻어 윗부분을 자르고 속을 파주세요. 속을 파낸 배의 12 분량을 챠퍼로 갈아 즙을 내주세요. Step 2 도라지는 얇게 편썰어주세요. 볼에 양념 재료를 섞어주세요. Step 3 핏물을 뺀 쇠고기에 갈아둔 배와 양념 재료를 넣고 재워주세요. tip. 배즙을 넣으면 고기가 더욱 부드러워져요 Step 4 달군 팬에 기름을 약간 두른 후 재워둔 쇠고기를 볶아주세요. Step 5 속을 판 배 속에 볶은 재료를 넣고 도라지와 대추를 넣은 후 뚜껑을 덮고 전자레인지에 10분간 돌려주세요. Step 6 완성된 불고기찜을 맛있게 즐겨주세요.,"['저칼로리', '고지방']",한식,일반
eQjTiB8jDHhCnUacFmHjXjNs,토마토 페스토 파스타,선 드라이 페스토 4큰술  파스타면 링귀니 180g  마늘 5톨  올리브오일 약간  파슬리가루 생략 가능 약간  소금 약간  후춧가루 약간,"Step 1 끓는 물에 소금과 면을 넣고 10분간 삶아낸 후 채반에 덜어 주세요. 면수는 1컵 정도 따로 준비해주세요. Step 2 마늘은 편으로 썰어주세요. Step 3 달군 팬에 기름을 두른 후 마늘을 넣어 노릇하게 볶은 후 선 드라이 페스토와 면수를 넣어 걸쭉한 농도로 섞어주세요. 기호에 따라 페스토 양을 가감해 주세요 Step 4 면을 넣어 섞어주세요. 기호에 따라 소금, 후춧가루로 간을 해주세요. Step 5 완성된 파스타를 접시에 담고 기호에 따라 파마산 치즈 가루, 파슬리, 빵 등을 곁들여 맛있게 즐겨주세요.","['고지방', '고염']",양식,일반
YoUKjjh56eaW9qRhWo66qbXi,고구마줄기볶음,고구마줄기 한줌(150g) | 양파 1/2개 | 마늘 3톨 | 들깨가루 2큰술 | 들기름 2큰술 | 국간장 1큰술 | 물 3큰술 | 소금 약간,"Step 1 깨끗이 씻은 고구마줄기는 껍질을 벗긴 후 끓는 물에 소금을 넣고 약 710분 삶은 후 체에 밭쳐 찬물에 헹궈주세요. 끓는 물에 살짝 데치면 껍질을 더 쉽게 벗길 수 있어요 Step 2 삶아진 고구마줄기를 적당한 길이로 자르고 양파는 채썰고, 마늘은 편을 썰어주세요. Step 3 달군 팬에 들기름을 두른 후 마늘, 양파를 넣어 12분 볶다가 고구마줄기를 넣어 볶아주세요. Step 4 들깨가루, 국간장, 물을 넣은 후 살짝 더 볶아 완성해주세요. Step 5 간은 기호에 맞게 소금을 넣어 맞춘 후 따뜻한 밥과 함께 즐겨주세요.","['고지방', '고염']",한식,일반
v25KBndcuuk4sdjGbfr8PUA2,미소 시루,다시마 2장  가쓰오부시 100g  가쓰오 다시 5컵900ml  정종 1큰술  미림 1큰술  건미역 조금  연두부 조금  팽이버섯 조금  국산 된장 1kg  일본 미소시루용 된장 1kg  정종 2큰술,"Step 1 미소시루 베이스 재료를 모두 섞어 된장 베이스를 만들어 주세요. 이때 다시마는 2cm x 2cm로 잘라 넣어 주세요. Step 2 가쓰오 다시 5컵에 미소시루 베이스 1큰술, 정종, 미림을 넣고 끓으면 바로 끄고 체로 걸러주세요. Step 3 건미역은 불려 적당히 자르고, 팽이버섯은 3등분 해주세요. 두부는 1cm x 1cm로 잘라 주세요. Step 4 완성 그릇에 두부, 미역, 팽이버섯을 넣고 미소시루 국물을 부으면 완성이예요. Tip. 1.된장 베이스는 냉장 보관하며, 시간이 지나 숙성되면 맛이 더 좋아져요. 2. 미소시루에 낫토를 첨가하면 낫토 미소시루가 된답니다. 3. 미소시루에 각종 해산물과 모둠 채소를 넣으면 해산물 나베냄비가 됩니다. 두부 Step 5 가쓰오 다시 재료  물 10컵1800ml, 가쓰오부시 200g, 다시마5cmX5cm 1장 1. 물에 다시마를 넣고 1시간 후 불에 올려주세요. 2. 물이 끓으려고 하면 불을 줄이고 20분간 놔두세요. 3. 다시마를 건지고 가쓰오부시를 넣어주세요. 4. 약한 불에 10분간 끓이고 거품을 제거한 뒤, 불을 끄고 가쓰오부시가 가라않으면 체에 걸러주세요.","['고단백', '저칼로리', '고염']",일식,일반
dz8JtT7LPiBMTGBxxa6KLMMm,간장치킨 타코,"토르티야 2장  닭다리살 300g  양파 개  파프리카 빨노 개씩  소금 약간  후춧가루 약간  큐민 가루 작은술  체다, 모차렐라 슈레드 치즈 컵  올리브유 약간  아보카도 1개  토마토 개  라임즙 2큰술  다진 마늘 1작은술  파슬리 가루 생략 가능 약간  간장 1큰술  맛술 2큰술  굴소스 큰술  스리라차 소스 1큰술  설탕 1작은술","Step 1 아보카도는 껍질을 벗긴 후 과육을 한입 크기로 잘라주세요. 과카몰리 재료의 토마토와 양파는 사방 1cm 크기로 깍뚝썰어주세요. Step 2 볼에 아보카도, 토마토, 양파와 나머지 과카몰리 재료를 넣어 골고루 섞어주세요. Step 3 닭다리살은 소스 재료에 10분 정도 재워주세요. Step 4 양파는 채를 썰고 파프리카도 양파와 비슷한 크기로 잘라주세요. Step 5 달군 팬에 오일을 두른 후 양파, 파프리카를 볶다가 소금, 후춧가루, 큐민가루를 넣어 볶아주세요. Step 6 달군 팬에 오일을 두른 후 중약불에서 닭다리살을 앞뒤로 익힌 후 먹기 좋은 크기로 잘라주세요. Step 7 가위로 토르티야의 중앙까지 자른 후 꼬깔콘 모양처럼 말아주세요. 볶은 야채와 닭다리살, 과카몰리를 넣은 후 치즈를 뿌려 완성해주세요. 기호에 따라 스리라차 소스나 머스타드 소스 등을 곁들여 드셔도 좋아요","['저칼로리', '고지방', '고염']",양식,일반
qkRxd1VwZjafRbhE6Ti4NJJu,수플레오믈렛,달걀 3개  버터 1큰술  설탕 1큰술  소금 약간,"Step 1 달걀은 흰자와 노른자를 따로 분리하여 노른자에 소금을 넣어 섞어주세요. Step 2 흰자에 설탕을 넣어 휘핑기로 4분 정도 휘핑하여 머랭을 만들어주세요. Step 3 흰자 머랭에 노른자를 가볍게 섞어주세요. Step 4 달군 팬에 버터를 두른 후 머랭반죽을 얹어주세요. 뚜껑을 닫은 후 약불에서 5분 정도 익혀주세요. Step 5 반으로 접은 후 옆면을 살짝 익혀주세요. 구운야채나 매쉬드 포테이토, 메이플 시럽 등을 곁들여 드시면 더 맛있게 드실 수 있어요.","['고단백', '저칼로리', '고지방', '고염', '고당']",양식,일반
Wb1HYVWgAWZvZXhogWyYyZAz,소고기 감자 미음,불린 쌀 45g | 소고기 안심 30g | 감자 30g | 물 450ml,"Step 1 소고기는 20분1시간 동안 물에 담가 핏물을 빼요. Step 2 감자는 깨끗이 씻어 껍질을 벗긴 후 5mm 간격으로 썬 다음, 찜기에 넣어 쪄주세요. Tip. 감자 양은 딱 정확하게 맞추려고 할 필요없이, 아이 양만큼 눈대중으로 넣어도 상관없어요. 젓가락으로 찔렀을 때 푹 들어갈 정도로 찌면 되는데 10분 정도라면 다 익어요. Step 3 핏물을 뺀 소고기는 물을 넣은 냄비에 담아 강한 불로 끓여요. 끓기 시작하면 약한 불로 줄여 익을 때까지 끓인 후, 적당한 크기로 손질해주세요. Tip. 기름이나 불순물을 숟가락으로 걷어내면서 끓여요. 고기 삶은 물은 육수로 사용하면 좋으니 잘 두어주세요. Step 4 믹서기에 감자와 불린 쌀, 소고기를 각각 넣고 물을 약간씩 더해 곱게 갈아주세요. Step 5 냄비에 곱게 간 재료와 고기 삶은 물을 모두 부어 강한 불로 끓여요. 저어가며 끓이다가 끓기 시작하면 약한 불로 줄여 농도를 보면서 저어가며 끓여요. Tip. 믹서기에 물을 한번 부어 헹군 후 냄비에 부으면 버리는 재료 없이 알뜰하게 만들 수 있어요. Step 6 아이가 먹기 좋도록 미음을 체에 밭치고, 3회분을 용기에 나눠 냉동실에 보관해주세요.","['고단백', '저칼로리', '고지방']",한식,일반
PYRgAASmr8y6z24jwDH4zq4c,연어 그라브락스 샐러드,연어 그라브락스 1팩 120g  샐러드 채소 두 줌 100g  양파 개  퀴노아 컵  요거트 1컵  마요네즈 1큰술  레몬즙 1작은술  올리고당 큰술  다진 마늘 1작은술  후춧가루 약간,"Step 1 깨끗이 씻은 퀴노아와 물을 넣어 중불에서 1015분 정도 끓여주세요. Step 2 양파는 가늘게 채 썰어 찬물에 담가두고, 샐러드 채소는 깨끗이 씻어 체에 밭쳐 물기를 빼주세요. Tip. 양파는 찬물에 담가 사용하면 매운맛을 제거할 수 있어요 Step 3 볼에 드레싱 재료를 넣어 섞어 드레싱을 만들어주세요. Step 4 접시에 연어 그라브락스와 채 썬 양파, 샐러드 채소, 퀴노아를 담고 드레싱을 곁들여 맛있게 즐겨주세요. 기호에 따라 아보카도, 레디쉬 등을 추가로 넣어 만들어 드셔도 맛있게 드실 수 있어요","['고단백', '저칼로리']",양식,일반
33rhnQYbZBJYPrenSWk6ta68,통감자치즈구이,감자 4개  베이컨 4장  양파 18개  실파 1개  콜비잭치즈또는 체다치즈 1블럭84cm  피자치즈 2큰술  버터 1큰술  사워크림또는 그릭요거트 2큰술  우유 1큰술  소금 약간  후춧가루 약간  올리브오일 1큰술,"Step 1 감자는 껍질째 깨끗이 씻은 후 포크로 구멍을 내고, 오븐팬에 올려 올리브오일과 소금, 후춧가루를 뿌려 180도로 예열한 오븐에 30분 정도 구워주세요. tip. 전자레인지 용기에 담아 랩을 씌워 전자레인지에 익혀도 좋아요. Step 2 익힌 감자의 가운데에 V자 모양으로 칼집을 낸 후 숟가락으로 감자 속을 파내주세요. 파낸 감자는 따로 볼에 담아주세요. Step 3 베이컨은 1cm길이로 자르고, 양파와 콜비잭치즈는 다져주세요. 실파는 송송 썰어주세요. Step 4 달군 팬에 베이컨을 올려 노릇하게 구워주세요. Step 5 볼에 감자, 베이컨, 실파, 양파, 피자치즈, 사워크림, 버터, 우유, 소금, 후춧가루를 넣어 골고루 섞어주세요. Step 6 속을 파낸 감자에 콜비잭치즈를 담고, 섞은 속을 채워 넣어주세요. 윗부분에 콜비잭치즈와 실파를 뿌려 180도로 예열 된 오븐에서 10분간 노릇하게 구워주세요. Step 7 파슬리가루를 뿌려 맛있게 즐겨주세요.","['고지방', '고염']",양식,일반
ddBGyuZyegAtzywcyN4u9Rmt,두릅콩국,두릅 8개  날콩가루 컵  국간장 2큰술  항암육수카테고리 내 레시피 참조 5컵,Step 1 두릅은 밑동을 자르고 밑부분에 붙은 이물질을 제거한 뒤 깨끗하게 세척해 주세요. Step 2 깨끗하게 씻은 두릅에 날콩가루를 넣어주세요. Step 3 두릅에 날콩가루가 잘 묻게 버무려 주세요. Step 4 완성 항암육수 5컵을 붓고 육수가 끓어오르면 콩가루를 묻힌 두릅을 넣고 끓여줍니다. 끓어오르면 국간장 2큰술을 넣고 간을 맞춰주면 완성이예요. Tip. 콩가루를 묻힌 두릅을 끓는 육수에 넣고 젓게 되면 콩가루가 풀어지므로 젓지 않는게 좋답니다.,['고염'],채식,채식
j38MZ9zEwq4gfPQ1ahuaANLt,문어 솥밥,자숙 문어 200g | 쌀 2컵 (300g) | 물 2컵 | 무 100g | 깻잎 3장 | 맛술 1큰술 | 다시마 1조각 | 삶은 달걀 (생략 가능) 2개 | 간장 3큰술 | 다진 마늘 1작은술 | 다진 청양고추 2큰술 | 참기름 1큰술 | 매실청 (올리고당으로 대체 가능) 1큰술 | 통깨 약간 | 후춧가루 약간,"Step 1 쌀을 씻어 30분 정도 불린 후 체에 밭쳐 물기를 빼주세요. tip. 기호에 따라 찹쌀을 섞어 만들어도 좋아요 Step 2 문어는 먹기 좋게 썰어주세요. 무는 잘게 깍뚝 썰어주세요. 깻잎은 채를 썰어 주세요. tip. 문어를 1시간 정도 얼려두면 썰기 편해요 Step 3 냄비에 불린 쌀과 다시마, 문어, 무를 넣고 물을 넣어주세요. 뚜껑을 닫아 중불에서 끓이다가 밥물이 끓어오르면 약불로 줄여 1015분 정도 익혀주세요. Step 4 솥밥의 불을 끄고 5분 정도 뜸을 들여주세요. 달걀노른자를 채에 내려 주세요. 양념 재료를 종지에 넣고 섞어주세요. Step 5 완성된 솥밥에 달걀노른자, 깻잎을 얹고 간장 양념을 곁들여 맛있게 즐겨주세요. 같은 레시피로 전기밥솥에 만드셔도 무관해요.","['고단백', '고염']",한식,일반
6hkTcoEiMgDtGpR8AGYTKaBG,감자버터오븐구이,감자작은 크기 5개  베이컨 3줄  체더치즈 7장  플레인 요거트 3큰술  파슬리가루 약간  버터 2큰술  올리브오일 1큰술  소금 두꼬집  후춧가루 약간,"Step 1 껍질째 깨끗이 씻은 감자는, 양쪽에 나무젓가락을 놓고 일정한 간격으로 얇게 칼집을 넣어주세요. 칼집을 넣은 감자를 찬물에 10분 정도 담가 전분기를 빼고 물기를 제거해주세요. Step 2 체더치즈를 6등분으로 자르고, 베이컨은 잘게 썰어 팬에 바삭하게 구운 후 키친타월에 올려 기름기를 빼주세요. Step 3 버터는 전자레인지에 30초 정도 녹인 후 양념 재료와 섞어주세요. 칼집을 넣은 감자 사이사이에 양념 재료를 골고루 바른 다음, 200도로 예열한 오븐에서 30분 정도 구워주세요. 감자의 크기에 따라 굽는 시간을 가감해주세요 Step 4 구운 감자의 칼집 사이사이에 체더치즈를 넣고 오븐에서 1520분 정도 치즈가 녹을 때까지 구워주세요. Step 5 구운감자에 플레인요거트를 올리고, 베이컨칩과 파슬리가루를 뿌려주세요. Step 6 완성된 감자버터오븐구이를 알맞은 그릇에 담아 즐겨주세요.",['고지방'],양식,일반
g992Fg2NSi3PqLesBcYkZDf3,비건 부대찌개,비건 소시지 150g  템페 50g  채소 만두 46개  베이크드빈 2큰술  팽이버섯 줌  표고버섯 2개  두부 모  대파 대  양파 개  잘게 자른 김치 1컵  라면 사리 1개  채수 생수 또는 다시마 우린 물로 대체 가능 4컵  고춧가루 1큰술  고추장 1큰술  국간장 1큰술  다진 마늘 1큰술  맛술 1큰술  소금 약간  후춧가루 약간,"Step 1 대파는 어슷하게 썰고 양파는 굵게 채를 썰어주세요. 팽이버섯은 먹기 좋게 찢고, 표고버섯은 도톰하게 썰어주세요. Step 2 비건 소시지와 템페, 두부는 먹기 좋게 썰어주세요. Step 3 볼에 양념 재료를 넣고 섞어주세요. Step 4 냄비에 양파, 두부, 만두, 비건소세지, 템페, 베이크드빈, 김치를 넣어주세요. Step 5 양념을 넣고 채수를 부어 5분 정도 끓이다가 라면 사리와 표고, 팽이버섯, 대파를 넣어 한소끔 더 끓여주세요. Step 6 그릇에 담아 맛있게 즐겨주세요.","['고단백', '저칼로리']",채식,채식
yXBxomo7AMw7Y7craXPPEamk,허니포테이토 그라탱,감자 2개  베이컨 3줄  피자치즈 1컵  소금 약간  후추 약간  생크림 112컵  파마산 치즈가루 3큰술  카망베르 치즈 20g  후레쉬 모차렐라치즈 30g  파마산 치즈블럭 30g  꿀 2큰술  파슬리가루 약간,"Step 1 후레쉬 모차렐라치즈는 링으로 얇게 자르고, 베이컨과 카망베르치즈는 먹기 좋게 잘라주세요. Step 2 감자는 한입 크기로 먹기 좋게 썰어 끓는 물에 약간의 소금을 넣고 5분 정도 삶은 후, 체에 받쳐 물기를 제거해주세요. Step 3 팬에 약간의 올리브유를 두른 후 베이컨과 삶은 감자를 넣고, 소금과 후추를 약간씩 넣어 2분 정도 볶아주세요. Step 4 볼에 크림물 재료를 넣어 섞어주세요. 오븐용 그릇에 감자와 베이컨을 담고 크림물을 그릇의 반이 잠길 정도로 붓고, 피자치즈를 올린 후 180도로 예열한 오븐에서 2025분 정도 구워주세요 Step 5 뜨거운 상태의 그라탱에 후레쉬 모차렐라치즈와 카망베르 치즈, 갈은 파마산 치즈블럭, 파슬리가루를 올리고 먹기 직전에 꿀을 뿌려주세요.","['고지방', '고염', '고당']",양식,일반
brPFCbqgHQmrGETAgAQX665A,바지락 미나리 무침,바지락 800g | 홍고추 1개 | 청양고추 1개 | 양파 ¼개 | 미나리 반 줌 (50g) | 대파 ¼대 | 오이 ½개 | 당근 ⅙개 | 배 ¼개 | 통깨 약간 | 물 4컵 | 청주 2큰술 | 참기름 1큰술 | 고춧가루 3큰술 | 고추장 1큰술 | 간장 1큰술 | 맛술 1큰술 | 설탕 1큰술 | 물엿 1큰술 | 식초 1+½큰술 | 다진 마늘 1큰술 | 후춧가루 약간,"Step 1 해감한 바지락은 바락바락 비벼 씻어주세요. 물이 끓어오르면 청주 2큰술을 넣어 데친 후 바지락살과 껍질을 분리해주세요. tip 냄비의 뚜껑을 덮어 바지락의 입이 완전히 벌리면 불을 끄고 5분 정도 두었다가 살만 발라 사용하고 바지락 삶은 물은 육수로 활용하세요. Step 2 볼에 양념 재료를 넣고 골고루 섞어주세요. Step 3 미나리는 4센치 길이로 썰고, 양파는 채를 썰어주세요. 배와 대파도 양파와 비슷한 길이로 채를 썰어주세요. 오이와 당근은 어슷하게 편으로 썰고, 고추는 어슷하게 썰어주세요. Step 4 볼에 손질한 야채와 양념 소스를 넣고 고루 섞은 후 바지락 살을 넣어 섞어주세요. Step 5 마지막에 참기름과 통깨를 넣고 가볍게 버무려 맛있게 즐겨주세요.","['저칼로리', '고지방']",한식,일반
BpJ4SX2QK1TMJ76e3cUM6f6A,미국 피칸 파이,박력분 200g  슈가파우더 40g  아몬드 가루 50g  소금 2g  버터 무염 125g  달걀 노른자 1개  미국 피칸 250g  달걀 노른자 3개  꿀 30g  물엿 50g  녹인 버터 무염 30g  머스코바도 흑설탕으로 대체 가능 100g,"Step 1 미국 피칸을 170 도 오븐에 58분간 구워 주세요. Step 2 박력분, 아몬드 가루, 슈가 파우더를 주걱으로 섞어 주세요. 섞어둔 가루에 잘게 자른 버터와 차가운 계란노른자를 넣고 주걱으로 잘게 자르듯이 섞어주세요. 아몬드 가루 Step 3 고슬고슬한 상태의 반죽을 한 덩이로 뭉친 후 랩을 씌워 냉장고에서 30분 정도 휴지 시켜주세요. Step 4 휴지 시켜둔 반죽을 꺼내 손으로 골고루 주물러 주세요. Step 5 작업대에 강력분을 소량 뿌린 후, 반죽을 놓고 밀대로 밀어 3mm 두께로 만들어 주세요. Step 6 타르트 틀에 반죽을 넣고 가장자리 에 모양을 낸 후, 한번 더 냉장고에서 10분간 휴지 시켜주세요. Step 7 완성된 파이지에 유산지를 깔고 구움돌을 채워 170도에서 10분간 구운 후, 구움돌을 제거하고 다시 8분간 구워주세요. Step 8 냄비에 미국 피칸과 달걀을 제외한 필링 재료를 넣고 약불에서 가볍게 녹여 섞어 주세요. Step 9 식혀둔 필링에 계란 노른자를 섞어 필링을 완성해 주세요. Step 10 미국 피칸을 파이지에 골고루 채운 후, 필링을 부어 170도에서 3040분간 구워 주세요.","['고단백', '고지방']",양식,일반
8FGSBJckzfEm5LDRatpaqcq3,차돌박이야채찜,차돌박이 300g | 쪽파 2대 | 부추 1줌(30g) | 배춧잎 4장 | 숙주나물 한 줌(200g) | 청경채 2개 | 새송이 버섯 2개 | 팽이버섯 ½개 | 단호박 ⅙개 | 당근 ¼ 개 | 간장 3큰술 | 맛술 1큰술 | 올리고당 1큰술 | 매실청 ½큰술 | 레몬즙 ½큰술 | 잘게 썬 청홍고추 | 연겨자 약간 | 소금 약간 | 후춧가루 약간 | 설탕 ½큰술,"Step 1 배춧잎은 먹기 좋은 크기로 썰고, 청경채는 밑동을 제거 후 길이로 반 잘라주세요. 새송이 버섯은 밑동을 제거 후 슬라이스하고, 단호박은 껍질 째 얇게 썰어주세요. 당근은 1cm두께로 자른 후 꽃모양으로 잘라주세요. 쪽파는 송송 썰어주세요. Step 2 부추와 팽이버섯은 5cm 길이로 썰어 야채 양념 재료를 넣어 밑간을 해주세요. 볼에 양념 재료를 모두 섞어주세요. Step 3 차돌박이에 밀가루를 살짝 뿌린 후 밑간한 야채를 넣어 돌돌 말아주세요. tip. 밀가루를 뿌리면 고기가 풀어지지 않아서 좋아요. Step 4 찜기에 숙주를 깔고 차돌박이 말이를 보기 좋게 올린 후 쪽파를 뿌려주세요. 다른 찜기에 손질한 야채를 올려 소금, 후춧가루를 뿌린 후 찜기에 15분 정도 쪄주세요. Step 5 차돌박이 야채찜과 소스를 곁들여 맛있게 즐겨주세요.","['저칼로리', '고염']",한식,일반
tJu3VRaoaiwbSCSLzV6bcQX7,병아리콩 샐러드,불린 병아리콩 1컵 140g  모짜렐라 치즈 1덩이 100g  양파 개  노란색 파프리카 개  빨간색 파프리카 개  오이 개  올리브오일 3큰술  레몬즙 3큰술  설탕 1큰술  후춧가루 약간  다진 파슬리 약간  소금 약간,"Step 1 시간 정도 불린 병아리콩을 냄비에 담고 콩이 넉넉히 잠길 만큼 물을 붓고 15분 정도 삶아주세요. Step 2 삶은 병아리콩은 찬물에 담가 식혀 채반에 받쳐 물기를 빼 주세요. 볼에 드레싱 재료를 넣어 잘 섞어주세요. Step 3 모짜렐라 치즈는 손으로 찢고, 양파는 잘게 다져 찬물에 담가 매운기를 제거해 주세요. 파프리카, 오이는 잘게 썰어 준비해 주세요. Step 4 볼에 삶은 병아리콩과 모짜렐라 치즈, 잘게 썬 채소를 넣고 드레싱을 넣어 잘 섞어주세요. Step 5 그릇에 담아 맛있게 즐겨주세요. 용기에 담아 냉장고에서 반나절 숙성해서 먹어도 좋아요","['저칼로리', '고지방']",다이어트,다이어트
GBCExMrSDuLLyUcZ2Ht1xrF6,스카치에그,달걀 6개  다진 쇠고기 100g  다진 돼지고기 100g  양파 12개  달걀달걀물용 1개  밀가루 12컵  빵가루 1컵  빵가루 5큰술  우유 3큰술  케첩 1큰술  간장 12큰술  다진마늘 1작은술  소금 12작은술  후추 약간  케첩또는 돈가스소스 3큰술,"Step 1 냄비에 달걀과 달걀이 잠길 정도의 물, 약간의 소금, 식초를 넣고 15분 정도 삶아 준 후 달걀을 찬물에 담갔다가 껍질을 제거해주세요. Step 2 양파는 잘게 다진 후 마른 팬에 살짝 볶아 식혀주세요. 볼에 볶은 양파, 쇠고기, 돼지고기, 고기반죽 재료를 넣어 치대주세요. Step 3 고기반죽을 동글 납작하게 펴준 후, 밀가루 묻힌 삶은 달걀을 넣어 동그란 모양으로 감싸주세요. Step 4 에 밀가루달걀물빵가루 순으로 튀김옷을 입혀주세요 Step 5 도로 오른 기름에 노릇하게 튀겨주세요. Step 6 알맞은 그릇에 담아 따뜻할 때 즐겨주세요.","['고단백', '고지방', '고염']",양식,일반
HDFnLqy7wDhCxCc5GsnZg1Mz,초당옥수수솥밥,초당 옥수수 1개 | 쌀 1컵 | 물 1컵 | 다시마 (6*6cm) 1장 | 소금 약간 | 버터 2큰술,"Step 1 쌀은 깨끗이 씻어서 30분 정도 불려주세요. Step 2 옥수수는 껍질을 벗긴 후 깨끗이 씻어 알맹이 부분만 칼로 잘라주세요. Step 3 냄비에 쌀과 옥수수 심지, 옥수수 알맹이, 다시마,소금을 넣고 물을 넣어주세요. tip. 옥수수 심지에서 옥수수 과 단맛이 많이 나오기 때문에 같이 넣고 밥을 짓는 게 좋아요. Step 4 강불에서 끓으면 약불로 줄여 15분 정도 익혀주세요. 불을 끈 후 5분 정도 뜸을 들여 완성해주세요. Step 5 다시마와 옥수수 심지를 뺀 후 골고루 섞어 뜨거울 때 버터를 얹어 맛있게 즐겨주세요. tip. 기호에 따라 장조림과 달걀 후라이 등을 함께 먹어도 맛있게 드실 수 있답니다.","['고단백', '고지방', '고염', '고당']",한식,일반
h2arwpjEVE3fu7cr4A3WLHKE,돌문어덮밥,돌문어 1마리(500g) | 양배추 2장(20g) | 양파 1/2개 | 대파 1/2대 | 청양고추 1개 | 홍고추 1개 | 부추 1/6단(20g) | 다진마늘 1큰술 | 밥 2공기 | 식용유 약간 | 밀가루 2큰술 | 굵은소금 1큰술 | 참기름 1큰술 | 통깨 약간 | 고추장 2큰술 | 고춧가루 2큰술 | 간장 2큰술 | 맛술 2큰술 | 올리고당 1큰술 | 설탕 1/2큰술 | 후춧가루 약간,"Step 1 문어의 머리 부분을 뒤집어 먹통과 내장을 떼어낸 후, 굵은소금과 밀가루를 넣고 문질러 흐르는 물에 씻어주세요. 양념장 재료는 모두 섞어주세요. Step 2 끓는 물에 청주와 소금을 넣고, 손질한 돌문어를 넣어 2분 정도 데친 후 반으로 잘라주세요. Step 3 양배추는 사방 3센치 크기로 썰어두고, 양파는 채썰고. 대파와 청홍고추는 어슷하게 썰어주세요. 부추는 4cm길이로 썰어주세요. Step 4 달군 팬에 오일을 두른 후 다진마늘과 대파를 넣어 볶아주세요. 파의 향이 올라오면 양파를 넣어 볶다가 양념장 재료를 넣어 골고루 섞어주세요. Step 5 데친 문어, 양배추, 청홍고추를 넣어 센 불에서 고루 섞이도록 빠르게 볶아주세요. 마지막에 참기름과 통깨를 뿌려주세요. tip. 너무 오래 볶으면 돌문어가 질겨질 수 있으니, 센 불에서 빠르게 익히는 게 좋아요 Step 6 그릇에 밥을 담고, 돌문어 볶음과 부추를 올려주세요. 먹기 좋은 크기로 자른 후 비벼 드시면 더 맛있답니다","['고지방', '고염']",한식,일반
JUJn9SZwUVRrMpENjoiEP26K,감자 오믈렛,감자 2개  마늘 2톨  양파 개  청피망 개  베이컨 4장  소금 약간  후춧가루 약간  파프리카 파우더 약간  올리브 오일 2큰술  달걀 5개  우유 5큰술,"Step 1 감자는 껍질을 벗겨 0.3cm정도의 두께로 썰어서 찬물에 10분 정도 담가 전분기를 빼주세요. Step 2 마늘은 잘게 다지고, 양파와 청피망은 얇게 채썰어주세요. 베이컨은 1cm간격으로 자르고, 볼에 달걀물 재료를 넣어 섞어주세요. Step 3 달군 팬에 오일을 두른 후 감자가 투명해지도록 익혀주세요. Step 4 다른 달군 팬에 마늘을 볶다가 마늘향이 올라오면 채썬 양파와 피망, 베이컨을 넣고, 소금, 후추, 파프리카 파우더로 간을 맞춰 볶아주세요. Step 5 적당한 크기의 오목한 팬에 구운 감자를 깔고 볶은 야채와 베이컨을 넣어주세요. 달걀물을 붓고 약불에서 뚜껑을 덮고 타지 않도록 10분 정도 익히고, 한번 뒤집어서 5분 정도 더 익혀주세요. tip. 오븐 용기에 넣어 180도에서 10분 정도 익혀줘도 좋아요. 오븐 Step 6 적당한 크기로 잘라 맛있게 즐겨주세요. 취향에 따라 크러쉬드 레드페퍼, 파마산치즈 가루 등을 뿌려 먹어도 좋아요.","['고단백', '저칼로리', '고지방', '고염']",양식,일반
QraCs35KHhHsxB5R7zCW7MYe,나폴리풍 해산물 리소토,"쌀 80g  바질 1장  양파 70g  그라나 파다노 치즈 4티스푼  버터 2티스푼  마늘 6개  방울토마토 5개  오징어 마리  관자 2마리  새우 5마리  홍합 5개  화이트 와인 100ml  바지락 10개  소금, 후추 약간  올리브유 약간","Step 1 쌀은 물에 3시간 정도 불려서 씻어 전분기를 제거해 주세요. Step 2 양파는 곱게 다지고 다진 양파의 반만 팬에 볶은 후 전분기를 제거한 쌀을 함께 넣어 볶아주세요. 물기가 완전히 사라지면 준비된 화이트 와인 반50ml을 넣은 뒤 쌀이 살짝 잠길 정도로 물을 넣고 잘 저어 쌀을 반 정도만 익혀주세요. 다진 Step 3 다른 팬에 마늘과 남아 있는 다진 양파를 넣어 볶고 해산물도 넣어 볶아주세요. 기름이 튈 수 있으니 뚜껑이나 파이 팬을 덮고 와인과 해산물이 잠길 정도로 물을 부어주세요. Step 4 조개가 입을 벌리면 쌀과 토마토, 바질을 넣고 촉촉한 상태가 될 때까지 약불에서 저어줍니다. Step 5 완성 버터와 그라나 파다노 치즈를 넣어 잘 섞고 접시에 담아 맛있게 드세요.",['고지방'],양식,일반
tdz8LKVnL45PCAc4VLwwctre,쇠고기타코,다진쇠고기 150g  양파 12개  파프리카 12개  토마토 1개  토르티야 3장  체더치즈 2장  플레인 요거트또는 사워크림 80g  고수생략 가능 약간  올리브오일 약간  맛술 1큰술  다진마늘 1큰술  소금 한꼬집  후추 약간  시판 토마토 소스 12컵  파슬리가루 약간,"Step 1 다진쇠고기는 키친타월에 올려 핏물을 제거하고, 고기밑간 재료에 10분 정도 재워주세요. 양파, 파프리카는 굵게 다지고 토마토는 사방 1센치 크기로 잘라주세요. Step 2 달군 팬에 올리브유를 두르고 다진양파를 넣어 2분 정도 볶다가 쇠고기, 파프리카 순으로 넣어 고기가 덩어리지지 않도록 풀어가며 볶아주세요. Step 3 고기가 익으면 소스재료를 넣고 3분 정도 졸여 미트소스를 만들어주세요. Step 4 토르티야를 4등분으로 자르고, 컵케이크틀에 자른 토르티야를 넣어주세요. Step 5 토르티야 안에 미트소스 1큰술을 넣고, 채썬 체더치즈를 올려 180도로 예열한 오븐에 넣어 10분 정도 노릇하게 구워주세요. Step 6 구워 낸 타코컵 위에 토마토와 플레인요거트, 고수생략 가능를 올려 완성해주세요.",['고지방'],양식,일반
aexqt33pRtQKsmYjGuBTeRuV,통현미 버섯 비빔밥,"현미밥 2공기 | 느타리버섯 100g | 표고버섯 3~4개 | 깻잎 10장 | 팽이버섯 1팩 | 우민찌 (소고기 갈은 것) 100g | 포도씨유 약간 | 참기름 1큰술 | 맛간장 (조림,볶음용) 2와 ½큰술 | 물 2큰술 | 깨소금 약간","Step 1 실파는 송송 썰어서 준비해 주시고, 느타리버섯은 가늘게 찢어서, 표고버섯과 깻잎은 얇게 채 썰어서 준비해 주세요. Step 2 분량의 재료를 모두 넣고 골고루 섞어서 비빔양 념장을 만들어 주세요. Step 3 팬에 포도씨유를 약간 두르고 우민찌를 넣어 핏기가 없도록 볶아 주세요. Step 4 팬에 포도씨유를 약간 두르고 느타리버섯, 표고 버섯을 먼저 볶다가 팽이버섯을 넣어 같이 살짝 볶아 주세요. Step 5 완성 현미밥에 준비한 재료들을 곁들여 완성해 주세요. Tip. 대부분의 버섯은 손질 시 겉에 묻은 먼지를 털어내거나 마른 행주로 닦아냅니다. 이물이 많이 묻은 경우에는 조리하기 직전에 씻어서 바로 사용하거나 물기를 제거한 후 사용하면 돼요. 버섯은 씻으면 풍미가 떨어지므로 가급적 씻지 않고 사용해주세요. 팽이버섯은 너무 오래 익히지 않는 것이 좋아요.",['저칼로리'],한식,일반
314wwQZR5hXP4RMCEKzJMHfa,땡초김밥,청양고추 10~12개 | 당근 ¼개 | 어묵 2장 | 밥 2공기 | 김밥용 김 2장 | 통깨 약간 | 참기름 1큰술 | 식용유 약간 | 마요네즈 2큰술 | 굴소스 1큰술 | 간장 1큰술 | 다진 마늘 ½큰술 | 올리고당 ½큰술 | 맛술 ½큰술,"Step 1 당근은 잘게 다지고 청양고추는 반으로 길게 자른 후 고추씨를 제거하여 잘게 다져주세요. 어묵도 잘게 다져주세요. 볼에 양념 재료를 넣어 섞어주세요. tip. 블렌더 또는 푸드 프로세서를 이용해 다져도 좋아요 tip. 기호에 따라 다진 소고기, 돼지고기, 다진 양파, 단무지 등을 넣어 만드셔도 맛있게 드실 수 있어요 Step 2 달군 팬에 오일을 두른 후 당근을 볶다가 어묵과 청양고추를 넣어 볶아주세요. Step 3 양념 재료를 넣어 볶은 후 불을 끄고 밥과 참기름, 통깨를 넣어 섞어주세요. Step 4 김발에 김을 깔고 섞어 둔 밥을 고르게 펼친 후 김밥을 단단하게 말아주세요. tip.밥의 끝과 김이 맞닿게 말면 더욱더 예쁘게 만들 수 있어요 Step 5 땡초 김밥을 먹기 좋은 크기로 잘라 마요네즈를 곁들여 맛있게 즐겨주세요.","['고단백', '고지방']",한식,일반
RkRVAFQE4hVap5c26c22BDP5,명란오삼불고기,명란젓 2덩이 | 돼지고기(대패삼겹살) 400g | 오징어 1마리 | 양파 1/2개 | 청고추 1개 | 홍고추 1개 | 대파 1/2대 | 양배추 2잎 | 깻잎 6장 | 참기름 1큰술 | 고추장 3큰술 | 고춧가루 2큰술 | 진간장 2큰술 | 설탕 1큰술 | 올리고당 1큰술 | 굴소스 1큰술 | 맛술 3큰술 | 생강가루 1작은술 | 다진 마늘 1큰술 | 후춧가루 약간,"Step 1 볼에 양념 재료를 섞어 양념장을 만들어주세요. Step 2 대파는 4cm 길이로 자르고, 양파는 굵게 채를 썰어주세요. 양배추와 깻잎은 먹기 좋은 크기로 자르고, 청홍고추는 어슷하게 썰어주세요. Step 3 손질한 오징어는 사선으로 칼집을 넣고 한 입 크기로 잘라주세요. 오징어에 양념장을 넣어 버무려 밑간을 해주세요. tip. 청주를 넣으면 오징어의 비린내 제거에 좋아요 Step 4 달군 팬에 삼겹살을 넣어 물기 없이 바짝 구워주세요. 양념한 오징어와 명란 그리고 깻잎을 제외한 야채를 넣어 볶아주세요. Step 5 불을 끄고 깻잎과 참기름, 통깨를 뿌려 완성해 주세요.","['고단백', '저칼로리', '고지방']",한식,일반
Tg6gURMmYRRrbCQWhrH8eQrY,매콤닭한마리,닭(볶음용 700g) 1마리 | 감자 2개 | 대파 1대 | 떡볶이떡 한줌 | 부추 1/4단 | 양배추 2잎 | 물 10컵 | 양파 1/2개 | 마늘 3쪽 | 생강(마늘 두쪽 사이즈) 1쪽 | 통후추 10알 | 고춧가루 4큰술 | 맛술 3큰술 | 국간장 2큰술 | 다진마늘 1큰술 | 소금 1/2큰술 | 후추 약간 | 물 4큰술 | 맛술 2큰술 | 간장 1큰술 | 식초 1큰술 | 설탕 1/2큰술 | 연겨자(생략가능) 1/4작은술,"Step 1 감자는 2등분하고 대파와 부추는 5센치 길이로 썰어주세요. 양배추는 채를 썰어 찬물에 담갔다가 물기를 제거해주세요. Step 2 각각의 볼에 양념 재료와 소스 재료를 넣고 섞어주세요. Step 3 냄비에 물 10컵과 데친 닭, 육수 재료를 넣고 30분 정도 끓인 후 육수 재료를 건져주세요. Step 4 감자와 양념 재료 3큰술을 넣고 10분 정도 끓여 감자가 익으면 대파, 떡볶이떡을 넣고 35분 정도 더 끓여주세요. tip. 끓이면서 생기는 거품을 걷어내면 더욱 깔끔한 국물을 맛볼 수 있어요 Step 5 부추와 양배추에 소스 재료와 남은 양념장을 넣어 섞어주세요. 닭고기와 곁들여 맛있게 즐겨주세요. 남은 국물에 칼국수를 넣어 드셔도 맛있답니다.",['일반'],한식,일반
izCT1wtsngnHHHnuZV7GveWB,키토 닭가슴살 샐러드,페퍼 닭가슴살 100g  아보카도 1개  달걀 1개  브로콜리 개  방울토마토 5개  아몬드 10개  베이비 잎채소 한 줌  앤초비 2마리  양파 개  마늘 쪽  마요네즈 2큰술  파마산 치즈 가루 2큰술  설탕 1큰술  식초 1큰술  파슬리가루 약간  후춧가루 약간,"Step 1 냄비에 달걀과 달걀이 잠길 만큼의 물을 넣은 후 약간의 소금, 식초를 넣고 반숙으로 10분 정도 삶아주세요. 삶은 달걀은 찬물에 담갔다가 껍질을 벗겨 주세요. 삶은 달걀은 4등분으로 잘라주세요. Step 2 브로콜리는 줄기에서 한 송이씩 떼고, 크기가 큰 것은 반으로 나눠주세요. 소금을 약간 넣어 끓는 물에 20초 정도 살짝 데친 후 채반에 식혀주세요. Step 3 잎채소는 찬물에 담가 깨끗이 씻어 물기를 제거해 주세요. Step 4 아보카도는 반으로 가른 후 씨를 빼고 껍질을 벗겨 한입 크기로 잘라주세요. 방울토마토는 반으로 잘라주세요. Step 5 닭가슴살은 먹기 좋게 썰어주세요. Step 6 드레싱 재료는 다 함께 믹서에 갈아 섞어주세요. tip. 앤초비가 없을 경우 멸치 액젓을 넣어도 좋아요. tip. 멸치액젓은 1작은술 정도가 적당해요. Step 7 도시락에 잎채소와 닭가슴살, 아보카도, 삶은 달걀, 야채, 견과류를 올려주세요. Step 8 샐러드에 시저 드레싱을 곁들여 맛있게 즐겨주세요.","['고단백', '저칼로리', '고염']",다이어트,다이어트
HhVY5Eg49znCme6bmMbrNHcT,비건 반미 샌드위치,바게트 1개  오이 개  당근 개  무 1토막  팽이버섯 2줌 180g  청양고추 1개  홍고추 1개  고수 10g  식초 3큰술  비정제 설탕 1큰술  소금 1작은술  간장 1큰술  맛술 1큰술  스위트 칠리소스 1큰술  후춧가루 약간  비건 마요네즈 2큰술  스리라차 소스 1큰술  올리고당 1작은술,"Step 1 당근과 무, 오이는 필러로 슬라이스해주세요. 그릇에 당근과 무를 각각 담고 식초물 재료를 넣고 버무려 10분 정도 절여주세요. 청고추, 홍고추는 송송 썰어주세요. Step 2 팽이버섯은 밑동을 자르고 2cm 길이로 잘라 주세요. 달군 팬에 기름을 약간 두르고 팽이버섯을 볶다가 양념 재료를 넣어 볶아주세요. Step 3 볼에 스프레드 소스 재료를 넣어 섞어주세요. 바게트에 칼집을 넣어 반으로 펼친 후 스프레드 소스를 발라주세요. Step 4 빵에 오이  팽이버섯  당근, 무절임  청, 홍고추  고수 순으로 얹어주세요. tip. 절인 당근과 무는 물기를 가볍게 짜서 넣어주세요 Step 5 기호에 따라 반으로 잘라 맛있게 즐겨주세요.","['저칼로리', '고지방']",채식,채식
FfMJXpGayqCNf7wEqiR1GgzE,나폴리탄스파게티,스파게티면 150g  비엔나소시지 10개  양파 13개  마늘 3쪽  피망 13개  방울토마토 5개  달걀 2개  올리브유 1작은술  버터 1큰술  파마산치즈블럭 약간  케첩 12컵  맛술 2큰술  설탕 1작은술  소금 한꼬집  후춧가루 약간,"Step 1 비엔나소시지는 어슷하게 자르고, 양파와 피망은 채를 썰어주세요. 마늘은 편으로 썰고 방울토마토는 반으로 잘라주세요. 볼에 소스 재료를 넣고 섞어주세요. Step 2 끓는 물에 약간의 소금과 스파게티면을 넣어 6분 정도 삶아 체에 밭쳐 물기를 빼고, 넓은 접시에 펼친 후 약간의 올리브유를 뿌려주세요. 면 삶은 국물 면수를 14컵은 남겨주세요 Step 3 달군 팬에 달걀을 반숙으로 프라이해주세요. Step 4 팬에 버터를 넣고 마늘편과 양파, 비엔나소시지를 볶다가 양파가 반쯤 익으면 방울토마토를 넣고 약간의 소금과 후추를 넣어 볶아주세요. Step 5 스파게티면과 피망채를 넣어 볶다가 소스 재료를 넣고 골고루 섞이도록 볶아주세요. 면 삶은 면수를 넣어 농도를 맞춰주세요 Step 6 그릇에 나폴리탄 스파게티를 담고 반숙달걀프라이를 올린 후 파마산치즈블럭을 갈아 뿌려주세요.","['고단백', '고지방', '고염']",일식,일반
rZYqS3vM3h7yqrVk2P7R7mCL,해삼전복물회,해삼 2개(150g) | 전복 3마리 | 백골뱅이 6마리 | 멍게 3개 | 배 1/6개 | 오이 1/4개 | 당근 1/4개 | 양파 1/4개 | 깻잎 4장 | 청홍고추 1/2개씩 | 어린잎채소 약간 | 무순 약간 | 얼음 약간 | 청주 2큰술 | 깨소금 약간 | 냉면육수 800ml | 물 100ml | 초고추장 2큰술 | 설탕 1+1/2큰술 | 식초 1/2큰술 | 매실청 1큰술 | 다진마늘 1큰술 | 참기름 1/4작은술,"Step 1 해삼은 앞뒤를 자르고, 몸통을 길게 반으로 잘라 내장을 빼주세요. 내장은 흐르는 물에 씻어 제거한 후 따로 보관해주세요. 내장을 뺀 해삼은 연한 소금물에 흔들어 씻고 먹기 좋은 크기로 잘라주세요. tip. 해삼은 시간이 지나면 딱딱해지기 때문에 먹기 직전에 손질해서 드시는 것이 좋아요. Step 2 손질한 전복과 멍게는 먹기 좋은 크기로 자르고, 백골뱅이는 냄비에 물을 자작하게 넣고, 청주를 넣어 10분 정도 삶아 이쑤시개로 골뱅이 살을 꺼내 적당한 크기로 잘라주세요. Step 3 오이와 당근, 양파는 얇게 채썰어주세요. 깻잎도 적당한 길이로 채썰고, 청홍고추는 송송 썰어주세요. 배는 껍질을 벗긴 후 채썰어주세요. 어린잎채소와 무순은 깨끗이 씻어 체에 밭쳐주세요. Step 4 육수 재료는 모두 섞어주세요. tip. 육수 재료는 섞은 후 냉동실에 넣어 살얼음처럼 만들어 드시면 더욱 시원하게 즐기실 수 있어요 Step 5 그릇에 손질한 해산물과 채소를 담고, 물회 육수를 넣은 후 통깨와 참기름을 뿌려 맛있게 즐겨주세요.","['저칼로리', '고지방', '고염']",한식,일반
PbMQPWUAEEeuDeP7dcKuzsMQ,쌀가루 전병,새우 200g  죽순 40g  표고버섯 2개  불린 샤미 30g  돼지고기 A 지방 20g  치킨파우더 30g  감자전분 10g  참기름 20g  백후추 5g  설탕 3g  간장 30g  물 30g  백후추 2g  설탕 10g  노두유 10g  쪽파 20g  생강 20g  표고버섯 1개  찹쌀가루 30g  감자전분 100g  밀전분 30g  물 200g  기름 100g,"Step 1 새우는 손질하고, 죽순과 표고버섯은 채 썰어주세요. Step 2 순서 1과 소스1 재료를 배합하여 속재료를 만들어 주세요. Step 3 분량의 피 반죽 재료를 모두 넣어 골고루 섞어주세요. Step 4 순서 3의 반죽을 체로 걸러주세요. Step 5 찜기를 가열한 후 은박접시를 깔고 체에 거른 피 반죽을 얇게 펴주세요. Step 6 얇게 핀 피 위에 순서 2를 넣고 5분간 쪄주세요. Step 7 피와 속재료가 쪄지면 피를 돌돌 말아주세요. Step 8 분량의 소스2 재료를 골고루 섞어서 소스를 만들어 주세요. Step 9 팬에 생강, 쪽파, 표고버섯을 넣고 태우기 직전까지 볶아 주세요. Step 10 순서 9에 순서 8을 넣고 끓여주세요. Step 11 순서 10의 소스를 체로 걸러 주세요. Step 12 완성 미리 만들어 둔 쌀가루 전병을 접시에 담고, 전병 위에 소스를 뿌려주면 완성이예요. Tip. 원래 방식은 실크 천을 기름에 30분간 담갔다가 피 반죽을 펴서 쩌내는 것으로 더 얇고 일정한 두께의 피를 얻을 수 있답니다.","['고단백', '저칼로리', '고지방']",중식,일반
2NStnDUcvhE84H68TAwjsSkm,굴 파스타,파스타면 180g  굴 200g  레몬 개  화이트와인 컵  페퍼론치노 4개  마늘 8톨  대파 대  올리브오일 4큰술  소금 약간  후춧가루 약간  파마산 치즈 약간  딜 또는 이탈리안 파슬리 약간,"Step 1 끓는 물에 소금 약간과 면을 넣고 8분 정도 삶아낸 후 채반에 덜어주세요. 면수는 1컵 정도 덜어주세요. Step 2 마늘은 편 썰고 대파는 송송 썰어주세요. Step 3 팬에 올리브오일을 두르고 편썬 마늘과 대파, 페퍼론치노를 넣고 약불에서 볶아주세요. Step 4 굴을 넣고 볶다가 화이트와인을 넣고 강불에서 빠르게 볶아주세요. 면을 넣고 면수를 조금씩 넣고 섞어 농도를 맞춰주세요. Step 5 파마산 치즈를 갈아 넣고 후추를 뿌려주세요. Step 6 접시에 파스타를 담고 딜과 레몬 제스트, 레몬즙을 뿌려 맛있게 즐겨주세요.","['고지방', '고염']",양식,일반
TajamUJ7n8rterc8RD1zWYAy,메밀김밥,메밀 국수 200g  오이 12개  아보카도 1개  크래미 6개  김밥용 김 4장  와사비 약간  쯔유 약간  식용유 약간  쯔유 또는 진간장설탕 2큰술 또는 2큰술12큰술  달걀 3개  소금 약간  맛술 1큰술,"Step 1 깨끗이 씻은 오이는 곱게 채썰어 소금을 약간 뿌리고, 5분정도 절인 후 물기를 짜주세요. 아보카도는 씨앗에 칼날이 닿도록 칼집을 넣어 양쪽을 잡고 서로 반대방향으로 비틀어 자른 후, 씨앗과 과육을 분리해주세요. 껍질을 벗겨 1cm두께로 잘라주세요. Step 2 달걀말이 재료를 모두 섞어 달군 팬에 기름을 살짝 두른 후 두툼하게 부쳐내고 1cm두께로 썰어주세요. 크래미는 반으로 잘라주세요. Step 3 냄비에 물을 넣고 팔팔 끓으면 메밀 국수를 넣고 56분 삶아주세요. 채반에 메밀 국수를 건진 후 찬물에 깨끗하게 헹구고 물기를 빼주세요. 삶은 면에 국수 밑간 재료를 넣어 밑간을 해주세요. Step 4 김발에 김밥용 김을 깔고 메밀면을 23 정도 얇게 깔아주세요. 오이, 아보카도, 크래미, 달걀말이를 올려 돌돌 말아주세요. Step 5 먹기 좋은 크기로 잘라 와사비와 쯔유를 곁들여 즐겨주세요.","['고단백', '저칼로리', '고지방', '고염']",다이어트,다이어트
zRRbM3EtELLUsbkt6Xf83jk2,퀴노아오렌지샐러드,퀴노아 1컵  오렌지 1개  샐러드용 채소 2줌  건크랜베리 1큰술  오렌지즙 1개 분량  꿀 4큰술  올리브오일 4큰술  화이트와인 식초 2큰술  소금 약간,Step 1 냄비에 퀴노아와 물 2컵을 넣고 가열해 보글보글 끓어오르면 약불로 줄여 15분간 더 끓여주세요. 불을 끄고 뚜껑을 덮은 상태로 5분간 두고 속까지 익혀주세요. Step 2 뚜껑을 열었을 때 물기가 남아 있으면 물을 따라 버려주세요. 퀴노아를 저어서 뜨거운 김을 날리고 넓은 볼에 옮긴 후 냉장고에서 차갑게 식혀주세요. Step 3 오렌지껍질을 제거하고 과육만 발라낸 후 잘게 잘라주세요. Step 4 드레싱용 오렌지즙에 나머지 드레싱 재료를 넣고 고루 섞어주세요. 접시에 샐러드용 채소와 오렌지를 담은 후 퀴노아와 건크랜베리를 곁들이고 먹기 전에 드레싱을 뿌려주세요.,['저칼로리'],양식,일반
sSGPDgR7WQWMQ1kiKk3yiG3b,우정욱 채소 듬뿍 궁중떡볶이,"가래떡 2줄 | 양파 1/2개 | 파프리카(노랑, 빨강) 1/2개씩 | 피망 1개 | 생표고버섯 3개 | 잡채용 소고기 100g | 만가닥버섯 1팩 | 생목이버섯 1/2컵 | 다진 잣 약간 | 통깨 약간 | 참기름 약간 | 간장 1큰술 | 설탕 1작은술 | 참기름 1작은술 | 후춧가루 약간 | 간장 2큰술 | 설탕 1큰술 | 미림 2큰술 | 굴소스 1작은술","Step 1 가래떡을 4cm정도의 길이,  크기로 가늘게 썬 다음 찬물에 담갔다가 살짝 데쳐 주세요. tip. 가래떡은 반으로 썬 후 3등분 해서 총 6등분 해주세요. 가래떡을 얇게 썰면 양념이 잘 배서 더 맛있어요 tip. 데친 가래떡은 참기름을 살짝 둘러 달라붙지 않게 준비해 주세요 Step 2 파프리카와 피망, 표고버섯은 채 썰어주세요. 만가닥버섯은 기둥을 썰고 손으로 떼어내 주세요. tip. 파프리카는 겉면이 바닥에 닿도록 두고 썰어야 미끄러지지 않아요 tip. 애호박을 추가해도 좋아요 Step 3 볼에 소고기와 고기 양념재료를 넣어 버무려 주세요. tip. 소고기는 대접살을 추천하고 채끝살 또는 보섭살로 대체해도 좋아요 Step 4 달군 팬에 카놀라유 또는 포도씨유를 넣고 양파를 볶아주세요. 소금을 한 꼬집 넣어 간을 해주세요. 파프리카, 피망을 넣어 볶아주세요. 기름이 부족하면 물을 약간 넣어 볶아주세요. 볶아낸 채소는 따로 덜어 준비해 주세요. tip. 채소를 볶을 때마다 조금씩 소금간을 해주세요 Step 5 팬에 고기를 넣어 볶아주세요. 고기가 450 볶아졌을 때 표고버섯과 만가닥 버섯을 넣어 볶아주세요. 생목이 버섯은 마지막에 넣어 볶아주세요. tip. 모든 채소를 기름에 볶으면 느끼할 수 있어요. 양파는 기름으로 볶고 파프리카는 물을 넣어 볶아주세요 Step 6 달군 팬에 데친 떡과 채소, 고기와 양념재료를 넣어 볶아주세요. 양념이 골고루 잘 배일 수 있도록 졸여주세요. 마지막으로 통깨와 참기름, 잣가루를 뿌려 맛있게 즐겨 주세요.","['고단백', '저칼로리', '고지방', '고염']",한식,일반
g6EHHLR2MCNUfxtZeVCWLdHu,사천식 차돌박이 탕수자육편,차돌박이 100g  양상추 통  숙주 한 줌  배추 2장  죽순 30g  미나리 3줄  대파 1대  쪽파 1뿌리  마늘 5개  생강 약간  산초기름 1큰술  식용유 2큰술  황두장 1큰술  두반장 1큰술  닭 육수 3컵  간장 1작은술  청주 1작은술  고추기름 3큰술  치킨파우더 2큰술  굴소스 1큰술  설탕 1작은술  백후춧가루 약간,"Step 1 배추, 죽순, 미나리는 4cm 길이로 편 썰고, 쪽파는 송송 썰어주세요, 대파와 마늘은 편 썰고 , 생강은 다져준 뒤 양상추는 먹기 좋은 크기로 잘라주세요 Step 2 팬에 식용유를 가열하여 산초기름, 파, 마늘, 생강을 넣고 볶다가 황두장, 두반장을 넣고 함께 볶아 주세요. Step 3 순서 2에 향이 나면 간장, 청주, 죽순을 넣고 볶다가 닭 육수를 넣고 끓이면서 양상추, 숙주, 차돌박이, 미나리, 배추 순서로 데쳐서 그릇에 담아 놓아요. Step 4 순서 3의 데치고 남은 육수에 치킨파우더, 굴소스, 설탕, 백후춧가루를 넣고 다시 간을 하여 그릇에 부어주세요. Step 5 완성 팬에 고추기름을 가열하여 완성된 요리 위에 붓고 쪽파를 올리면 완성이예요. Tip. 재료들을 데칠 때 육수에 간을 강하게 해야 마지막 간을 맞출 때 추가로 간을 할 필요없이 데친 재료에 간이 밴답니다.","['고지방', '고염', '고당']",중식,일반
g6FVYXwBUuehh4FCS9STJpTa,로스트치킨,닭 1마리  감자 2개  당근 1개  방울양배추 5개  샬룻 5개  통마늘 3개  깐마늘 10톨  레몬 1개  로즈마리 4줄기  월계수잎 4개  올리브오일 약간  소금 약간  후춧가루 약간  녹인버터 4큰술  다진 로즈마리 약간  파슬리가루 약간,"Step 1 닭은 꽁지와 날개 끝부분을 자른 후, 배 안쪽의 기름을 제거한 후 깨끗하게 씻어 키친타월로 물기를 닦아주세요. 소금, 후춧가루를 뿌려 냉장고에 넣어 하루 정도 재워주세요. tip. 닭을 우유에 담갔다가 씻어 준비하면 비린내를 제거할 수 있어요 Step 2 볼에 로즈마리 버터재료를 넣어 섞어주세요. Step 3 감자, 당근은 큼직하게 썰고, 방울양배추와 샬롯은 반으로 썰어주세요. 통마늘은 모양대로 반으로 자르고, 레몬은 슬라이스해주세요. Step 4 닭 속에 레몬과 로즈마리, 마늘을 넣어 조리용 실로 닭다리를 묶어주세요. Step 5 달군 팬에 올리브오일을 두르고, 썰어 둔 야채에 소금, 후추를 뿌려 센불에서 살짝 볶아주세요. 재워둔 닭고기도 올리브오일을 두르고 중불에서 앞면과 뒷면을 노릇하게 구워주세요. Step 6 닭에 로즈마리버터를 앞뒤로 바른 후 오븐 팬에 구운 야채와 함께 올려주세요. 로즈마리와 월계수잎을 올린 후 200도로 예열한 오븐에 50분정도 구워주세요. 오븐 Step 7 닭고기를 접시에 담고, 야채와 함께 곁들여 즐겨주세요.","['저칼로리', '고지방', '고염']",양식,일반
KfFaswFeSGwQEvxRsNmhnAbU,초당 옥수수 카레,초당 옥수수 2개  삶은 병아리콩 또는 병아리콩 캔 컵  주키니 개  코코넛 밀크 2컵  물 2컵  양파 개  다진 마늘 1큰술  다진 생강 1큰술  올리브오일 2큰술  소금 약간  후춧가루 약간  큐민가루 1작은술  강황 가루 카레 가루로 대체 가능 1큰술  올리고당 1큰술  땅콩버터 2큰술  고수 약간  오이 개  크러쉬드 레드페퍼 약간  레몬 개,"Step 1 오이와 양파는 얇게 슬라이스 해주세요. 초당 옥수수는 알맹이만 칼로 잘라 주세요. 주키니는 먹기 좋게 썰어주세요. Step 2 달군 팬에 올리브 오일을 두르고 병아리콩을 넣고 소금 후추로 간을 해 바삭하게 볶아주세요. tip. 토핑용 병아리콩을 덜어주세요 Step 3 볶은 병아리콩에 다진 마늘과 생강, 양파, 옥수수를 넣고 볶다가 올리고당, 소금 후추로 간을 해주세요. tip. 병아리콩은 6시간 불린 후 15분20분 정도 삶아주세요 tip. 토핑용 옥수수는 따로 빼두세요 Step 4 강황 가루와 큐민, 코코넛 밀크, 물, 땅콩버터를 넣고 저어가며 끓여주세요. tip. 물을 추가해 농도를 맞춰주세요 tip. 마지막에 소금으로 간을 맞춰주세요 Step 5 완성된 카레를 그릇에 담고 오이, 병아리콩, 옥수수, 레몬즙과 제스트, 크러쉬드 레드페퍼를 뿌려주세요. tip. 취향에 따라 쌀 또는 난과 함께 즐겨주세요","['저칼로리', '고지방', '고염']",채식,채식
SRwk47wYawzVkvQLCNWLwFUb,토마토 닭가슴살 샐러드,닭가슴살 1개  토마토 2개  오이 1개  깻잎 6장  소금 1작은술  통깨 적당량  올리브오일 2큰술  레몬즙 1큰술  설탕 1큰술  소금 약간  후춧가루 약간,"Step 1 끓는 물에 닭가슴살을 넣고 15분간 익혀주세요. Step 2 삶은 닭가슴살은 찬물에 담가 식힌 후 먹기 좋은 크기로 찢어주세요. Step 3 깨끗이 씻은 토마토는 꼭지를 떼고 웨지 모양으로 잘라주세요. 깻잎은 가늘게 채를 썰어주세요. Step 4 오이는 길게 2등분 하고 어슷하게 일정한 두께로 썰어주세요. 소금을 뿌린 후 5분 정도 후에 물기를 꽉 짜주세요. Step 5 볼에 소스 재료를 넣어 섞어주세요. Step 6 큰 볼에 닭가슴살, 토마토, 오이, 깻잎과 소스 재료를 넣어 가볍게 섞어주세요. 통깨를 뿌려 완성해주세요. tip. 기호에 따라 소금과 레몬즙 등으로 간을 맞춰주세요","['고단백', '저칼로리', '고염']",다이어트,다이어트
f5pgg13j8yWz7bD74FEXEVUp,올리브 레몬 광어 구이,"초록 올리브 20개  레몬 개  마늘 2개  채소 스톡 100ml  버터 2티스푼  광어 마리  양파 개  꿀 티스푼  쏘렐 5장  타임 5줄기  발사믹 리덕션 약간  소금, 후추 약간  올리브유 약간","Step 1 올리브는 씨를 제거하고 곱게 갈아주세요. Step 2 팬에 올리브유를 둘러 얇게 썬 마늘을 구워 향을 낸 뒤 , 팬에 레몬즙, 채소 스톡, 꿀, 소금, 후추를 넣고 끓기 시작하면 버터를 1티스푼 넣어 좀 더 끓여 소스를 만들어주세요. Step 3 다른 팬이 달궈지면 생선을 넣어 한쪽 면을 바삭하게 구워주세요. 색이 나타나면 버터와 타임을 넣어 향을 입히는데 이때 양쪽 다 바삭하게 구우면 속까지 너무 익기 때문에 한쪽면만 바삭하게 구워주세요. Step 4 중불에서 천천히 양파를 노릇하게 구워주세요. Step 5 완성 접시에 순서 4의 생선과 미리 만들어놓은 순서 3의 소스를 곁들이고 갈아둔 순서 1의 올리브와 소렐, 발사믹 리덕션을 뿌려 마무리 해주세요.","['저칼로리', '고지방', '고염', '고당']",양식,일반
7gDatKoG5aCpg48oQmN9DTGD,로메인 썸머롤,로메인 1통10장  라이스페이퍼 8장  버미셀리 50g  적양파 12개  볶은 땅콩 30g  고수 약간  스위트 칠리소스 2큰술  피쉬소스 1큰술  설탕 1큰술  다진 마늘 1작은술  레몬즙 1큰술,"Step 1 버미셀리는 찬물에 20분간 담갔다가 끓는 물에 20초 정도 데쳐 준비해주세요. Step 2 깨끗이 씻은 로메인은 물기를 제거하고 얇게 채썰어주세요. Step 3 적양파는 잘게 깍뚝 썰고 땅콩은 다져주세요. tip. 적양파는 찬물에 담가 매운기를 제거하면 더욱 맛있어요 Step 4 라이스페이퍼를 찬물에 적신 후 펼치고 로메인과 버미셀리, 다진 땅콩, 적양파, 고수를 넣고 말아주세요. Step 5 볼에 소스 재료를 넣고 섞어주세요. Step 6 접시에 썸머롤을 담고 소스에 찍어 맛있게 즐겨주세요.",['일반'],채식,채식
NEDwJm4wnGnipvNmfLLM9RFu,고추 듬뿍 닭튀김,닭다리살 4개  마늘 5개  생강 1개  사천고추 20개  마른고추 10개  쪽파흰 부분 5뿌리  산초가루 1작은술  간장 1큰술  청주 1큰술  달걀 1개  감자 전분 3큰술  식용유 1컵  노두유 약간  식용유 5컵1L  고추기름 1큰술  산초기름 1큰술  설탕 1작은술  치킨파우더 1큰술  백후춧가루 1작은술,"Step 1 모든 재료는 씻어서 준비하고 닭다리살은 껍질을 제거해서 준비해 주세요. Step 2 닭다리살은 5cm 길이로 채 썰고, 마늘과 생강은 편 썰며, 마른 고추는 어슷 썰기해서 준비해 주세요. Step 3 볼에 닭다리살과 분량의 마리네이드 재료를 섞어서 기름에 재워 준비합니다. Tip. 부드럽고 잡내 없는 고기 맛을 위해 해물, 육류에 미리 마리네이드를 하면 좋아요. 마리네이드 재료해물, 육류 250g 기준  옥수수 전분 2큰술, 흰자 1개, 소금 12 작은술, 식용유 3큰술, 후춧가루 약간 고기 후춧가루 Step 4 팬에 식용유 5컵1L을 붓고 아지랑이가 피어오르면 순서 3의 닭을 튀겨주세요. Step 5 완성 팬에 고추기름과 산초기름을 두르고 마늘과 생강으로 향을 낸 후 순서 4의 튀긴 닭다리살, 치킨파우더, 설탕, 쪽파, 마른 고추, 백후춧가루를 볶아 마무리하면 완성이예요.","['고지방', '고염', '고당']",중식,일반
E36bT2BG7jaEFnzPFGmrUxmk,아보카도딸기샐러드,아보카도 1개  딸기 1012개  어린잎채소 150g  플레인요거트 1개  마요네즈 2큰술  레몬즙 1큰술  12큰술  꿀 1작은술  소금 약간,Step 1 아보카도는 반으로 갈라서 씨를 제거한 후에 1.52cm의 큐브 모양으로 자르고 딸기는 세로로 34등분 해주세요. Step 2 그릇에 딸기와 아보카도를 올리고 그 위에 어린잎채소를 소복하게 쌓아주세요. 볼에 드레싱 재료를 넣고 고루 섞은 후 샐러드와 함께 내주세요.,['저칼로리'],양식,일반
rMkvn38wb4ojCZHQK51eS4VC,꽃빵,강력분 500g  설탕 40g  이스트 8g  베이킹파우더 5g  소금 2g  우유 50g  물 200g,Step 1 볼에 피 반죽 재료를 넣고 미지근한 물과 우유를 넣어 반죽해 주세요. Step 2 차 숙성된 반죽을 밀대로 밀어 사각으로 넓게 만든 후 기름을 발라주세요. Step 3 반죽의 양쪽 끝을 돌돌 말아주세요. Step 4 cm 길이로 잘라주세요. Step 5 젓가락을 이용해 가운데를 눌러주세요. Step 6 반으로 접어서 다시 눌러주세요. Step 7 완성 모양을 만들고 10분간 2차 숙성을 시킨 후 6분간 쪄셔 완성해요. Tip. 효모를 넣은 온수는 섭씨 30도 정도로 유지하는 것이 좋아요. 뜨겁게 달궈진 물에는 효모가 숙성되지 않아요. 효모를 사용한 후 5분간 그대로 두어 효모의 활성화를 촉진시킨 다음 사용해주세요. Step 8 응용나비빵 반죽을 줄 모양으로 길게 밀어서 양 끝을 돌돌 말아주세요. 2. 가운데서 만날 때까지 말아주세요. 3. 양 끝을 아래로 내려주세요. 4. 젓가락으로 가운데를 집어주세요. 5. 칼을 이용해 나비의 더듬이가 될 가운데를 잘라주세요. 6. 자른 부분을 다듬어주세요. Step 9 응용토끼빵 반죽을 젓가락 모양으로 길게 밀어주세요. 2. 두 개를 붙여서 토끼 모양을 만들어주세요. Step 10 응용장미빵 지름 10cm 정도로 동그랗게 밀어 준비해주세요. 2. 한 장 한 장 겹치게 붙여주세요. 3. 끝에서부터 동그랗게 말아주세요. 4. 반을 잘라 완성해주세요. Step 11 응용조개빵 반죽을 밀대로 밀어서 긴 타원형으로 만들어주세요. 2. 기름을 묻힌 후 가운데를 잡고 눌러주세요. 3. 반을 접어주세요. 4. 조개 모양을 내주세요.,['고지방'],중식,일반
mF4BjZEVDwwEETjEeQ4KpJiF,토마토 크림치즈,크림치즈 200g  썬드라이 토마토 100g,Step 1 썬드라이 토마토는 잘게 다져주세요. Step 2 볼에 크림치즈를 담은 후 주걱으로 부드럽게 풀어주세요. Step 3 크림치즈에 다진 썬드라이 토마토를 넣어 크림치즈와 골고루 섞어주세요. Step 4 베이글이나 크래커 등에 기호에 따라 크림치즈를 발라 맛있게 즐겨주세요. 기호에 따라 토마토 크림치즈바질페스토 등 추가로 어울리는 재료를 넣어 만들어드시면 더욱 맛있게 즐기실 수 있어요,['고지방'],양식,일반
SD5cDfLMKZQefnfcJtWhPVKK,당근전,당근 2개(320g) | 전분 3큰술 | 소금 두 꼬집 | 식용유 약간,Step 1 깨끗이 씻은 당근은 채칼로 채를 썰어주세요. tip. 당근은 최대한 길게 채 썰어주어야 예쁜 모양으로 완성된답니다 Step 2 볼에 당근을 담아 소금을 넣고 잘 섞어준 후 전분가루를 넣어 골고루 섞어주세요. Step 3 달군 팬에 식용유를 두르고 당근을 올려 둥글게 모양을 만들어 주세요. 한쪽 면이 잘 익으면 뒤집어 다른 면도 익혀 주세요. Step 4 노릇하게 익은 당근전을 그릇에 담아 맛있게 즐겨주세요.,['고염'],한식,일반
rYVVjxFkwRd2wAhAoqbJsqWi,꽈리고추멸치볶음,멸치 2컵 | 꽈리고추 두 줌 | 마늘 2쪽 | 홍고추 1개 | 식용유 약간 | 참기름. 통깨 약간씩 | 간장 2큰술 | 올리고당 2큰술 | 맛술 2큰술 | 물 2큰술 | 설탕 1큰술 | 후추 약간,"Step 1 꽈리고추는 꼭지를 떼고 씻은 후 이등분해주세요. 마늘은 편으로 썰고 홍고추는 어슷하게 썰어주세요. Step 2 달군 팬에 멸치를 바삭하게 볶은 후 체에 넣고 흔들어 부스러기를 털어주세요. Step 3 달군 팬에 식용유를 두르고 마늘을 볶아주세요. Step 4 양념 재료와 꽈리고추, 멸치를 넣은 후 센불에서 23분간 더 볶아주세요. 홍고추, 참기름, 통깨를 넣고 고루 섞어 마무리해주세요. Step 5 완성된 요리를 그릇에 담아 마무리해주세요.",['고지방'],한식,일반
KdX4uK3mEURmd3fUpyrW9wPv,감자뇨끼파스타,양파 개  다진 마늘 1큰술  베이컨 45줄 100g  양송이버섯 4개  화이트 와인 또는 청주 컵  파마산치즈 2큰술  올리브유 3큰술  소금 2큰술  후춧가루 약간  파슬리 약간  버터 생략 가능 2큰술  감자 23개 350g  밀가루 중력분 80g  달걀 1개  소금 1작은술,"Step 1 냄비에 씻은 감자와 잠길정도의 물, 소금 1작은술을 넣어 30분 정도 삶아주세요. tip. 감자는 찬물에서부터 같이 넣고 삶아야 속까지 잘 익힐 수 있어요. Step 2 양파와 베이컨은 먹기 좋게 자르고 양송이 버섯은 슬라이스해주세요. 양송이 Step 3 삶은 감자는 껍질을 벗긴 후 포크로 으깨고, 소금 1작은 술을 넣어 간을 맞춰주세요. 으깬 감자에 밀가루를 넣어 섞은 후 달걀을 넣어 반죽을 완성해 주세요. 뇨끼 반죽은 너무 많이 치대면 반죽의 식감이 질겨질 수 있으니 주의해주세요 감자의 반죽이 조금 질다면 밀가루를 적당량 추가해 반죽의 농도를 맞춰주세요 Step 4 반죽을 23등분으로 나눈 후 손으로 길게 밀어 일정한 크기로 잘라주세요. 포크에 뇨끼 반죽을 올린 후 손가락으로 가볍게 밀어내어 뇨끼를 빚어주세요. 포크 자국으로 소스가 배어 맛있게 드실 수 있답니다. Step 5 끓는 물에 올리브오일 1작은술과 소금 약간을 넣은 후 뇨끼 반죽을 넣어주세요. 서로 달라붙지 않도록 저어가며 23분간 삶은 후 건져 주세요. 올리브오일 Step 6 달군 팬에 버터를 두른 후 양파와 마늘을 넣고 볶아주세요. 양송이 버섯과 베이컨, 화이트와인을 넣어 34분 정도 볶다가 뇨끼를 넣고 소금, 후춧가루를 뿌려 5분 정도 볶아주세요. Step 7 완성된 뇨끼 파스타에 파마산 치즈를 갈아 넣고 파슬리를 뿌려 맛있게 즐겨주세요.","['고단백', '저칼로리', '고지방', '고염']",양식,일반
PUqfCWtwr1e656oQrbNXcAK9,단호박팬케이크,단호박 1개  꿀 1큰술  핫케이크믹스 250g  우유 150ml  달걀 1개,"Step 1 단호박을 찜 솥에 익힌 후, 껍질을 제거하고 으깨주세요. Step 2 으깬 단호박에 꿀을 넣어 섞은 후 둥글게 모양을 만들어주세요. Step 3 핫케이크믹스에 우유와 계란 1개를 넣고 거품기로 섞어주세요. Step 4 달군 팬에 식용유를 두르고, 반죽을 한 스푼 떠서 동그랗게 구워주세요. Step 5 반죽이 익어갈 때 쯤, 단호박을 올려주고 뒤집개를 이용해서 반을 접어 눌러주세요. 팬케이크 반죽이 익을 때까지 팬에서 돌려가서 익혀주세요. Step 6 기호에 따라 꿀이나 팬케이크 시럽을 곁들여주세요.","['고단백', '저칼로리', '고당']",양식,일반
QzRZ2rhA2NUUuCXN6hs2raAh,부추전,부추 100g | 당근 1/4개 | 오징어 1마리 | 청양고추 1개 | 홍고추 1개 | 식용유 적당량 | 부침가루 1컵(120g) | 찬물 1컵(200ml) | 달걀 1개 | 소금 한꼬집 | 진간장 1큰술 | 식초 1큰술 | 물 1/2큰술 | 송송 썬 청양고추 1/2개 | 다진 양파 1/2큰술,"Step 1 깨끗이 씻은 부추는 4cm 길이로 썰고, 당근은 얇게 채를 썰어주세요. 청양고추와 홍고추는 얇게 송송 썰어주세요. Step 2 오징어는 내장을 제거한 후 깨끗이 씻어, 다리와 함께 먹기 좋은 크기로 잘라주세요. Step 3 볼에 반죽 양념을 넣고 잘 섞어주세요. 초간장 재료는 모두 섞어주세요. Step 4 반죽 양념에 썰어 둔 당근, 청홍고추, 오징어를 넣어 섞어주세요. 마지막에 부추를 넣어 가볍게 섞어주세요. Step 5 달군 팬에 식용유를 넉넉히 두른 후, 반죽을 한 국자씩 떠서 동그랗게 편 후 앞뒤로 노릇노릇하게 부쳐주세요. tip. 기름이 충분히 달궈졌을 때 반죽을 올려야 바삭하게 구울 수 있어요. Step 6 초간장을 곁들여 따뜻할 때 즐겨주세요.","['고단백', '고지방', '고염']",한식,일반
5BgkejUiaFkY1gmt2vYuhgbg,깐풍 가지 튀김,가지 2개  청양고추 2개  홍고추 2개  전분 가루 컵  소금 약간  식용유 적당량  통깨 약간  튀김가루 컵  전분가루 찹쌀가루로 대체 가능 컵  차가운 물 컵  간장 2큰술  맛술 3큰술  식초 2큰술  굴소스 큰술  설탕 1큰술  다진 마늘 1큰술  고춧가루 1큰술  물 3큰술  후춧가루 약간,Step 1 가지는 꼭지를 자른 후 1cm 간격으로 칼집을 넣어주세요. 전분 가루를 골고루 묻혀주세요. Step 2 청고추와 홍고추는 반으로 갈라 씨를 뺀 후 잘게 다져주세요. 실파는 송송 썰어주세요. Step 3 볼에 튀김반죽 재료를 섞은 후 가지를 넣어 묻혀주세요. 볼에 소스 재료를 넣어 섞어주세요. Step 4 도로 예열된 기름에 넣어 튀긴 후 센 불에서 다시 한번 더 바삭하게 튀겨주세요. Step 5 달군 팬에 약간의 기름을 두르고 청홍고추를 넣어 볶다가 소스 양념 재료를 넣고 끓여주세요. 양념 Step 6 소스가 바글바글 끓으면 튀겨 둔 가지를 넣어 재빠르게 버무려주세요. Step 7 마지막에 참기름과 송송 썬 실파와 통깨를 뿌린 후 접시에 담아 완성해 주세요.,['고지방'],중식,일반
yNMFhQYhmttFECfu8xETZUWD,마늘닭개장,닭다리살 정육 1kg | 대파 2대 | 통마늘 25개 | 생수 2.8L | 통후추 1큰술 | 참치액 2큰술 | 소금 1/2 큰술,"Step 1 대파는 먹기 좋은 크기로 썰고 통마늘 25개 중 18개는 통으로 준비해 주시고 나머지 7개는 으깨주세요. Step 2 냄비에 올리브오일 2큰술을 두른 후, 닭정육 껍질 부분부터 중불로 6분 노릇하게 구워주세요. 뒤집어 중불로 3분 정도 더 익힌 후 가위로 먹기 좋게 잘라주세요. tip. 불의 세기에 따라 익히는 시간은 조금씩 달라질 수 있으니 노릇해지면 뒤집어 주시면 됩니다 Step 3 구운 닭고기와 육수재료를 냄비에 모두 넣고 뚜껑을 열고 중불에서 30분 정도 끓여 완성해 주세요. 그릇에 덜어 맛있게 즐겨주세요.",['고지방'],한식,일반
ytM6YFz4QQWxKYg3FnqjwMED,목이버섯 무침,불린 목이버섯 1컵  샐러리 1대  당근 개  마늘 2개  생강 1개  간장 작은술  치킨파우더 1작은술  설탕 작은술  백후춧가루 약간  참기름 1큰술  소금 약간,"Step 1 목이버섯은 30분 정도 불려서 먹기 좋은 크기로 손질해 주세요. Step 2 셀러리와 당근, 마늘은 편썰고, 생강은 곱게 채 썰어 물에 담가두세요. Step 3 팬에 기름을 두르고 마늘과 생강즙을 볶아 향을 낸 후 목이버섯, 샐러리, 당근을 넣고 볶아주세요. Step 4 완성 분량의 재료로 소스를 만들어 넣고 무쳐주면 완성이예요. Tip. 목이버섯을 불린 후 얼음물에 담가 놓으면 특유의 탄력을 유지할 수 있답니다. 생강즙은 물 3큰술에 채 썬 생강 1개를 넣고 10분간 우려서 사용하세요.","['저칼로리', '고지방']",중식,일반
Q8NVTkaZby4e43HSm1Gfq8Ly,오징어 어묵 덮밥,갓 지은 솥밥 2공기 | 오징어(몸통) 1마리 | 어묵(사각어묵) 200g | 청피망 반 개 | 양파 반 개 | 대파 반 대 | 고추기름 2큰술 | 양조간장 2큰술 | 굴소스 1큰술 | 다진 마늘 1큰술 | 맛술 1큰술 | 참기름 1큰술 | 다시마 냉침 육수 3큰술 | 올리고당 1큰술,"Step 1 어묵과 양파, 청피망은 얇게 채 썰고 대파는 3등분해 길게 채 썰어주세요. Step 2 오징어는 깨끗이 씻어 얇게 썬 다음 끓는 물에 살짝 데쳐내주세요. Step 3 팬에 고추기름 2큰술을 넣고 양파와 청피망을 넣어 볶아주세요. Step 4 어묵과 오징어, 분량의 양념을 넣고 빠르게 볶아낸 후 대파와 올리고당, 참기름을 둘러 마무리해주세요. Step 5 완성 갓 지어낸 솥밥을 접시에 퍼담고 오징어 어묵 볶음을 옆에 예쁘게 담아 완성해주세요.","['고단백', '고지방']",한식,일반
pUHTxTgBTE365zZMZXjF2jNT,카치오페페 스파게티,"스파게티면 100g  양파 30g  마늘 1개  송로오일 2티스푼  치킨스톡채소스톡으로 변경 가능 200ml  이태리 파슬리 5줄기  꽃소금 약간  소금, 후추 약간  그라나 파다노 치즈 약간  올리브유 약간","Step 1 냄비에 꽃소금을 한 줌 넣고 물을 끓인 후 스파게티 면을 5분간 삶아 준비해 주세요. 양파와 마늘은 곱게 다져주세요. Step 2 팬에 올리브유와 송로 오일을 두르고 양파와 마늘을 볶아주세요. Step 3 치킨 스톡과 삶아낸 면, 그라나 파다노 치즈 1티스푼, 소금을 넣고 스톡의 양이 반으로 줄어들 때까 지 계속 볶아주세요. Step 4 완성 송로 오일을 넣고 비빈 후 이태리 파슬리와 그라나 파다노 치즈, 후추를 뿌려 마무리 해주세요.","['고지방', '고염']",양식,일반
DEYhTHeCa7pgHu6Fi6MLRswM,시금치 리조또,시금치 단 100g  쇠고기 불고기용 또는 차돌박이 190g  양파 개  다진 마늘 1작은술  밥 1공기  우유 1컵  생크림 1컵  소금 큰술  후춧가루 약간  버터 1큰술  파마산 치즈 가루 1큰술,"Step 1 양파는 잘게 다지고 시금치는 적당한 길이로 잘라주세요. Step 2 믹서에 시금치와 우유, 생크림, 소금 1작은술, 파마산 치즈 가루를 넣어 곱게 갈아 주세요. Step 3 달군 팬에 버터를 녹인 후 다진 마늘과 양파를 넣어 볶아주세요. Step 4 쇠고기를 넣고 소금, 후춧가루로 간을 하여 볶다가 밥과 시금치 간 것을 넣어 약불에서 2분간 저어가며 끓여주세요. tip. 소고기 절반은 따로 볶아 리조또 위에 플레이팅 해주세요 Step 5 그릇에 시금치 리조또를 담은 후 소고기를 올리고 파마산 치즈 가루, 어린 시금치 잎 등을 얹어 맛있게 즐겨주세요. tip. 모자란 간은 소금으로 해주세요","['고단백', '고지방', '고염']",양식,일반
vmAKFgjVvT1Q1hwPhkSeCNoV,닭고기단호박조림,닭고기 안심 100g  단호박 16개  양파 16개  브로콜리 16개  물 4큰술  견과류 약간  간장 1작은술  고추장 1작은술  맛술 1작은술  꿀 1작은술  다진 파 12작은술  다진 마늘 12작은술  생강즙 12작은술  후춧가루 약간,Step 1 닭 안심은 칼등으로 두드려 편 뒤 먹기 좋은 크기로 썰어주세요. Step 2 단호박은 씨 부분을 파내고 먹기 좋은 크기로 썬 뒤 볼에 담아 물 1작은술을 넣고 랩을 씌워 전자레인지에 1분간 돌려 설익혀주세요. Step 3 양파는 단호박과 같은 크기로 썰어주세요. 브로콜리는 작은 송이로 떼어 큰 것은 반으로 갈라주세요. Step 4 볼에 양념장 재료를 모두 넣어 고루 섞어주세요. Step 5 냄비에 물 4큰술을 두른 뒤 닭고기를 먼저 넣고 뚜껑을 덮어 익혀주세요. Step 6 닭고기 표면이 익으면 브로콜리를 넣고 뚜껑을 덮어 약한 불에서 45분가량 익혀주세요. Step 7 닭고기가 다 익으면 양파를 넣고 뚜껑을 덮어 1분간 익히다가 설익힌 단호박과 STEP4의 양념장을 넣어 고루 섞어 센 불로 조린 뒤 불을 꺼주세요. Step 8 견과류를 뿌려 마무리하세요.,['고단백'],다이어트,다이어트
AdvdMSwHhKDyL3novMzGU43v,병아리콩 샌드위치,빵 4장  치커리 한 줌  오이 개  비건 마요네즈 2큰술  불린 병아리콩 1컵  물 컵  통깨 1큰술  올리브오일 컵  카레 가루 큰술  파프리카 가루 1작은술  소금 작은술  후춧가루 약간,"Step 1 냄비에 물 1L와 불린 소금 1작은술, 불린 병아리콩을 넣어 15분 정도 삶아주세요. tip. 병아리콩은 6시간 정도 불려주세요 Step 2 삶은 병아리콩과 갈아줄 재료를 믹서에 넣고 갈아주세요. 갈린 재료를 볼에 담고 양념 재료를 넣어 버무려주세요. tip. 소금을 가감하여 간을 맞춰주세요 Step 3 오이는 얇게 슬라이스 해주세요.팬에 기름을 약간 두른 후 빵을 앞뒤로 노릇하게 구워주세요. tip. 빵을 굽는 과정은 생략하셔도 괜찮아요 Step 4 빵 한 쪽 면에 비건 마요네즈를 바른 후 양념한 병아리콩  오이  치커리 순으로 올린 후 마요네즈를 바른 빵으로 덮어 주세요. Step 5 기호에 따라 반으로 자른 후 맛있게 즐겨주세요.","['저칼로리', '고지방', '고염']",채식,채식
b5gvy3pyxt5ySWbNocWDph4V,어묵 전골,모듬어묵 500g  곤약 50g  대파 12대  마늘 1톨  무 16개  건고추 1개  연겨자 약간  삶은 달걀 2개  물 6컵  멸치 10개  다시마 1장  국간장 1큰술  맛술 1큰술  소금 12작은술  후추 약간,"Step 1 무와 어묵, 곤약은 먹기 좋은 크기로 잘라주세요. 어묵은 뜨거운 물을 끼얹어 겉의 기름을 제거하고, 곤약은 끓는 물에 살짝 데쳐주세요. 데친 곤약은 가운데 칼집을 내어 꼬아 놓고, 어묵은 먹기 좋게 꼬치에 꽂아주세요. Step 2 마늘은 편으로 썰고, 대파는 반으로 가른 후 4센티 길이로 썰어주세요. Step 3 냄비에 다시마물 4컵과 무를 넣고 1015분 정도 끓여주세요. 무의 두께에 따라 시간을 조절해주세요. Step 4 끓인 국물에 국물 재료와 마늘편, 대파, 건고추를 넣고 3분 정도 끓이다가 어묵과 곤약, 삶은 달걀을 돌려 담고 5분간 더 끓여주세요. 부족한 간은 소금으로 가감해주세요. Step 5 종지에 간장 1큰술과 약간의 연겨자를 넣어 어묵전골과 곁들여주세요.","['고단백', '고염']",일식,일반
hnwDBdMAfSGYgU5Jp1pc18my,사우어크라우트,양배추 통 1kg  당근 약간 생략가능  소금 1큰술  월계수잎작은 크기 2장,Step 1 양배추는 깨끗하게 씻고 가운데 굵은 심지를 제거하고 당근과 함께 채를 썰어주세요. Step 2 채썬 양배추와 당근에 소금을 뿌리고 앞뒤로 뒤집어가며 2시간 정도 절여주세요. Step 3 절인 양배추와 당근은 소독한 밀폐 용기에 공기없이 꾹꾹 눌러담고 월계수잎을 올려주세요.양배추를 절이면서 나온 물도 함께 담고 절인 물에 양배추가 잠기도록 해 주세요. Step 4 서늘한 실온에서 공기를 차단하고 5일 정도 숙성 시킨 후 냉장고에 넣어 보관해주세요.,['고염'],양식,일반
8Ytx8METN4W6pKiwDM14xV5d,두부 브로콜리 덮밥,두부 1모 300g  브로콜리 1개 300400g  식용유 약간  다진 마늘 1큰술  간장 3큰술  설탕 1큰술  올리고당 1큰술  식초 1큰술  후춧가루 약간  생강가루 1작은술  들기름 참기름으로 대체가능 2큰술  아몬드 약간,"Step 1 두부는 직경 2cm 크기로 썰고, 키친타월에 올려 물기를 제거해 주세요. Step 2 브로콜리는 먹기 좋게 잘라주세요. 끓는 물에 소금을 약간 넣고 브로콜리를 1분간 데쳐주세요. Step 3 달군 팬에 기름을 두르고 두부를 넣어 튀기듯 구운 후 접시에 덜어주세요. Step 4 팬에 브로콜리를 넣어 볶다가 양념을 넣고 구워둔 두부를 넣어 섞어주세요. Step 5 현미밥에 완성된 두부 브로콜리 볶음을 얹고 기호에 따라 통깨, 슬라이스 아몬드 등을 뿌려 맛있게 즐겨주세요.","['고단백', '저칼로리', '고지방', '고염']",채식,채식
K4J2neV6EgtwMJ7xmMPhbGQi,원팬 잡채,당면 100g | 표고버섯 3개 | 느타리버섯 1줌(100g) | 당근 ½개 | 양파 1/2개 | 부추 반 줌 | 통깨 약간 | 물 1/3컵 | 식용유 약간 | 소금 약간 | 진간장 2큰술 | 다진 마늘 1작은술 | 참기름 1큰술 | 설탕 1작은술 | 후춧가루 약간,"Step 1 당면은 미지근한 물에 담가 30분 정도 불려주세요. Step 2 당근, 표고, 양파는 채를 썰고, 느타리는 결대로 찢어 주세요. 부추는 5cm 길이로 썰어 주세요. Step 3 볼에 양념 재료를 넣고 섞어주세요. 달군 팬에 기름을 두르고 양파, 당근, 버섯, 소금 약간을 넣고 볶아주세요. Step 4 불린 당면과 물을 넣고 볶다가 양념을 넣어 당면에 양념이 잘 배도록 볶아주세요. Step 5 불을 끄고 부추를 넣어 잘 섞어 주세요. 통깨를 뿌려 맛있게 즐겨주세요.","['저칼로리', '고지방', '고염']",한식,일반
jtWVwqAj36yYmmPzLMEoZ1nM,어향 가지 덮밥,밥 1공기200g  다진 돼지고기 50g  가지 1개  샐러리 대  홍고추 1개  청피망 개  양파 개  대파 대  다진 생강 약간  다진 마늘 약간  감자 전분 1컵  식용유 5컵1L  물전분 1큰술  육수 컵  두반장 1작은술  고추기름 1큰술  치킨파우더 1작은술  설탕 1큰술  식초 1큰술  참기름 1작은술  청주 1작은술  간장 1작은술  소금 약간,"Step 1 가지는 채 썰고 홍고추, 청피망, 양파, 샐러리는 사방 0.5cm 크기로 썰어준 뒤, 다진 생강과 다진 마늘을 준비해 주세요. Step 2 봉지에 가지와 감자 전분을 넣고 흔들어 튀김옷을 입혀주세요. Step 3 가지가 잠길 만큼 식용유를 붓고 아지랑이가 보이면 가지를 넣어 바삭하게 튀깁니다. Step 4 팬에 고추기름을 두르고 준비해둔 고기와 채소를 볶아주고 분량의 재료로 소스를 만들어 넣고 끓여주세요. Step 5 순서 3의 가지를 넣고 볶다가 물전분으로 농도를 맞춰주세요. Step 6 완성 볶은 가지에 참기름을 뿌려주고 준비된 밥 위에 얹어 완성합니다. Tip. 순서 4의 과정에서 식용유 대신 산초기름을 사용해 볶아주면 사천요리의 특징인 얼얼하게 매콤한 맛이 더해진답니다.","['저칼로리', '고지방']",중식,일반
MRb9D35jX7CQH6p74GFxUfhf,감태명란주먹밥,감태 2장 | 명란젓 2덩이 (80g) | 마요네즈 2큰술 | 식용유 약간 | 고슬고슬한 밥 4공기 | 설탕 1작은술 | 참기름 1작은술 | 통깨 약간 | 다진 호두 (생략 가능) 1큰술 | 소금 ¼작은술 | 깨소금 ½작은술 | 참기름 1큰술,Step 1 명란은 칼집을 내어 칼등으로 알만 발라내어 명란 양념을 넣어 섞어주세요. Step 2 볼에 고슬고슬하게 지은 밥과 밥 양념 재료를 넣어 섞어주세요. Step 3 적당한 크기로 모양을 잡아 밥 속에 명란 양념 2큰술을 넣어 삼각형 모양으로 만들어주세요. Step 4 달군 팬에 감태를 앞 뒤로 구워주세요. Step 5 달군 팬에 기름을 살짝 두른 후 삼각 김밥을 노릇하게 구워주세요. Step 6 적당한 크기로 감태를 자른 후 삼각 김밥에 붙여 완성해 주세요.,['고지방'],한식,일반
dDpRfM6pRxh5MAa16WWt89Xh,튀긴 가지 펜네 파스타,"펜네 80g  양파 30g  마늘 1개  바질 1장  베이컨 40g  가지 개  강력분 2티스푼  토마토소스 150ml  채소 스톡 200ml  이태리 파슬리 5줄기  화이트 와인 50ml  엑스트라 버진 1티스푼  리코타 치즈 1티스푼  식용유 500ml  꽃소금 약간  소금, 후추 약간  그라나 파다노 치즈 약간  올리브유 약간","Step 1 냄비에 꽃소금을 한 줌 넣고 물을 끓인 후 펜네를 8분간 삶아주세요. Step 2 양파와 마늘을 곱게 다지고 가지는 2cm 크기로 썰고 베이컨은 1cm 크기로 썰어주세요. Step 3 가지에 강력분을 묻히고 180도 기름에서 바삭하게 튀겨주세요. Step 4 팬에 올리브유를 둘러 양파와 마늘, 베이컨을 볶은 후 화이트 와인을 넣은 뒤 채소 스톡과 토마토소스, 바질, 이태리 파슬리, 삶아낸 면을 넣고 스톡의 양이 반으로 줄어들 때 까지 계속 비벼주세요. Step 5 완성 엑스트라 버진, 튀겨 놓은 가지를 넣어 살짝 비빈 후 접시에 담고 리코타 치즈를 곁들여 내면 완성이예요.","['저칼로리', '고지방', '고염']",양식,일반
jdCwZBVSDSh2HQwjKQ9EqdMv,가지토마토파스타,가지 2개  스파게티면 150g  다진쇠고기 100g  방울토마토 6개  파마산치즈가루 1큰술  올리브유 약간  바질생략가능 약간  시판 토마토소스 2컵  다진마늘 1큰술  다진양파 13개  소금 두꼬집  후춧가루 약간,"Step 1 쇠고기는 카친타월에 올려 핏물을 빼고, 가지는 둥근 모양대로 1cm두께로 썰어주세요. 양파는 잘게 다지고 토마토는 2등분으로 잘라주세요. Step 2 달군 팬에 올리브유를 두른 후 가지를 넣고, 약간의 소금과 후춧가루로 간을 해서 볶아주세요. Step 3 끓는 물에 소금과 올리브유를 약간 넣고, 파스타면을 6분간 삶아 주세요. 삶은 파스타는 찬물에 헹구지 않고 올리브유를 뿌려서 펼쳐 두고, 면 삶은 물은 12컵 정도 남겨주세요. Step 4 새로 달군 팬에 올리브유를 두른 후 다진 마늘과 다진 양파를 볶다가, 쇠고기를 넣고 약간의 소금과 후춧가루를 뿌려 밑간해서 볶아주세요 다진 Step 5 쇠고기가 익으면 토마토소스를 넣고 볶다가 볶은 가지와 방울 토마토, 삶은 파스타면을 넣어주세요. 면수를 넣어 농도를 조절한 후 소금과 후춧가루를 넣어 간을 해주세요. Step 6 접시에 가지파스타를 담고 약간의 올리브오일을 뿌린 후, 파마산치즈가루와 바질을 올려주세요. Step 7 멋스럽게 담은 가지토마토 파스타를 맛있게 즐겨주세요.","['고지방', '고염']",양식,일반
sWMSvF3FvxWLGXooyZUDL1Wx,가정식 두부 볶음,두부 모  삼겹살 100g  죽순 20g  새송이버섯 1개  표고버섯 3개  홍고추 1개  쪽파 3뿌리  마늘 3개  달걀 1개  생강 1개  물전분 1큰술  고추기름 2큰술  마늘기름 1큰술  간장 1작은술  청주 1큰술  굴소스 1작은술  설탕 1작은술  치킨파우더 1큰술  닭 육수 컵  백후춧가루 약간,"Step 1 두부는 삼각형 모양으로 썰고, 삼겹살은 3cm 크기로 썰어주세요. 죽순, 새송이버섯, 표고버섯, 홍고추는 편썰고, 마늘과 생강은 다진 뒤, 쪽파는 4cm 길이로 썰어 준비해 주세요. Step 2 팬에 기름을 두르고 수분을 제거한 두부를 튀겨 황금색으로 변할 때 건진 뒤 체에 받쳐줍니다. Step 3 분량의 재료를 골고루 섞어서 소스를 만들어 주세요. Step 4 팬에 고추기름, 마늘기름을 두르고 파, 마늘, 생강을 넣고 향 낸 후 삼겹살, 채소와 순서 3의 소스를 넣고 조리다가 순서 2를 넣어 더 끓여 주세요. Step 5 완성 맛있게 조려지면 물전분으로 농도를 조절한 후 참기름을 넣고 접시에 담아 완성해 주세요. Tip. 중국 메뉴판에는 가상이라는 단어를 흔히 볼 수 있는데, 이는 중국 가정집에서 즐겨먹는 음식이라는 의미를 가지고 있답니다.","['고단백', '저칼로리', '고지방']",중식,일반
2qn9139vimEpjh8e3QN9PFFA,달걀샌드위치,곡물식빵 4장  달걀 3개  토마토 1개  적양파 또는 양파 14개  양상추 6장  오이피클 3큰술 50g  무순 한 줌  소금 약간  마요네즈 3큰술  머스터드 12큰술  소금 두 꼬집  후추 약간  마요네즈 1 큰술,"Step 1 냄비에 물과 약간의 소금을 넣고 달걀을 15분간 삶아서 바로 찬물에 넣어 식힌 후 껍질을 벗겨주세요. 토마토는 0.7cm 두께로 둥글게 썰고 키친타월로 물기를 제거해주세요. Step 2 적양파는 얇게 채 썰고 양상추는 한 장씩 뜯어서 찬물에 담갔다가 물기를 뺍니다. 피클은 잘게 다져서 준비해주세요. Step 3 달걀흰자는 굵게 다지고, 노른자는 체에 곱게 내려주세요. 볼에 달걀, 피클, 소스 재료를 넣고 잘 섞어주세요. Step 4 스프레드 재료를 섞어 빵 한 쪽에 바른 후 양상추적양파토마토무순 순으로 올려주세요. 빵으로 덮고 가볍게 누른 후 반으로 잘라주세요. 빵 Step 5 완성된 요리를 그릇에 담아 마무리해주세요.","['고단백', '고염']",양식,일반
JzC4jiBFnF8Sor9NeJ9VNKpb,쇠고기덮밥,쇠고기불고기용 200g  양파 12개  느타리버섯 반줌  달걀노른자 2개  초생강생략가능 1큰술  쪽파또는 대파 1줄기  통깨 약간  밥 2공기  물 300ml  다시마 1쪽  가쓰오부시 1줌  간장 3큰술  맛술 1큰술  설탕 1큰술  다진마늘 12큰술  후추 약간,"Step 1 소고기는 먹기 좋게 썰어 키친타월에 올린 후 핏물을 빼고, 양파는 굵게 채썰고, 쪽파는 송송 썰어주세요. 느타리버섯은 밑동을 자른 후 가닥가닥 떼어주세요. Step 2 냄비에 물과 다시마를 넣고 3분간 끓이고 불을 끈 후, 가쓰오부시를 넣고 약 3분 정도 담궈 뒀다가 체에 걸러주세요. Step 3 끓인 다시물과 나머지 양념 재료를 냄비에 넣어 약 3분간 한소끔 끓인 후, 채썬 양파를 넣어 양파가 투명해질 때까지 익혀주세요. 쇠고기와 느타리버섯을 넣어 약 2분간 더 익혀주세요. tip. 소고기는 오래 익히면 질겨지니 살짝만 익히는 게 좋아요 Step 4  스타일링 팁 그릇에 밥을 골고루 담고, 볶은 쇠고기를 올려주세요. 양파와 버섯이 골고루 보이도록 해야 더 먹음직스럽게 보일 수 있어요 가운데 부분에 달걀노른자가 들어갈 수 있는 공간을 만든 후 숟가락으로 조심스럽게 달걀 노른자를 올려주세요. 초생강은 한쪽에 담고, 쪽파와 통깨를 노른자 주변으로 동그랗게 뿌려내 주세요. Step 5 그릇에 밥을 담고 볶은 쇠고기와 달걀노른자, 초생강, 쪽파를 보기 좋게 얹어주세요. 통깨를 뿌려 마무리해주세요.","['고단백', '저칼로리']",일식,일반
5oQ8b8mgAzw7rd92Zt1Rnwko,깻잎 두부전,깻잎 8장  두부 1모  부침가루 3큰술  소금 약간  후춧가루 약간  식용유 적당량  부침가루 6큰술  물 컵  강황가루 두꼬집  간장 1큰술  물 1큰술  식초 작은술,Step 1 두부는 깻잎에 넣을 수 있게 1센치 두께로 8등분해서 자르고 키친타올에 올린 후 소금과 후춧가루를 뿌려 10분 정도 밑간해주세요. Step 2 깻잎은 깨끗이 씻고 물기를 제거해주세요. 볼에 부침 재료를 넣고 섞어 강황물을 만들어주세요. Step 3 깻잎 안쪽에 부침가루를 묻혀 가볍게 털고 두부를 얹은 후 깻잎을 반으로 접어주세요. 깻잎 앞뒤에 부침가루를 묻혀 살짝 털어내고 강황물을 고루 입혀주세요. 볼에 초간장 재료를 섞어주세요. Step 4 달군 팬에 기름을 넉넉히 두르고 깻잎 두부전을 올려 중간불에서 앞뒤로 노릇하게 구워주세요. Step 5 접시에 깻잎 두부전을 담고 초간장을 곁들여 맛있게 즐겨주세요.,"['고단백', '저칼로리', '고지방', '고염']",채식,채식
Sc3n5iS9zcfW1RWHQe53y4mw,원팬 볶음짬뽕,라면 1개  라면 수프 13개 분량  물 112컵  식용유 2큰술  새우 5마리70g  오징어 12마리50g  대파 14개  알배추 3장  부추 약간  양파 14개  당근 15개  마늘 1개  식용유 1큰술,"Step 1 대파는 송송 썰고 마늘은 다져주세요. 배추, 당근, 양파는 채썰어 주세요. 부추는 손가락 길이로 썰어주세요. Step 2 오징어는 칼집을 넣어 먹기 좋게 썰고 새우는 등을 갈라 내장을 빼주세요. tip. 냉동 해물믹스를 사용해도 좋아요 Step 3 팬에 면과 물을 넣고 9단에서 3분 30초간 젓가락으로 풀어가며 익혀 주세요. tip. 면이 끊어지지 않도록 살살 풀어주세요 Step 4 물이 졸아든 팬에 기름과 대파와 마늘을 넣고 9단에서 1분간 볶아주세요. Step 5 손질한 채소를 모두 넣고 7단에서 1분간 볶아주세요. Step 6 손질한 해물과 라면스프를 넣은 후 7단에서 2분 30초간 볶아주세요. Step 7 완성된 볶음짬뽕을 맛있게 즐겨주세요.","['고단백', '저칼로리', '고지방']",중식,일반
A23UXioscLzEF4XCRjY2EfmW,사과브리치즈핑거푸드,사과 개  바게트 개  브리치즈 크림치즈로 대체 가능 1개 125g  버터 1큰술  다진 견과류 약간  꿀 약간  시나몬 파우더 생략 가능 약간  타임 생략 가능 약간,"Step 1 바게트는 1cm 두께로 썰어주세요. Step 2 달군 팬에 버터를 두르고 바게트를 앞뒤로 노릇하게 구워주세요. Step 3 깨끗이 씻은 사과는 껍질째 얇게 슬라이스 하고, 브리 치즈는 0.51cm 두께로 잘라주세요. Step 4 바게트에 브리치즈와 사과를 얹고, 다진 견과류, 꿀을 뿌려주세요. Step 5 시나몬 파우더를 뿌린 후 타임을 얹어 완성해 주세요.","['고지방', '고당']",양식,일반
FTfisrPGbUiBZ9goKbBhtti7,갈릭버터쉬림프 포케,새우 15마리  베이컨 3장  아보카도 1개  적양파 개  어린잎 채소 2줌  대파 대  마늘 6쪽  페퍼론치노 3개  맛술 1큰술  올리브유 1큰술  파슬리 가루 약간  보리귀리밥 2공기  버터 2큰술  피쉬소스또는 액젓 큰술  소금 약간  후춧가루 약간,"Step 1 새우는 맛술을 뿌려 10분 정도 재웠다가 키친타월에 올려 물기를 제거해 주세요. Step 2 적양파는 가늘게 채 썰고 찬물에 담가 매운맛을 제거해주세요. 아보카도는 반으로 갈라 씨를 제거 한 후 껍질을 벗겨 길게 편으로 썰고 어린잎 채소는 깨끗이 씻어 준비해 주세요. 마늘은 편으로 썰고 대파, 페페론치노는 굵게 다져주세요. Step 3 베이컨은 1cm 간격으로 잘라 달군 팬에 넣고 바삭하게 구운 후 키친타월에 올려 기름기를 제거해주세요 Step 4 달군 팬에 올리브유와 버터 1큰술을 넣고 마늘과 대파, 페페론치노를 넣어 볶다가 향이 올라오면 새우를 넣은 후 소금과 후춧가루, 피쉬소스를 넣어 간하고 마지막에 버터 1큰술을 넣어 구워주세요. Step 5 어린잎 채소를 바닥에 깔고 보리귀리밥을 담고 적양파, 새우, 베이컨, 아보카도를 보기 좋게 올려 주세요. Step 6 새우 위에 파슬리 가루를 뿌린 후 맛있게 즐겨주세요.","['고단백', '저칼로리', '고지방', '고염']",다이어트,다이어트
1BPyuRhoNeLAL1gzPhw5XZhy,닭개장,닭 1마리(중간 크기 800g) | 숙주 100g | 불린 고사리 50g | 느타리버섯 50g | 양파 1/2개 | 대파 1/2대 | 무 1/6개 | 고추기름 2큰술 | 소금 약간 | 물 8컵 | 통마늘 4개 | 생강 1톨 | 통후추 10알 | 국간장 3큰술 | 고춧가루 3큰술 | 맛술 2큰술 | 다진 마늘 1큰술 | 다진 파 1큰술 | 후춧가루 약간,"Step 1 닭은 내장, 꽁지, 지방, 날개 끝을 제거한 후 깨끗이 씻어주세요. 손질한 닭은 반으로 잘라주세요. Step 2 냄비에 육수 재료와 손질한 닭을 넣어 센 불에서 10분, 중불에서 15분 정도 끓여주세요. tip. 찬물에서 육수와 닭을 넣어 서서히 끓이면 육수가 잘 우러나 깊은 맛을 낼 수 있어요. Step 3 닭을 건지고 한 김 식힌 후, 체에 밭쳐 건더기를 걸러 육수를 만들어주세요. tip. 체에 면포를 받쳐 걸러내면 더 깔끔한 육수를 만들 수 있어요. Step 4 건져낸 삶은 닭고기는 한 입 크기의 결대로 살을 발라 찢어주세요. Step 5 끓는 물에 소금 약간을 넣은 후 숙주와 고사리를 살짝 데쳐 찬물에 헹궈주세요. tip. 숙주를 데쳐서 넣으면 비린 맛이 나지 않아요. Step 6 대파, 고사리는 6cm 길이로 썰고, 무는 나박하게, 양파는 채 썰어주세요. 느타리버섯은 결대로 먹기 좋게 찢어주세요. Step 7 큰 볼에 양념 재료와 손질한 야채를 넣어 골고루 섞어주세요. Step 8 달군 냄비에 고추기름을 살짝 두른 뒤, 양념한 재료를 3분 정도 볶다가 준비한 육수 6컵과 닭고기를 넣어 25분 정도 중불에서 끓여 완성해주세요. 부족한 간은 국간장이나 소금으로 가감해서 맞춰주면 좋아요.","['저칼로리', '고지방', '고염']",한식,일반
4AFUBfm9G9RSGvMKMgx9BD3c,콩나물잡채,콩나물(찜용) 250g | 건당면 100g | 애호박 100g | 느타리버섯 한줌(100g) | 양파 1/2개 | 당근 1/4개 | 시금치 100g | 소금 약간 | 참기름 약간 | 식용유 약간 | 통깨 약간 | 진간장 4큰술 | 설탕 1큰술 | 올리고당 1큰술 | 다진마늘 1작은술 | 참기름 1작은술 | 후춧가루 약간,"Step 1 건당면은 찬물에 담가 30분 정도 불려주세요. Step 2 애호박, 양파, 당근은 채를 썰고, 느타리버섯은 밑동을 자른 후 가닥가닥 찢어주세요. Step 3 콩나물은 끓는 물에 소금을 약간 넣어 살짝 데치고, 찬물에 한번 헹군 후 체에 밭쳐 물기를 빼주세요. Tip. 살짝 데친 후 볶으면 콩나물 비린내가 나지 않아요. Step 4 시금치는 뿌리를 자르고 깨끗이 씻은 후, 끓는 물에 소금을 약간 넣고, 시금치 뿌리부분을 먼저 넣어가며 데쳐 선명한 녹색이 되면 바로 건져 찬물에 헹구어 물기를 짜주세요. 데친 시금치에 소금 한 꼬집과 참기름을 넣고 밑간을 해주세요. Step 5 끓는 물에 당면을 넣어 3분 정도 삶고, 물에 한 번 헹군 후 체에 밭쳐 물기를 빼주세요. 볼에 양념재료를 모두 섞어주세요. Step 6 달군 팬에 식용유를 살짝 두르고 당근을 볶다가 양파, 느타리 버섯, 애호박 순서대로 넣어 볶아주세요. Step 7 당면과 콩나물, 시금치를 넣어 볶은 후 양념을 넣어 양념이 고루 잘 베이도록 볶아주세요. Tip. 기호에 따라 간장을 가감해서 간을 조절해주세요. Step 8 접시에 콩나물 잡채를 담고 통깨를 뿌려 맛있게 즐겨주세요.","['저칼로리', '고지방', '고염']",한식,일반
EMza33h2pJFTsGoRWwzwJi9g,케일 크림파스타,파스타 면 130g  케일 12장  양파 12개  마늘 3쪽  파마산 치즈 약간  소금 약간  후춧가루 약간  생크림 1컵  치킨스톡 23큐브,"Step 1 끓는 물에 소금 1작은술을 넣고 케일을 30초 정도 데친 후 케일 데친 물 12컵과 케일을 믹서로 갈아주세요. tip. 물을 넉넉히 끓여 면 삶을 때에도 사용하면 좋아요 Step 2 케일 끓인 물에 파스타를 10분 정도 삶아주세요. 삶아진 파스타는 채반에서 물기를 빼주세요. Step 3 양파는 얇게 채 썰어 주세요. 마늘은 편 썰어 주세요. Step 4 달군 팬에 올리브오일을 두르고 마늘과 양파를 넣고 볶다가 생크림과 갈아둔 케일, 치킨스톡을 넣고 중불에서 저어가며 23분간 걸죽한 소스 형태가 될때까지 끓여주세요. tip. 생크림을 팔팔 끓이면 유지방이 분리되는 현상이 생길 수 있으니 중약불에서 뭉근히 끓여주세요 Step 5 삶은 파스타면을 넣고 골고루 섞은 후 접시에 담고 파르메산치즈또는 그라나 파다노 치즈를 뿌리고 후춧가루를 뿌려 맛있게 즐겨주세요. tip. 새우 또는 베이컨을 구워서 곁들여도 잘 어울려요","['고단백', '고지방', '고염']",양식,일반
dSHNS8BTGPdtpB3mnz876cdX,콩샐러드,강낭콩 13컵  기장 13컵  로메인 한 포기  방울토마토 5개  아보카도 12개  줄기콩 10줄  양파 2개  올리브유 3.5티스푼  간장 0.5티스푼  레몬즙 1티스푼  홀그레인머스터드 0.5티스푼  소금 약간  올리고당 0.5티스푼,"Step 1 줄기콩은 끓는 물에 소금을 치고 살짝 데쳐주세요. Step 2 냄비에 기장과 소금, 물을 넉넉히 넣은 후 삶아주세요. 삶은 기장을 채에 밭치고 냉수에 헹궈 물기를 빼주세요. Step 3 데친 줄기콩은 반으로 썰고, 양파와 아보카도는 얇게 슬라이스하세요. 방울토마토는 4등분 해주세요. Step 4 강낭콩은 압력솥에서 콩이 부드러워지도록 삶아주세요. Step 5 소스 재료들을 넣고 거품기로 잘 섞어주세요. Step 6 그릇에 손질된 재료를 예쁘게 담고, 잘 섞은 소스로 버무려 완성해주세요.",['고염'],채식,채식
g992Fg2NSi3PqLesBcYkZDf3,비건 부대찌개,비건 소시지 150g | 템페 50g | 채소 만두 4~6개 | 베이크드빈 2큰술 | 팽이버섯 ½줌 | 표고버섯 2개 | 두부 ½모 | 대파 ¼대 | 양파 ¼개 | 잘게 자른 김치 1컵 | 라면 사리 1개 | 채수 (생수 또는 다시마 우린 물로 대체 가능) 4컵 | 고춧가루 1큰술 | 고추장 1큰술 | 국간장 1큰술 | 다진 마늘 1큰술 | 맛술 1큰술 | 소금 약간 | 후춧가루 약간,"Step 1 대파는 어슷하게 썰고 양파는 굵게 채를 썰어주세요. 팽이버섯은 먹기 좋게 찢고, 표고버섯은 도톰하게 썰어주세요. Step 2 비건 소시지와 템페, 두부는 먹기 좋게 썰어주세요. Step 3 볼에 양념 재료를 넣고 섞어주세요. Step 4 냄비에 양파, 두부, 만두, 비건소세지, 템페, 베이크드빈, 김치를 넣어주세요. Step 5 양념을 넣고 채수를 부어 5분 정도 끓이다가 라면 사리와 표고, 팽이버섯, 대파를 넣어 한소끔 더 끓여주세요. Step 6 그릇에 담아 맛있게 즐겨주세요.","['고단백', '저칼로리']",한식,일반
tC9Rwe7BvbbkQNY4XjJNvjid,명란파스타,스파게티면 150g  명란젓 2덩이80g  양파 13개  마늘 5쪽  마른고추 1개  실파 3대  올리브오일 2큰술  조미김 12장  소금 약간  맛술 3큰술  후춧가루 약간,"Step 1 끓은 물에 약간의 소금 한 꼬집과 약간의 올리브유를 넣고 면을 넣어 56분 정도 삶은 후 체에 밭쳐주세요. 면 삶은 물 14컵은 따로 준비해주세요 Step 2 명란젓은 껍질 가운데에 칼집을 내어 알만 따로 발라내주세요. Step 3 마늘은 편으로 썰고 실파는 송송 썰어주세요. 양파는 채를 썰고 마른고추는 잘게 다져주세요. Step 4 팬에 올리브오일을 두르고 마늘과 양파, 마른고추를 넣고 볶아주세요. Step 5 양파가 익으면 삶은 스파게티면을 넣고 볶다가, 명란알 3큰술과 소스양념 재료를 넣어 면과 명란알이 잘 어우러지게 볶아주세요. 면 삶은 물을 가감해서 파스타 농도를 조절해주세요. 기호에 따라 소금을 가감해 간을 맞춰주세요 파스타 Step 6 접시에 명란파스타를 담고, 약간의 올리브오일과 후춧가루를 뿌린 후 실파와 채 썬 김을 올려주세요. 기호에 따라 파마산치즈가루 뿌려 주셔도 맛있답니다","['고지방', '고염']",양식,일반
5W1fWqh5VMtB6ajEEK76e6wK,양배추 샐러드,양배추 통 700g  당근 개  케일 또는 잎채소 생략 가능 56장  올리브오일 3큰술  식초 2큰술  아가베시럽 올리고당으로 대체 가능 2큰술  소금 약간  후춧가루 약간  디종머스타드 생략 가능 큰술,"Step 1 깨끗이 씻은 양배추는 두꺼운 심지 부분을 자르고 채를 썰어주세요. 당근, 잎채소도 비슷한 길이로 채를 썰어 주세요. Step 2 볼에 드레싱 재료를 넣어 골고루 섞어 주세요. Step 3 넓은 볼에 채를 썬 채소와 드레싱을 넣고 골고루 섞어 주세요. Step 4 접시에 담아 맛있게 즐겨주세요.",['저칼로리'],채식,채식
YqShznyV6QJGPubyy397NzQE,김 두부 덮밥,부침 두부 1모 | 도시락 김 1봉 | 전분 가루 (밀가루로 대체 가능) 1큰술 | 밥 1공기 | 깨 약간 | 식용유 약간 | 간장 2큰술 | 맛술 1큰술 | 물 2큰술 | 생강가루 ½작은술 | 설탕 ½큰술 | 참기름 ½큰술,Step 1 볼에 소스 재료를 넣어 섞어주세요. Step 2 두부는 키친타월로 물기를 제거해주세요. 1cm 두께로 잘라주세요. 대략 6등분 해주시면 돼요. Step 3 두부를 김으로 감싼 후 전분 가루를 앞뒤로 살짝 묻혀주세요. Tip. 열을 가하면 김의 크기가 줄어들기 때문에 김은 너무 작게 붙이지 않는 것이 좋아요. Step 4 달군 팬에 오일을 두른 후 두부를 올려 약한 불에서 노릇하게 구워주세요. Step 5 섞어 둔 양념을 넣어 빠르게 조린 후 불을 꺼주세요. 양념이 금방 줄어들 수 있어서 빠르게 뒤집어주는 게 중요해요. Step 6 그릇에 밥을 담은 후 남은 양념을 밥에 끼얹어주세요. 두부를 가지런히 올린 후 통깨를 뿌려 완성해 주세요. 기호에 따라 쪽파 등을 뿌려 드셔도 좋답니다.,"['고단백', '저칼로리', '고지방']",한식,일반
Dd1vNPQNjMdhUUCqQ269QRxD,차돌박이떡볶이,차돌박이 200g | 떡볶이 떡 2컵(300g) | 어묵 3장 | 대파 1대 | 양배추 2장 | 깻잎 4장 | 삶은 달걀 2개 | 통깨 약간 | 맛술 2큰술 | 후춧가루 약간 | 참기름 1작은술 | 다시마 육수 4컵 | 고추장 3큰술 | 고춧가루 1큰술 | 진간장 1큰술 | 다진 마늘 1큰술 | 설탕 2큰술 | 올리고당 2큰술 | 카레가루 1/2작은술,"Step 1 볼에 차돌박이와 밑간 재료를 넣어 버무려 주세요. tip. 차돌박이에 밑간을 하면 잡내를 잡아줘서 좋아요. Step 2 떡볶이 떡은 찬물에 10분정도 담가두고, 어묵은 삼각형의 먹기 좋은 크기로, 대파는 어슷하게 썰어주세요. 양배추는 한입크기로 썰고, 깻잎은 돌돌 말아서 채 썰어 주세요. Step 3 달군 팬에 밑간 한 차돌박이를 노릇하게 구워주세요. Step 4 냄비에 국물재료를 넣고 센 불에 올려 끓어오르면 떡볶이 떡을 넣고 3분 정도 끓여줍니다. Step 5 떡볶이 떡이 익으면 어묵과 양배추를 넣어 23분정도 끓인 후 삶은 달걀, 파를 넣어주세요. 구워 둔 차돌박이를 얹은 후 한 번 끓어오르면 국물의 농도를 맞춘 후 깻잎채를 얹고 불을 꺼주세요. Step 6 그릇에 담고 통깨를 뿌려 맛있게 즐겨주세요.",['고단백'],한식,일반
C6ksqp7tk6wyXpfSkxqWtyBR,포도피자,포도 1컵  토르티야 1장  피자치즈 1컵  꿀또는 메이플시럽  2큰술  루꼴라또는 샐러드잎채소 한줌  파마산치즈블럭 약간,"Step 1 포도는 약간의 식초를 넣은 물에 3분 정도 담군 후 흐르는 물에 깨끗이 씻어 먹기 좋은 크기로 잘라 씨를 빼주세요. 루꼴라는 깨끗이 씻어 물기를 제거해주세요. 포도의 껍질을 벗겨 토핑에 섞어 올려주셔도 좋답니다. Step 2 토르티야에 꿀 1큰술을 넓게 바르고, 피자치즈와 포도를 골고루 올려주세요. Step 3 도로 예열한 오븐에서 치즈가 녹을때까지 910분 정도 구워주세요. 팬을 이용하실 때는 뚜껑을 닫고 약한 불에서 68분간 치즈가 녹을때까지 익혀주세요. Step 4 토르티야에 루꼴라를 올리고, 파마산치즈를 갈아 뿌린 후 꿀을 뿌려 완성해주세요.","['고지방', '고당']",양식,일반
uELVDiXcKgc5vcsR6a8LJpnf,두부파채샐러드,두부 1모  대파 1대  무순 한 줌  검은깨 약간  식용유 약간  소금.후추 약간씩  간장 2큰술  설탕 1큰술  매실청 1큰술  다진 마늘 12큰술  참기름 1작은술  후추 약간,Step 1 두부를 막대 모양으로 길게 썰고 소금과 후추로 밑간을 합니다. 키친타월로 두부의 물기를 제거해주세요. Step 2 대파는 흰 부분만 곱게 채 썰어 찬물에 담갔다가 여러 번헹군 후 체에 밭쳐 물기를 제거합니다. Step 3 달군 팬에 식용유를 두르고 두부를 돌려가며 노릇하게 구워주세요. Step 4 드레싱 재료를 잘 섞어서 준비합니다. 그릇에 두부를 담고 파채와 무순을 얹은 후 드레싱과 검은깨를 뿌려주세요.,"['고단백', '저칼로리', '고염']",양식,일반
1kscYETd4sejTetcCcrK6ok2,쇠고기유부초밥,초밥용 유부 20장  다진 쇠고기 100g  밥 2공기  양파 13개  당근 14개  실파 1대  메추리알 20개  소금.후추 약간씩  간장 1큰술  다진 마늘 1작은술  설탕 12큰술  참기름.통깨 약간씩,"Step 1 양파, 당근은 잘게 다지고 실파는 송송 썰어서 준비해주세요. 달군 팬에 기름을 약간 두르고 다진 양파와 당근을 볶다가 소금, 후추로 간을 하고 한 김 식혀주세요. Step 2 다진 쇠고기는 양념 재료에 버무린 후 팬에 볶고 메추리알은 기름을 살짝 두른 팬에 프라이해주세요. Step 3 큰 볼에 밥과 볶은 채소, 쇠고기, 시판용 초밥양념밥 2공기 기준양을 넣어서 고루 섞은 후 유부에 채워 넣으세요. Step 4 유부초밥 위에 메추리알과 실파를 얹어주세요.",['고염'],일식,일반
GFYkFcpqvZT9e6CuHKCdPbXk,에어프라이어 두부 버섯 샐러드,두부 1모  느타리 버섯 한 줌  만가닥 버섯 한 줌  어린잎 채소 한 줌  양파 개  올리브오일 2큰술  소금 1작은술  후춧가루 약간  샐러드 채소  간장 2큰술  다진마늘 큰술  식초 1큰술  설탕 1큰술  참기름 큰술,"Step 1 양파는 채 썰고, 느타리 버섯과 만가닥 버섯은 밑동을 자르고 먹기 좋게 찢어주세요. 채소는 흐르는 물에 씻은 후 물기를 제거해 주세요. Step 2 두부는 키친타월로 물기를 제거한 후 격자무늬로 칼집을 넣고 소금을 뿌려주세요. tip. 두부의 물기를 최대한 제거하는 것이 중요해요. 체에 밭쳐 충분히 물기를 제거한 후 면포로 꾹 눌러주세요. 두부는 익으면서 점점 벌어지기 때문에 반 정도의 깊이로 칼집을 넣어주세요 Step 3 볼에 드레싱 재료를 잘 섞어 주세요. Step 4 종이호일 위에 두부와 버섯, 양파를 올려 소금, 후춧가루, 올리브오일을 뿌려주세요. 에어프라이어에서 200도로 10분간 굽다가 채소를 먼저 꺼내 따로 식히고 두부는 200도에서 10분간 더 구워주세요. tip. 에어프라이어마다 성능에 차이가 있을 수 있으니 시간을 잘 체크해 주세요 Step 5 접시에 잎채소를 담고, 구워진 두부와 버섯을 담아 드레싱 소스를 뿌려 맛있게 즐겨주세요.","['고단백', '저칼로리', '고지방', '고염']",채식,채식
FuSjjrMJWcJtdU1y23LG8MuA,비프 부르기뇽,쇠고기 사태 500g  두꺼운 베이컨 2줄  당근 1개  셀러리 2대  양송이버섯 6개  통마늘 4톨  양파 1개  파슬리 약간  올리브오일 약간  버터 1큰술  레드 와인 2컵  치킨스톡 고형  물 조각  물 250mL  토마토 페이스트 3큰술  소금 약간  후춧가루 약간  월계수 잎 생략 가능 2장,"Step 1 쇠고기는 키친타월로 핏기를 닦은 후 사방 67cm 크기 정도로 큼지막하게 자르고 소금, 후춧가루를 뿌려 밑간해 주세요. Step 2 마늘은 편 썰고, 당근과 셀러리, 양파는 큼지막하게 잘라주세요. 양송이버섯은 슬라이스하고 베이컨은 2cm 길이로 잘라주세요. Step 3 달군 팬에 베이컨을 넣어 볶은 후 접시에 덜어주세요. 베이컨을 볶은 기름에 쇠고기를 넣어 센 불에서 쇠고기의 겉면만 살짝 익힌 후 접시에 덜어주세요. 겉면만 센 불에서 빠르게 익히면 오래 끓여도 쇠고기 속에 육즙이 유지가 돼요 Step 4 고기를 볶은 팬에 양파, 당근, 셀러리, 양송이, 마늘을 넣고 볶다가 베이컨, 버터를 넣어 볶아주세요. 양송이 Step 5 센 불에서 고기와 토마토소스, 레드 와인, 치킨스톡, 월계수 잎을 넣어 끓여주세요. 단맛이 나는 디저트 와인은 피해 주세요 Step 6 뚜껑을 덮어 중약불로 1시간 정도 푹 끓여주세요. 파슬리가루를 뿌려 완성해주세요. 중간중간 타지않도록 저어주세요 Step 7 그릇에 담아 맛있게 즐겨주세요.","['저칼로리', '고지방', '고염', '고당']",양식,일반
P7rQDkUEDK4hJKpJVCaYMVd7,치킨버거,닭안심 45조각150g  햄버거 번 2세트  토마토 슬라이스 1개 분량  식용유 2컵  소금 2작은술  후춧가루 약간  파프리카 가루 12작은술  밀가루 100g  파프리카 가루 2작은술  소금 12작은술  달걀 1개  우유 4큰술  할라피뇨 3큰술  마요네즈 2큰술  다진 양파 2큰술  소금 약간  흑설탕 1큰술  버터 1큰술,"Step 1 닭안심은 밑간 재료에 30분간 재워주세요. Step 2 가루반죽과 물반죽 재료를 각각 섞어 주세요. 밑간한 닭고기를 가루반죽물반죽가루반죽물반죽가루반죽 순으로 튀김옷을 입혀주세요. Step 3 웍팬에 식용유를 넣고 9단에서 3분간 가열해주세요. Step 4 가열된 기름에 닭안심을 넣어 7단에서 3분간 튀겨주세요. Step 5 단으로 내려 2분간 튀겨주세요. Step 6 버터와 흑설탕을 섞은 후 햄버거 번에 발라주세요. Step 7 법랑 접시에 석쇠를 놓고 3단에 넣은 후 광파오븐 수동요리 구이에서 4분간 구워주세요. Step 8 볼에 코울슬로 재료를 넣고 섞어주세요. 구운 버거번에 튀긴 치킨과 코울슬로, 토마토 슬라이스를 넣어 맛있게 즐겨주세요.","['고단백', '고지방', '고당']",양식,일반
rD9MEMS3R8k4K9tL2eYeFQcm,유부 잔치국수,소면 200g  유부 4장  당근 개  미나리 반 줌  양파 개  청양고추 1개  홍고추 1개  채수 6컵  소금 약간  식용유 약간  국간장 1큰술  소금 작은술  후추 약간  간장 3큰술  맛술 1큰술  다진 마늘 큰술  고춧가루 작은술  후춧가루 약간,"Step 1 채수에 국물 양념 재료와 유부를 넣고 한소끔 끓여 주세요. 채수를 내고 남은 표고버섯은 채를 썰어 고명에 사용해도 좋아요 채수는 국물의 깊은 맛을 내줘요. 채수가 없다면 다시마와 표고를 끓인 물로 대체해 보세요 Step 2 깨끗이 씻은 미나리는 끓는 물에 3분간 데친 후 찬물에 헹궈 물기를 짜주세요. Step 3 청,홍고추와 양파는 송송썰고 당근은 채를 썰어주세요. 데친 미나리는 4cm 길이로 썰어주세요. Step 4 달군 팬에 기름을 두르고 채를 썬 당근에 소금 약간 넣어 볶아주세요. Step 5 끓는 물에 소면을 펼쳐 넣고 물이 끓어오르면 23번 찬물을 넣어 국수를 삶고 찬물에 헹궈 사리를 지어주세요. Step 6 송송 썬 고추와 양파에 양념 간장 재료를 섞어 양념장을 만들어주세요. Step 7 국수 사리를 그릇에 담고 미나리와 당근, 양념장을 올리고 국물을 부어주세요 기호에 따라 김가루나 송송 썬 김치를 올려 먹어도 좋아요","['저칼로리', '고지방', '고염']",채식,채식
CCgH3gjQgdrsWnnYK98dNiZg,두부피무침,건두부피 2장  홍피망 개  오이 개  양파 개  마늘 2개  고추기름 1큰술  산초기름 1큰술  참기름 1작은술  치킨파우더 1큰술  설탕 작은술  간장 작은술  고춧가루 작은술  연두 청양초 1큰술  백후춧가루 약간,"Step 1 건두부피는 1cm 너비로 채 썰고, 당근, 오이, 홍피망, 양파는 5cm 길이로 채 썬 뒤, 마늘은 다져서 준비해 주세요. Step 2 그릇에 순서 1의 재료를 모두 담아 주세요. Step 3 완성 순서 2에 고추기름과 분량의 재료로 소스를 만들어 넣고 잘 무쳐서 그릇에 담아 완성해 주세요. Tip. 건두부피는 일반 두부보다 쫄깃하고 탄력이 있어 무침, 볶음, 탕 요리에 좋답니다.","['고단백', '저칼로리', '고지방']",중식,일반
GLiBgcjHUXEoxB3dGHPgQfCz,대파수프,대파흰 부분 4대300g  감자 1개150g  캐슈넛 80g  채수 700ml312컵  올리브오일 5큰술  소금 1작은술  후춧가루 약간  크루통 약간,"Step 1 캐슈넛은 물에 불려주세요. 감자는 껍질을 벗긴 후 작게 깍뚝 썰어주세요 Step 2 깨끗이 씻은 대파는 반으로 갈라 12cm 두께로 썰어주세요. tip. 대파의 흰 부분만 사용해주세요. 초록 잎은 육수를 내거나 다른 요리에 활용하세요 Step 3 달군 냄비에 올리브오일 4큰술을 두른 후 약불에서 대파와 감자를 넣고 볶아주세요. tip. 대파가 타지 않도록 약불에서 충분한 기름을 둘러 볶아주세요 Step 4 볶은 재료에 채수를 붓고 뚜껑을 덮어 10분간 중불에서 끓여주세요. tip. 채수는 감칠맛을 위해 넣어주는데요, 없다면 채소 스톡을 사용하거나 물을 넣어도 괜찮아요 Step 5 소금 12작은술과 불린 캐슈넛을 넣고 10분간 더 끓인 후 믹서로 곱게 갈아주세요. tip. 싱겁다면 소금을 좀 더 넣어 간을 맞춰주세요 Step 6 완성된 수프를 접시에 담고 노릇하게 토치로 그을린 대파 1조각과 올리브오일, 후춧가루를 뿌려 맛있게 즐겨주세요. tip. 2인이서 식사로 드시기 좋은 양이고 식전 수프로 드신다면 45인이 드실 수 있는 양이에요 tip. 수프가 되직하다면 물을 좀 더 넣고 갈아서 농도를 조절해 주세요","['저칼로리', '고지방', '고염']",채식,채식
k5U8dcj1sEcoBKki6mFBWYJh,쇠고기치즈롤튀김,쇠고기불고기용등심 120g  달걀 2개  밀가루 30g  모짜렐라치즈 50g  양파 12개  새송이 1개  파프리카 12개  어린잎 한 줌,"Step 1 양파와 새송이, 파프리카는 채를 썰어 주세요. Step 2 달군 팬에 올리브유를 두르고 양파와 새송이, 파프리카를 소금과 후추를 넣어 살짝 익을 때까지 볶아주세요. Step 3 쇠고기는 핏물을 키친타올로 제거하고 소금, 후추로 간하고 밀가루를 약간 뿌려주세요. 준비한 쇠고기에 볶아놓은 야채와 모짜렐라 치즈를 얹은 후 양옆을 접은 후 돌돌 말아주세요. Step 4 말아놓은 쇠고기에 밀가루계란빵가루를 순서대로 묻힌 후 모양을 잡아주세요. Step 5 도의 기름에 쇠고기를 넣고 살짝 노릇하게 튀겨주세요. 180도 이상의 기름에서 한 번 더 튀기면 바삭한 식감을 살릴 수 있답니다. Step 6 접시에 어린잎과 치즈롤을 담아내고 돈까스 소스와 함께 즐겨주세요.","['고단백', '저칼로리', '고지방', '고염']",양식,일반
KmV8nXLGrq94wBF5BwvjEUsK,로메인 치킨 샌드위치,사워도우 2장  토마토 12개  로메인 6장  삶은 닭가슴살 300g  크랜베리 한 줌  호두 반 줌  그릭 요거트 4큰술  마요네즈 3큰술  연유 1큰술  레몬즙 12큰술  디종 머스터드 1작은술  소금 약간  후춧가루 약간  마요네즈 4큰술  연유 2큰술  홀그레인 머스터드 2큰술,"Step 1 삶은 닭가슴살은 한김 식힌 후 잘게 다져주세요. 다진 닭가슴살과 다진 호두, 크랜베리, 그릭 요거트, 마요네즈, 연유, 레몬즙, 소금, 후춧가루를 넣고 잘 버무려주세요. tip. 닭가슴살은 최대한 곱게 잘라주어야 부드러운 식감이 살아나요 tip. 무가당 플레인 그릭요거트를 사용해주세요 다진 Step 2 구이 전용 팬에 빵을 올리고 4단에 넣고 광파오븐 수동 요리 구이에서 7분간 구워주세요. Step 3 토마토는 얇게 썰고 물기를 제거한 후 소금과 후춧가루를 뿌려주세요. tip. 소금은 토마토의 수분을 제거하고 간을 맞춰주는 역할을 해요 Step 4 볼에 소스 재료를 넣어 섞어주세요. Step 5 빵의 안쪽 면에 소스를 바르고 로메인, 토마토, 닭가슴살 순으로 올려 샌드위치를 완성해 주세요. 먹기 좋은 크기로 잘라 맛있게 즐겨주세요.","['고단백', '저칼로리', '고지방', '고염', '고당']",다이어트,다이어트
Etpt4vvuahbJgkn3GcmHaz4v,크리스마스콥샐러드,아보카도 1개  삶은달걀 1개  방울토마토 10개  모차렐라치즈또는 보코치니치즈 10개  블랙올리브 10개  그린올리브 10개  새싹채소 두줌  파마산치즈블럭또는 쉬레드체더치즈 약간  플레인요거트 5큰술  마요네즈 3큰술  우유 2큰술  올리고당 1큰술  레몬즙또는 식초 1큰술  다진양파 2큰술  소금 14작은술  후추 약간  파슬리가루 약간,"Step 1 삶은달걀은 링으로 썰고, 방울토마토는 2등분으로 잘라주세요. 아보카도는 반으로 가른 후 씨를 빼고 껍질을 벗겨 한입크기로 잘라주세요. 볼에 드레싱재료를 넣고 섞어주세요. Step 2 접시에 새싹을 동그랗게 깔고 삶은달걀, 아보카도, 방울토마토, 보코치니치즈, 올리브를 골고루 올린 후 파마산치즈블럭을 치즈그레이터치즈강판에 갈아 뿌려주세요. Step 3 먹기직전 콥샐러드에 드레싱을 뿌려 즐겨주세요. 기호에 따라 구운 베이컨 또는 구운 닭가슴살을 함께 곁들여도 맛있답니다.","['고단백', '저칼로리', '고지방']",양식,일반
UyRdMvTM9ro6pz5DNQLvY4u4,두부김치,두부 (300g) 1모 | 묵은지 250g | 양파 1/2개 | 대파 1/4대 | 소금 약간 | 식용유 약간 | 참기름 1큰술 | 통깨 약간 | 검은깨 약간 | 고춧가루 1큰술 | 김치국물 3큰술 | 물 1/2컵 | 올리고당 1큰술 | 다진마늘 1/2큰술 | 후춧가루 약간,"Step 1 묵은지는 먹기 좋은 크기로 썰고, 양파는 굵게 다지고, 대파는 어슷하게 썰어주세요. Step 2 달군 팬에 기름을 살짝 두른 후 양파를 2분 정도 볶다가 신김치와 김치 양념재료를 넣어 중약불에서 8분 정도 더 볶아주세요. tip. 김치를 볶을 때, 물을 살짝 넣어 볶으면 훨씬 부드러워요. 취향에 따라 돼지고기를 넣어 함께 볶아주셔도 맛있답니다 김치 Step 3 물기가 어느 정도 없어지면, 썰어 둔 파와 참기름을 넣어 마무리해주세요. Step 4 끓는 물에 소금을 약간 넣은 후 두부를 2분 정도 데치고, 먹기 좋은 크기로 썰어주세요. tip.두부를 데치게 되면 탱탱한 식감으로 즐기실 수 있어요. Step 5 스타일링 tip 접시에 두부김치를 담을 때 두부는 한쪽방향으로 가지런하게 담고, 볶은 김치는 두부에 닿지 않게 정갈하게 담아주세요. 함께 볶은 파가 김치 윗쪽으로 올라왔을 때 색감이 예쁘고 맛있어 보일 수 있어요. 두부의 한쪽은 통깨, 한쪽은 검은깨를 뿌려내면 더 멋스럽답니다. Step 6 접시에 두부와 볶은 김치를 담은 후 통깨를 뿌려주세요.","['고단백', '저칼로리', '고지방', '고염']",한식,일반
eWoGGcpWC2LgAQ2LzgkvZiR5,통삼겹 크림파스타,스파게티 면 160g  통삼겹살 600g  양송이버섯 3개  아스파라거스 4대  양파 14개  마늘 4쪽  버터 1큰술  올리브유 약간  소금 약간  후춧가루 약간  파슬리 가루 생략 가능 약간  우유 1컵  생크림 1컵  파마산 치즈 가루 4큰술  치킨스톡 고형 12개  소금 한 꼬집  허브 가루 약간,"Step 1 양파는 채를 썰고 마늘은 편으로 썰어주세요. 양송이버섯은 슬라이스하고 아스파라거스는 밑동을 잘라내고 먹기 좋은 크기로 잘라주세요. tip. 필러로 아스파라거스 끝부분을 벗기면 더욱 부드러운 식감으로 드실 수 있어요 Step 2 통삼겹살에 밑간 재료를 뿌려 밑간해주세요. Step 3 끓는 물에 약간의 소금을 넣은 후 스파게티면을 넣어 7분 정도 삶은 후 체에 밭쳐 물기를 빼주세요. Step 4 달군 팬에 통삼겹살을 넣어 앞뒤로 노릇하게 구운 후 약한불에서 속까지 충분히 익혀주세요. Step 5 달군 팬에 버터를 두르고 마늘 편과 양파를 넣어 2분 정도 볶아주세요. 양송이버섯과 아스파라거스를 넣어 소금, 후춧가루로 간을 해 볶아주세요. Step 6 크림소스 재료와 치킨스톡을 넣고 3분 정도 끓여주세요. Step 7 크림소스에 스파게티면을 넣어 12분 정도 볶은 후 불을 꺼주세요. Step 8 접시에 스파게티와 먹기 좋은 크기로 자른 구운 삼겹살을 담아 완성해 주세요. 파슬리와 파마산 치즈를 뿌려 맛있게 즐겨주세요. tip. 기호에 따라 마지막에 파마산 치즈를 추가로 뿌려 드시면 더욱 풍미가 좋고 진한 맛을 느끼실 수 있어요","['저칼로리', '고지방', '고염']",양식,일반
UaEgP9RQAxJzTtPjKZrRZsUx,바비큐폭립,돼지고기 등갈비 1kg  파슬리가루 약간  물 8컵  된장 1큰술  대파파란부분 12대  마늘 5쪽  월계수잎 2장  통후추 10알  시판 바비큐 소스 3큰술  맛술 3큰술  간장 2큰술  올리고당 2큰술  토마토케첩 2큰술  다진마늘 1큰술  후추 약간,"Step 1 등갈비는 찬물에 30분 정도 담가 핏물을 빼주세요. 냄비에 삶는 물재료를 넣고 30분 정도 삶아주세요. Step 2 볼에 소스재료를 넣고 섞은 후 삶은 등갈비에 앞뒤로 골고루 발라주세요. Step 3 도로 예열한 오븐에 넣어 10분 정도 굽고, 소스를 한번 더 발라 10분 정도 더 구워 주세요. 팬을 사용하실 경우 달군 팬에 등갈비를 넣고 중약불에서 앞뒤로 소스를 발라가며 10분 정도 구워 주세요. Step 4 뼈에 맞춰 잘라내 맛있게 즐겨주세요.",['일반'],양식,일반
G46QF8KUPE5ZmsyZf78EQDNS,경장우육사,소고기 150g  죽순 50g  오이 1개  마늘 2개  대파 2대  생강 약간  식용유 1컵  청주 1큰술  간장 1작은술  춘장 2큰술  설탕 1작은술  닭 육수 컵  치킨파우더 1작은술  물전분 5큰술  백후춧가루 약간  참기름 약간,"Step 1 소고기, 죽순, 오이, 대파, 마늘을 채 썰어 준비해 주세요. Step 2 소고기는 마리네이드 하여 기름에 재워 두세요. Tip. 부드럽고 잡내 없는 고기 맛을 위해 해물, 육류에 미리 마리네이드를 하면 좋아요. 마리네이드 재료해물, 육류 250g 기준  옥수수 전분 2큰술, 흰자 1개, 소금 12 작은술, 식용유 3큰술, 후춧가루 약간 Step 3 팬에 기름을 두르고 약불로 순서 2를 볶아 주세요. Step 4 팬에 기름을 두르고 마늘, 대파, 생강을 넣고 볶다가 춘장을 살짝 볶고 닭 육수 를 넣어서 풀어주세요. 죽순과 순서 3의 소고기를 넣고 설탕, 치킨파우더, 백후춧가루를 넣어 볶다가 물전분으로 농도를 맞추고 참기름으로 마무리 해주세요. Step 5 완성 접시에 오이와 대파로 장식하고 완성된 요리를 얹어주세요. 꽃빵과 곁들여 먹어도 좋답니다. Tip. 대파를 찬물에 담가 사용하면, 매운맛을 빼고 신선하게 즐길 수 있어요. 꽃빵을 찔 찜기가 없을 때는 위생팩에 담아 전자렌지에 1분 돌려서 드시면 됩니다.","['고단백', '저칼로리', '고지방', '고염', '고당']",중식,일반
4SJa4sksPKsffJgq2PurdK25,전찌개,모둠전 500g | 무 ⅙개 | 대파 1개 | 양파 ½개 | 청양고추 ½개 | 홍고추 1개 | 쑥갓 약간 (생략 가능) | 다시마 멸치 육수 2+½컵 | 국간장 1큰술 | 고춧가루 1큰술 | 맛술 1큰술 | 새우젓 ½큰술 | 다진 마늘 ½큰술 | 소금 약간 | 후춧가루 약간,"Step 1 무는 나박하게 썰고 양파는 굵게 채 썰어주세요. 대파는 길이로 가르고 6센치 길이로 썰고 청양고추, 홍고추는 어슷 썰어주세요. 볼에 양념 재료를 섞어 준비해 주세요. Step 2 냄비에 무와 양파를 깔은 후 모듬전을 보기 좋게 돌려 담고 다시마 멸치육수를 넣어 끓여주세요. Step 3 국물이 끓으면 양념 재료를 넣고 3분 정도 끓여주세요. tip. 새우젓을 넣으면 전의 느끼함도 잡아주고 깊고 진한 감칠맛을 낼 수 있답니다. Step 4 대파와 청양고추, 홍고추를 넣어 한소끔 끓인 후 마지막에 쑥갓을 얹어 완성해 주세요. tip. 기호에 따라 국물이 적으면 다시마 멸치 육수를 추가하고 간은 새우젓이나 국간장으로 가감해서 맞춰주세요.","['고단백', '고염']",한식,일반
PpE8noJTYjgTPCbMv511HfmB,유림 건두부피,건두부피 3장  팔각 1개  사천고추 5개  대파 1대  마늘 3개  생강 약간  고수 약간  식용유 1큰술  고추기름 2큰술  산초기름 2큰술  간장 1작은술  설탕 1큰술  백후춧가루 약간  치킨파우더 1큰술  갈릭 칠리 페이스트 1큰술  두반장 1작은술  연두 청양초 1작은술  닭 육수 컵,"Step 1 건두부피는 1.5cm 너비로 썰고 대파, 마늘, 생강은 다져서 준비해 주세요. Step 2 건두부피는 끓는 물에 삶은 뒤 수분을 제거해 주세요. Step 3 팬에 고추기름, 산초기름, 팔각을 넣어 향을 내고, 대파, 마늘, 생강, 두반장, 닭 육수를 넣어서 볶아주세요. Step 4 순서 3을 체에 걸러 팬에 넣고 갈릭 칠리 페이스트, 간장, 설탕, 백후춧가루, 치킨파우더, 연두 청양초를 넣어 간을 한 후 건두부피를 넣고 끓여주세요. Step 5 완성 순서 4를 그릇에 담고 사천고추, 고수, 쪽파 를 얹어 내면 완성이예요. Tip. 건두부피는 삶아서 사용해야 콩 비린내를 제거할 수 있답니다","['고단백', '저칼로리', '고지방', '고염', '고당']",중식,일반
1s6nWJ4way3L7weQRr6hGVA9,감자탕,돼지등뼈 1kg | 감자 4개 | 삶은 무청 시래기(또는 데친 얼갈이 배추) 300g | 대파 2대 | 청양고추 1개 | 홍고추 1개 | 깻잎 10장 | 들깻가루 2~3큰술 | 물 15컵 | 된장 1큰술 | 청주 3큰술 | 양파 1/2개 | 대파(파란부분) 1대 | 마늘 6쪽 | 생강(마늘 1쪽 크기) 1쪽 | 월계수잎 2장 | 통후추 10알 | 고춧가루 3큰술 | 된장 2큰술 | 고추장 1큰술 | 맛술 1큰술 | 국간장 1큰술 | 들기름 1/2큰술 | 다진 마늘 2큰술 | 생강가루 한꼬집 | 구운 소금 1/2작은술 | 후춧가루 약간 | 간장 2큰술 | 물 1큰술 | 연와사비 약간,"Step 1 돼지등뼈는 찬물에 23시간 정도 담가 핏물을 뺀 후 끓는 물에 3분 정도 데치고 데친 물은 버리고 돼지등뼈는 흐르는 물에 깨끗하게 씻어주세요. Step 2 냄비에 고기 삶는 물 재료와 데친 돼지등뼈를 넣고 1시간 30분 정도 고기가 푹 익을 때까지 삶아주세요.뚜껑을 덮은 후 중약불에서 조리해 주세요 Step 3 감자는 껍질을 벗기고 반으로 자르고 모서리를 다듬어주세요. 대파는 반으로 갈라 6센치 길이로 자르고, 고추는 어슷하게 썰어주세요. 깻잎은 굵게 채를 썰어주세요. Step 4 삶은 시래기는 흐르는 물에 흔들어 씻은 후 굵은 줄기 부분의 껍질을 벗기고 3등분으로 자르고 시래기 양념 재료를 넣어 밑간을 해주세요. Step 5 고기가 부드럽게 익으면 돼지등뼈를 건지고 향신 야채는 체에 밭쳐 육수를 준비해주세요. Step 6 냄비에 육수와 감자, 삶은 돼지등뼈를 넣고 10분 정도 끓이다가 양념한 시래기를 넣고 20분 정도 중약불에서 끓여주세요. Step 7 대파, 홍고추, 청양고추를 넣고 중간불에서 5분 정도 끓이다가 깻잎과 들깻가루를 올리고 한소끔 끓여주세요. 부족한 간은 소금을 가감해서 조절해주세요.","['저칼로리', '고염']",한식,일반
hALDMecooLMSqkwyeJqqwC2Z,두릅 바지락 솥밥,쌀 2컵 | 두릅 70g | 바지락 300g | 양조간장 1큰술 | 청주 1큰술 | 참기름 1큰술,"Step 1 바지락은 해감해서 소금 1큰술을 넣고 잘 문질러 씻은 뒤 청주 1큰술을 넣은 물에 데쳐내주세요. Step 2 두릅은 깔끔히 다듬어 소금을 약간 넣은 물에 살짝 데친 후 한 김 식혀주세요. Step 3 식힌 두릅은 물기를 꼭 짜내고 송송 썰어주세요. Step 4 달군 솥에 참기름 1큰술을 두르고 불린 쌀과 양조간장 1큰술을 넣어 볶다가, 바지락 삶은 물 300ml를 넣고 중간 불에서 5분 가량 가열해주세요. Step 5 끓어오르면 약한 불로 줄여 5분간 가열하다가 뚜겅을 열어 미리 썰어둔 두릅과 껍질을 제거한 바지락 살을 올려주세요. Step 6 완성 뚜껑을 닫고 다시 5분 더 익혀준 뒤 불을 끄고 5분간 뜸을 들여주세요. 맛있는 두릅 바지락 솥밥이 완성됩니다.","['고지방', '고염']",한식,일반
WgKKwhQcpsMKNpnusZnV4Yjv,토마토 김치,토마토 6개  양파 개  영양 부추 반 줌 50g  파프리카 생략 가능 개  고춧가루 4큰술  맛술 2큰술  후춧가루 약간  참기름 1큰술  국간장 2큰술  다진 마늘 1큰술  다진 생강 큰술  매실액 올리고당으로 대체 가능 4큰술  통깨 1큰술,"Step 1 깨끗이 씻은 토마토에 칼집을 넣어 주세요. Step 2 영양 부추는 4cm 길이로 잘라주세요. 양파와 파프리카는 얇게 채를 썰어주세요. Step 3 볼에 양념 재료를 넣고 섞어주세요. Step 4 부추, 양파, 파프리카에 양념 재료를 넣고 버무려주세요. Step 5 버무린 속 재료를 토마토 사이에 넣어주세요. Step 6 밀폐 용기에 담아 하루 정도 숙성한 후 맛있게 즐겨주세요.",['일반'],채식,채식
KawLPwdjziiXFq4fbwS8bcvC,땅콩호박 그라탕,땅콩호박 1개  양파 12개  베이컨 3줄  생크림 1컵  파마산치즈가루 3큰술  피자치즈 1컵  소금 약간  후춧가루 약간  파슬리가루 약간  올리브오일 약간,"Step 1 땅콩호박은 꼭지를 자르고 반으로 잘라 숟가락으로 속을 파주세요. Step 2 칼로 속을 채울 수 있을 만큼 호박 속을 잘라내 주세요. Step 3 양파는 잘게 다지고 베이컨은 1cm 간격으로 잘라주세요. Step 4 달군 팬에 베이컨을 볶다가 양파를 넣어 볶아주세요. Step 5 생크림과 파마산치즈가루, 소금, 후춧가루를 넣어 골고루 섞어주세요. Step 6 오븐팬에 땅콩호박을 넣고 올리브오일, 소금, 후춧가루를 뿌려주세요. 만들어 둔 속 재료를 넣어주세요. Step 7 피자치즈를 뿌린 후 200도 예열된 온도에서 30분 정도 구워주세요. tip. 남은 호박 속은 함께 구워 드시거나 수프 등 다양한 다른 요리에 활용해보세요 Step 8 파슬리가루를 뿌린 후 숟가락으로 떠서 맛있게 즐겨주세요.","['고지방', '고염']",양식,일반
14BDpqPZToRLK5RFfrYDWf2b,두부스테이크,두부 1모  양파 12개  당근 14개  실파 3대  양송이버섯 3개  올리브유 약간  달걀 1개  빵가루 12컵  전분가루 2큰술  파슬리가루 약간  소금 약간  후추 약간  양송이버섯 4개  편 썬 마늘 2쪽  시판스테이크소스 4큰술  케첩 2큰술  굴소스 2큰술  물 23컵  버터 1큰술,"Step 1 양파, 당근, 양송이는 잘게 다지고 실파는 송송 썰어주세요. 두부는 면보자기에 싸서 물기를 제거해주세요. 소스재료 중 양파는 채를 썰고, 양송이버섯과 마늘은 편으로 썰어주세요. Step 2 달군 팬에 잘게 다진 양파와 당근, 양송이를 넣고 약간의 소금, 후추로 밑간해서 볶아주세요. Step 3 볶은 야채와 실파, 두부를 볼에 넣고 양념재료를 더해 반죽을 잘 치대어 섞어주세요. 약간의 기름을 묻혀 반죽을 동글납작하게 만들어주세요. Step 4 달군 팬에 올리브유 두른 후 두부스테이크를 올리고 중약불에서 앞뒤 노릇하게 구워주세요. Step 5 달군 팬에 버터를 두르고 마늘, 양파, 양송이를 넣은 후 볶다가 소스재료를 넣어 3분정도 끓여주세요. Step 6 접시에 두부스테이크를 담고 소스를 올린 후 기호에 따라 곁들임 채소를 더해 즐겨주세요.","['고단백', '저칼로리', '고지방', '고염']",양식,일반
bAE8GDMSSQJPQGXfzCkWHQoT,단감 깍두기,단감 600g | 대파 (흰 부분) ⅓대 | 쪽파 한 줌 (60g) | 통깨 약간 | 멸치액젓 2큰술 | 다진 마늘 1큰술 | 고춧가루 3큰술 | 매실청 1작은술,"Step 1 깨끗이 씻은 단감은 껍질을 얇게 깎아내고 씨를 제거한 후 먹기 좋게 깍둑 썰어주세요. Step 2 대파는 반으로 갈라 1cm 길이로 썰고, 실파는 2cm 길이로 썰어주세요. Step 3 볼에 손질한 단감과 대파, 쪽파를 넣고 양념 재료를 넣어 버무려주세요. 통깨를 넣고 한 번 더 버무려 완성해 주세요. Step 4 그릇에 담고 맛있게 즐겨주세요.",['일반'],한식,일반
xNJeUtapRLiLUUdSgJR37QUa,달걀밥,밥 2공기 | 달걀 4개 | 물 ⅓컵 | 참치캔(작은캔) 1개(100g) | 피자치즈 150g | 대파 ½대 | 간장 2큰술 | 청고추 (생략 가능) ½ 개 | 홍고추 (생략 가능) ½개 | 후춧가루 약간,"Step 1 대파는 송송 썰어주세요. 청, 홍고추는 다져주세요. Step 2 볼에 달걀을 풀어준 후 물을 넣고 저어주세요. Step 3 달걀 물에 밥과 참치, 대파, 간장을 넣고 섞어주세요. 참치는 기름을 빼고 사용해 주세요 Step 4 전자레인지에 5분간 돌려주세요. 전자레인지 전용 뚜껑을 사용해 주세요 Step 5 피자치즈와 청, 홍고추를 올린 후 후추를 뿌려 2분 30초간 돌려주세요. Step 6 완성된 달걀밥을 맛있게 즐겨주세요.","['고단백', '고지방', '고염']",한식,일반
XPLgAE3Kn3ah4hvipso2tfzR,멍게비빔밥,멍게 4개(400g) | 영양부추 한줌 | 상추 4장 | 김가루 약간 | 밥 2공기 | 참기름 1큰술 | 고춧가루 1/2작은술 | 멸치액젓 1/2작은술 | 설탕 1/4작은술 | 통깨 약간,"Step 1 멍게는 가위로 껍질을 반으로 자르고, 살을 꺼내어 내장을 제거해주세요. Step 2 깨끗이 씻은 멍게살은 먹기 좋은 크기로 썰어주세요. Step 3 영양부추는 2cm길이로 썰고, 상추는 채썰어주세요. Step 4 분량의 소스 재료를 볼에 넣어 모두 섞은 후, 멍게살도 함께 섞어주세요. Step 5 그릇에 밥을 담고, 썰어 둔 야채을 올린 후 양념과 섞은 멍게를 얹고, 김가루와 참기름을 뿌려 비벼드세요.","['저칼로리', '고지방']",한식,일반
iyreo4TCHrvfbvHDi3fno9Tv,마늘종 건새우볶음,마늘종 215g | 꽃새우(건새우) 25g | 소금 약간 | 카놀라유 약간 | 참기름 1큰술 | 통깨 약간 | 간장 1큰술 | 맛술 1큰술 | 물 1큰술 | 올리고당 1큰술 | 설탕 1/2큰술,"Step 1 마늘종은 4cm길이로 먹기 좋게 잘라주세요. 양념재료는 모두 섞어주세요. Step 2 끓는 물에 소금을 넣어 마늘종을 20초 정도 데친 후, 찬물에 헹구어 물기를 빼주세요. Step 3 마른 달군팬에 약불로 건새우를 34분 볶아 준비해주세요. tip. 건새우를 마른팬에 볶게 되면 비린내가 날라가며, 바삭한 식감을 살릴 수 있어요. Step 4 별도의 달군 팬에 오일을 두르고 마늘종을 넣어 1분간 볶다가 양념재료를 넣어 약 23분간 더 볶아주세요. Step 5 볶아둔 건새우를 넣은 후 조금 더 볶다가 불을 끄고, 참기름과 통깨를 뿌려 마무리해주세요. Step 6 알맞은 그릇에 담아 맛있게 즐겨주세요.","['고단백', '고지방', '고염']",한식,일반
mwsaXeUd9AdCtA2RVwiEZnJu,비건파이,"삶은 렌틸콩 2컵  감자 2개  당근 1개  샐러리 1대  양파 12 개  완두콩 1컵  브라운 양송이 200g  마늘 4알  토마토페이스트 3큰술  간장 1큰술  레드와인 12 컵  소금 약간  후추 약간  허브 로즈마리, 타임 약간","Step 1 감자, 당근, 샐러리는 깨끗이 씻어주세요. Step 2 마늘은 편썰고 양파는 다져주세요. 양송이는 얇게 슬라이스 해주세요. Step 3 샐러리는 모양대로 잘게 썰고 감자와 당근은 채칼로 껍질을 벗긴 후 얇게 슬라이스 해주세요. tip. 당근, 감자 자투리는 다져주세요 Step 4 달군 팬에 올리브오일을 두른 후 마늘과 허브를 넣어 볶다가 양송이를 넣어 볶아주세요. Step 5 양파, 샐러리, 자투리 감자,당근 다진것을 넣고 간장, 소금, 후추 간을 해 볶아주세요. Step 6 레드와인을 붓고 끓이다가 삶은 렌틸콩과 완두콩을 넣고 볶아주세요. Step 7 채수를 조금씩 부어가며 끓이다가 토마토 페이스트를 넣고 저어가며 끓여주세요. Step 8 농도가 걸죽해 진 재료를 한 김 식혀 오븐 그릇에 옮겨 담고 슬라이스 해둔 감자와 당근을 올린 후 올리브오일을 뿌려주세요. Step 9 도로 예열한 오븐에서 30분 정도 구워주세요. Step 10 접시에 담아 맛있게 즐겨주세요.","['고지방', '고염']",채식,채식
9AXrx7GuETcERtp17H4FyZ1w,낙지 초무침,손질 낙지 300g | 양파 ⅓개 | 미나리 한 줌 (40g) | 청양고추 1개 | 홍고추 ½개 | 당근 ⅓개 | 소금 ½큰술 | 고추장 2큰술 | 고춧가루 1큰술 | 매실청 1큰술 | 설탕 1큰술 | 식초 3큰술 | 다진 마늘 ½큰술 | 참기름 ½큰술 | 통깨 약간,"Step 1 양파는 채를 썰고 미나리와 당근은 5cm 길이로 먹기 좋게 썰어주세요. 청홍고추는 어슷하게 썰어주세요. Step 2 볼에 양념 재료를 넣어 섞어주세요. Step 3 끓는 물에 소금을 넣고 낙지를 살짝 데친 후 얼음물에 넣어 식힌 후 체에 밭쳐 물기를 빼주세요. Tip.얼음물에 넣게 되면 쫄깃함과 탱글탱글함이 더해져요 Step 4 큰 볼에 손질한 야채와 낙지, 양념장을 넣어 가볍게 버무려주세요. Step 5 접시에 담은 후 통깨를 뿌려 맛있게 즐겨주세요.","['저칼로리', '고염']",한식,일반
mqLYda7VLYB2CHp2TDFsooEh,뱅어포튀김,뱅어포 5장  설탕 3큰술  고춧가루 1큰술  쌀눈유 또는 카놀라유 약간,Step 1 준비한 뱅어포의 절반은 길게 자르고 나머지 반은 4x4cm 크기로 먹기 좋게 잘라주세요. 냄비에 기름을 넉넉히 넣고 기름 온도를 160도까지 올려 준 후 뱅어포를 넣고 살짝 튀겨주세요. Step 2 튀긴 뱅어포를 기름종이에 올려 기름을 제거해주세요. Step 3 뱅어포가 식어서 바삭해지면 설탕과 고춧가루를 체로 뭉치지 않게 고루 뿌려주세요. 아이들 간식으로 만들 때는 고춧가루를 생략해도 좋아요. Step 4 그릇에 담아 마무리해주세요.,['고당'],일식,일반
SeQmzbBqCYtSooGAED62wQ3h,버터치킨카레,닭고기 다리살 400g  양파 개  홀토마토 캔 200g  시판 고형카레 2인분  치킨육수 또는 물 2컵  우유 컵  생크림 컵  땅콩버터 1큰술  버터 3큰술  밥 2인분  파슬리 가루 약간  맛술 1큰술  다진 마늘 1작은술  생강가루 한 꼬집  소금 약간  후춧가루 약간,Step 1 닭고기는 껍질을 벗기고 우유에 10분 정도 담갔다가 물에 헹궈 물기를 제거하고 한 입 크기로 자른 후 밑간 재료에 20분정도 재워주세요. 양파는 얇게 채를 썰어주세요. Step 2 달군 팬에 버터1큰술와 닭고기를 넣어 노릇하게 굽다가 중약불에서 은근히 속까지 익혀주세요. Step 3 달군 냄비에 버터2큰술를 넣고 양파를 넣어 볶다가 양파가 브라운 색이 나도록 볶아지면 홀토마토와 땅콩 버터를 넣고 으깨가며 볶아주세요. Step 4 치킨육수를 넣고 중약불에서 저어가며 8분 정도 끓여준 후 불을 끄고 고형카레를 넣어 잘 저어가며 녹여주세요. Step 5 고형카레가 녹으면 구운 닭고기와 생크림13컵을 넣고 약한불에서 저어가며 한소끔 끓여 마무리해주세요. tip 카레의 농도는 생크림을 가감해서 조절해주세요. Step 6 접시에 밥을 담고 완성된 카레를 얹은 후 약간의 생크림을 카레 위에 둘러주고 파슬리가루를 뿌려주세요.,['고지방'],양식,일반
1uAU2hcWFLXNQxbffmZtyGbW,참가자미미역국,참가자미(大) 1마리 | 생수 1.4L | 맛술 ½술 | 소금 약간 | 건미역 약간(10g) | 고춧가루. 다진 마늘 ½술 | 다진 생강 약간 | 들깨가루 ½술 | 들기름 1술 | 국간장 1술,"Step 1 냄비에 참가자미, 생수, 맛술을 넣고 강불에서 끓이다가 육수가 끓으면 중약불로 줄여 30분 끓여주세요. Tip. 육수는 버리지 마세요 Step 2 오목한 팬에 미역과 다진 마늘, 다진 생강, 들깨가루, 들기름과 국간장을 넣고 중불에서 4분간 볶아주세요. Step 3 순서 1에 살만 발라낸 가자미와 순서 2를 넣고 중약불에서 10분 더 끓여주세요. 부족한 간은 소금으로 맞춰주세요. Step 4 완성 따끈한 참가자미미역국을 밥과 함께 맛있게 즐겨보세요.","['고지방', '고염']",한식,일반
vszv23JW1dT5X9MHynW7WzMX,새우 미역 무른밥,불린 쌀 100g | 새우 40g | 건미역 5g | 참기름 ½큰술 | 명이나물 장아찌 400ml,"Step 1 미역은 미리 물에 20분간 불린 후 흐르는 물에 박박 비벼 여러 번 씻어 칼로 잘게 다져주세요. Tip. 미역의 염분을 빽 위해 박박 씻는 거예요. 또 워낙 질기기 때문에 칼로 최대한 잘게 다지거나 아예 믹서로 갈면 좋아요. Step 2 새우는 머리를 자르고 껍질을 벗긴 후, 내장을 꺼내 손질한 다음 끓는 물에 삶아요. Tip. 새우는 자체적으로 짠맛이 있기 때문에 미리 삶는게 좋아요. 내장은 둘째 마디와 셋째 마디 사이에 있는데, 이쑤시개를 이용해서 빼면 아주 잘 빠져요. Step 3 삶은 새우는 칼로 잘게 다져요. Step 4 냄비에 불린 쌀과 다진 재료, 그리고 물을 붓고 강한 불로 끓여주세요. 저어주다가 끓으면 약한 불로 줄여 참기름을 넣고 농도가 적당해질 때까지 끓인 후, 3회분으로 나눠 용기에 담아요. Tip. 육수가 아닌 물로 끓일 거라면 다시마 팩으로 넣어 우린 물을 쓰는 것도 좋아요. 아이가 알레르기 반응을 보이지 않는다면 참기름 한 방울 톡 넣어주는 것도 풍미를 살리는 아주 좋은 방법이예요.","['고단백', '고지방']",한식,일반
Wcr4iqzKCmBfRk87j8tVBrFr,채식 쪽파김치,쪽파 1단 (깐 쪽파 600g) | 국간장 ½컵 | 고춧가루 7큰술 | 매실청 1큰술 | 설탕 1큰술 | 다진 마늘 1큰술 | 찹쌀가루 1+½큰술 | 다시마 물 1컵,"Step 1 찹쌀풀 재료를 잘 풀어준 후 냄비에 넣어 중불에서 저어가며 풀고 기포가 올라오면서 농도가 나면 불을 끄고 식혀주세요. Step 2 쪽파는 다듬어 깨끗이 씻고 국간장을 뿌리 쪽에 부어 20분 정도 살짝 절여주세요. Step 3 절인 쪽파를 건지고 남은 간장 국물과 식힌 찹쌀풀, 양념 재료를 섞어 김치 양념을 만들어주세요. 간장 김치 Step 4 쪽파에 김치 양념을 뿌리 쪽부터 잎 쪽으로 고루 펴 발라주세요. Step 5 김치통에 담고 한나절 실온에 두었다가 냉장 보관 해주세요.",['고염'],한식,일반
cxqpLVpLzoe2oGFaw1U2vtF4,오징어콩나물비빔밥,오징어 1마리 | 콩나물 2줌 | 달걀 2개 | 밥 2공기 | 깻잎 6장 | 당근 1/2개 | 새싹채소 한줌 | 참기름 약간 | 통깨 약간 | 고추장 2큰술 | 맛술 2큰술 | 간장 1큰술 | 설탕 1큰술 | 고춧가루 1큰술 | 올리고당 1큰술 | 다진마늘 1/2큰술 | 참기름 1큰술 | 후추 약간,"Step 1 오징어는 내장과 껍질을 제거해주세요. 냄비에 물과 약간의 소금을 넣고, 물이 끓어오르면 오징어를 넣어 살짝 데쳐 먹기 좋게 썬 후 양념장 재료에 무쳐주세요. Step 2 콩나물은 깨끗이 씻어 손질해주세요. 냄비에 물 2컵과 약간의 소금을 넣고, 물이 끓어오르면 콩나물을 넣어 1분 정도 데쳐 식혀주세요. Step 3 깻잎은 흐르는 물에 깨끗이 씻어 먹기 좋게 자르고, 새싹채소는 찬물에 담갔다가 물기를 제거해주세요. 당근은 가늘게 채썰어 달군 팬에 약간의 기름과 소금을 넣고 볶아주세요. 팬에 약간의 기름을 두르고 달걀을 넣은 후 뒤집지 않고 한쪽면만 익혀주세요. Step 4 그릇에 밥을 담고 양념한 오징어, 콩나물, 깻잎, 새싹, 당근, 달걀프라이를 돌려 담아주세요. 마지막에 약간의 참기름과 통깨를 뿌려주세요.","['고단백', '저칼로리', '고지방', '고염']",한식,일반
ajoKfAbALxHFjpEgkUWymk37,비건 딸기 크림 케이크,통밀가루 190g  베이킹파우더 5g  소금 2g  포도씨 오일 85g  두유 200g  황설탕 130g  식초 7g  바닐라 익스트랙 바닐라 오일이나 빈으로 대체 가능 5g  시나몬 가루 생략 가능 3g  캐슈넛 200g  메이플 시럽 75g  두유 90g  바닐라 익스트랙 바닐라 오일이나 빈으로 대체 가능 3g  딸기잼 20g  딸기 100g  허브 생략 가능 약간,"Step 1 통밀가루, 베이킹파우더, 소금을 체 쳐 주세요. Tip. 체치는 과정은 재료를 고루 잘 섞이도록 만들어주고 굽는 과정에서도 고르게 구워지도록 해줘요 Step 2 포도씨 오일과 두유를 휘핑기로 잘 섞은 후 황설탕을 넣고 녹을 때까지 저어주세요. Step 3 황설탕 혼합물에 식초와 바닐라 익스트랙을 넣고 섞어주세요. 채 친 가루를 넣고 섞어주세요. Step 4 틀 2개에 오일을 소량 바른 후 반죽을 나눠 붓고 23번 내리쳐 주세요. tip.내리치는 과정에서 기포가 제거 되며 기포를 제거해야 구멍이 나지 않고 반죽이 고르게 익을 수 있어요 Step 5 도로 예열된 오븐에서 20분간 구운 후 170도에서 1015분 더 구워주세요. 오븐에서 꺼내자마자 뒤집어 꺼내 식힘망에서 식혀주세요. Step 6 캐슈넛은 따뜻한 물에서 23시간 정도 불려주세요. Step 7 믹서기나 푸드프로세서에 물기를 제거한 캐슈넛, 메이플 시럽, 두유, 바닐라 익스트랙을 넣고 곱게 갈아주세요. tip. 주걱으로 섞으면서 갈아주면 더욱 부드러운 크림을 만들 수 있어요 Step 8 케이크 시트 한 장을 돌림판 위에 올리고 캐슈크림을 올린 후 스패출러로 동그랗게 펼치며 발라주세요. Step 9 딸기잼을 바르고 나머지 한 장을 올린 후 캐슈크림을 동일하게 발라주세요. Step 10 딸기를 올린 후 허브로 장식해 완성해 주세요.","['고지방', '고염', '고당']",양식,일반
b2esZscRZM2pkMfndxoxhhoj,뢰스티,감자 3개  모짜렐라슬라이스 4장  버터 2큰술  그라나파다노치즈또는 파르메산치즈 약간  꿀 1큰술  소금 약간  후춧가루 약간,"Step 1 감자는 껍질을 벗기고 얇게 채 썰고 약간의 소금, 후춧가루를 뿌려 밑간해주세요. Step 2 달군 팬에 버터 1큰술을 넣고 채썬 감자를 동그랗게 펼친 후 중약불에서 5분 정도 익히고, 밑면이 익으면 뒤집어서 4분 정도 앞 뒤를 노릇하게 익혀주세요. Step 3 노릇하게 익힌 감자에 모짜렐라치즈 2장을 올리고 반을 접어 구워주세요. Step 4 바삭하게 구운 뢰스티를 먹기 좋은 크기로 자르고 그라나파다노치즈또는 파르메산치즈를 갈아 뿌린 후 약간의 꿀을 뿌려주세요. Step 5 접시에 뢰스티를 담고 기호에 따라 구운 소시지 또는 구운 베이컨, 달걀프라이, 양배추절임, 당근라페, 새싹야채 등을 곁들여주세요.","['고단백', '저칼로리', '고지방', '고염', '고당']",양식,일반
keeiAGKEEcGdJ1HpDjNh13Xm,XO 소스 해물 볶음밥,밥 2공기400g  알새우 8마리  게살 60g  식용유 3큰술  달걀 2개  대파 대  홍피망 개  청피망 개  XO소스 1큰술  치킨파우더 작은술  소금 작은술  참기름 작은술  후춧가루 약간,"Step 1 알새우는 끓는 물에 살짝 데쳐 익혀주고, 게살은 물기를 짜서 준비해 주세요. 달걀은 잘 섞이게 풀어준다. 대파, 청피망, 홍피망은 밥알 크기로 잘게 다져주세요. Step 2 달궈진 팬에 식용유를 두르고 달걀을 넣어 스크램블을 만들어 주세요. Step 3 달걀이 거의 다 익었을 때 밥을 넣어 섞어가며 볶아주세요. Step 4 잘게 썬 대파와 청피망, 홍피망을 넣고 볶다가 XO 소스, 치킨파우더, 소금, 후춧가루를 넣어 간을 해주세요. Step 5 완성 밥알이 서로 달라붙지 않게 볶아졌으면 준비된 새우와 게살을 넣어 한 번 더 볶고 참기름을 넣어 완성해 주세요. Tip. 게살의 비린내가 싫다면, 생강, 대파를 넣고 끓인 물에 게살을 살짝 데쳐서 사용하면 게살 특유의 비린내가 사라진답니다","['고단백', '고지방', '고염']",중식,일반
hpi8bfcMqihhj9F236b8oYA6,무굴버섯밥,"쌀 2컵 | 무채 2줌 | 무즙 3큰술 | 굴 200g | 표고버섯 2개 | 느타리버섯 반줌(70g) | 은행 10알 | 다진 달래 2큰술 | 간장 3큰술 | 물 1큰술 | 매실청 1큰술 | 고춧가루 1큰술, | 통깨 약간 | 참기름 약간","Step 1 쌀은 씻어 30분 이상 불린 후 체에 밭쳐 물기를 빼주세요. Step 2 양념장 재료들을 모두 섞어주세요. Step 3 무는 먹기 좋게 채를 썰고, 자투리 무는 강판에 갈아 즙을 내주세요. 표고버섯은 밑동을 뗀 후 먹기 좋은 크기로 자르고, 느타리 버섯은 적당한 크기로 찢어주세요. Step 4 굴은 체에 밭쳐 소금물에 살살 흔들어 씻은 후 무즙에 버무려 5분 정도 두어 비린내를 제거해주세요. Step 5 냄비에 불린 쌀과 무, 버섯을 위에 얹고, 쌀에 물이 잠길 만큼 넣어 약불에서 25분간 익혀주세요. 무와 굴에서 수분이 생기므로 평소 밥물보다 물의 양을 적게 해주세요. Step 6 밥이 거의 익었을 때 굴과 은행을 넣고 5분간 더 끓이고 불을 꺼주세요. 5분 정도 뜸을 들여주세요. Step 7 완성된 무굴버섯밥에 양념장을 곁들여 맛있게 즐겨주세요.","['저칼로리', '고염']",한식,일반
ymuzLFSuEyaENnv2ZMrPH2We,애호박채전,애호박 1개 | 양파 ½개 | 소금 ½작은술 | 통밀가루 1컵 | 식용유 약간 | 간장 1큰술 | 식초 1큰술 | 물 ½큰술 | 청양고추 ½개 | 통깨 약간,"Step 1 애호박은 채칼을 이용해 길고 얇게 썰어주세요. 양파는 얇게 채 썰어주세요. Step 2 애호박에 소금을 넣고 가볍게 버무린 후, 양파와 통밀가루를 넣고 섞어주세요. Step 3 달군 팬에 기름을 두르고 반죽을 올려 펼친 후 약불에서 앞뒤로 노릇하게 5분간 구워주세요. Step 4 볼에 초간장 재료를 넣고 섞어주세요. Step 5 접시에 담아 맛있게 즐겨주세요.","['고지방', '고염']",한식,일반
Jversz2qc5CtPmdLE56bbbTD,단호박달걀찜,단호박 1통  달걀 3개  우유 5큰술  맛술 2큰술  소금 1작은술  후추 약간,"Step 1 단호박은 껍질째 깨끗이 씻고, 단호박 꼭지부분을 3cm 정도 잘라내어 뚜껑을 만들어주세요. 수저를 이용해서 단호박씨를 제거해주세요. 단호박을 전자렌지에 2분간 돌려 준 후 자르면 단단한 단호박을 더 쉽게 자를 수 있답니다. Step 2 볼에 달걀물 재료를 넣고 고루 섞어 체에 내려주세요. Step 3 단호박 안에 달걀물을 8부 정도 채운 후 뚜껑을 덮어주세요. Step 4 김이 오른 찜통에 면보자기를 깔고, 달걀물을 넣은 단호박을 넣어 중불에서 45분간 쪄주세요. Step 5 완성된 단호박 달걀찜을 그대로 드시거나, 먹기 쉽게 8등분으로 잘라 드셔도 된답니다.","['고단백', '저칼로리']",일식,일반
LqZMpC28sncEzbDH5dLVTbbS,두릅장아찌,나무두릅(또는 땅두릅) 300g | 베트남 고추(생략가능) 5개 | 물 1컵 | 간장 1/2컵 | 식초(현미식초 또는 사과식초) 1/2컵 | 설탕 1/2컵,"Step 1 두릅의 밑동의 겉껍질을 떼어내어 두릅을 손질해주세요. Step 2 끓는 물에 소금을 넣고 두릅을 1015초 정도 데친 후 찬물에 헹구어 물기를 꽉 짜주세요. tip. 두릅을 데쳐낸 후 장아찌를 만들게 되면 두릅에 있는 독성을 제거할 수 있어요. Step 3 손질한 두릅을 소독한 용기에 담아주세요. Step 4 장아찌양념 재료와 베트남고추를 냄비에 팔팔 끓인 후, 뜨거울 때 용기에 붓고 한 김 식혀 냉장고에 넣어주세요. Step 5 일 이상 숙성 후 즐겨주세요.",['고염'],한식,일반
JaDehtk7FZVTffUbc1J3zXHu,명란만두,저염 명란젓 3덩어리 (100g) | 갈은 돼지고기 300g | 날치알 60g | 양배추 2장 (100g) | 양파 ½개 | 부추 반 줌 (30g) | 청양고추 2개 | 달걀 1개 | 만두피 20장 | 밀가루 약간 | 굴소스 1큰술 | 마요네즈 1+½큰술 | 연고추냉이 ½큰술 | 맛술 ½큰술 | 다진 파 2큰술 | 다진 마늘 ½큰술 | 참기름 ½큰술 | 생강가루 약간 | 후춧가루 약간,"Step 1 양배추와 양파, 청양고추 부추는 잘게 다져주세요. 양파와 청양고추는 면포에 감싸 물기를 짜서 준비해 주세요. Step 2 명란젓은 껍질 가운데에 칼집을 내어 수저로 명란알만 따로 발라내서 준비해 주세요. Step 3 볼에 명란알과 날치알, 갈은 돼지고기, 만두소 양념 재료, 달걀 노른자를 넣어 섞어주세요. 다진 야채를 넣고 섞어 만두소를 만들어주세요. Step 4 만두피에 만두소를 적당히 넣고 달걀 흰자를 만두피의 둘레에 약간씩 발라가며 붙인 후 주름을 잡아 만두를 빚어주세요. Step 5 김 오른 찜통에 만두를 넣고 810분 정도 쪄주세요. 기호에 따라 팬에 기름을 자작하게 붓고 만두를 노릇하게 구워 즐겨주세요.","['고단백', '저칼로리', '고지방']",한식,일반
AZhKbYyLVpnJZQTWtC4pBwdJ,토마토 팍시,토마토 4개  양파 개  다진 마늘 큰술  소금 약간  후춧가루 약간  다진 쇠고기 200g  빵가루 컵  파마산 치즈 가루 2큰술  모차렐라 피자 치즈 1컵  다진 파슬리 생략 가능 약간  올리브오일 약간,"Step 1 깨끗이 씻은 토마토는 꼭지 부분에서 2cm 정도를 자른 후 숟가락으로 속을 파주세요. 양파는 잘게 다져주세요. Step 2 달군 팬에 오일을 두른 후 다진 마늘, 다진 양파를 볶다가 다진 쇠고기를 넣어 같이 볶아주세요. 소금, 후춧가루, 맛술을 뿌려 간을 해주세요. tip. 맛술을 뿌려 볶아주면 고기의 누린내가 제거돼요 Step 3 속을 파낸 토마토 속을 4큰술 정도 넣어 같이 볶아주세요. 볼에 볶은 소스를 담은 후 빵가루와 다진 파슬리, 파마산 치즈가루를 넣어 섞어주세요. Step 4 토마토 속에 섞어 둔 속을 80 정도 채우고 그 위에 모차렐라 치즈로 채운 후 토마토 뚜껑을 닫아주세요. Step 5 올리브 오일을 토마토 위에 뿌린 후 200도로 달군 오븐에서 20분 정도 구워주세요. 에어프라이어를 사용할 경우 180도에서 1015분 정도 구워 만들어주세요 Step 6 적당한 크기로 잘라 맛있게 즐겨주세요.","['고지방', '고염']",양식,일반
UyFZaLUrmxwHb7fSiWxdeJTK,무 짜글이,무 ⅓개 (600g) | 차돌박이 200g | 대파 ½대 | 홍고추 1개 | 청양고추 1개 | 다시마 멸치육수 (또는 쌀뜨물) 2컵 | 된장 3큰술 | 고추장 1큰술 | 다진 마늘 1큰술 | 고춧가루 1작은술,"Step 1 차돌박이는 먹기 좋게 자르고 키친타월에 올려 핏물을 빼주세요. 무는 도톰하게 채 썰고 대파, 홍고추, 청양고추는 송송 썰어주세요. 볼에 양념 재료를 넣어 섞어주세요. Step 2 냄비에 차돌박이를 넣고 중간 불에서 볶다가 기름이 나오면 무를 넣고 3분 정도 볶아주세요. Step 3 양념 재료를 넣어 볶다가 다시마 멸치육수를 넣고 국물이 자작하게 될 때까지 중간 불에서 25분 정도 끓여주세요. Step 4 무가 부드럽게 익으면 대파, 홍고추, 청양고추를 넣고 한소끔 더 끓여 맛있게 즐겨주세요. 기호에 따라 된장을 가감해서 간을 맞춰주세요.","['고지방', '고염']",한식,일반
b4NkRphSEj8HHFqLe5XbED68,뉴욕식버거,다진 쇠고기 450g  체더 슬라이스 치즈 4장  토마토 2개  잎상추 4장  버터 2큰술  햄버거빵 4개  소금 약간  후추 약간  올리브유 약간  마요네즈 12컵  머스터드 1큰술  케첩 12큰술  고운 고춧가루 14작은술  오이피클 1쪽40g  마늘 12쪽,"Step 1 토마토는 0.5cm 두께로 썰고, 잎상추는 깨끗이 씻어 물기를 제거해주세요. Step 2 다진 쇠고기는 핏물을 제거해 충분히 치댄 후 4등분하여 둥글게 빚고, 가운데 부분을 납작하게 살짝 눌러주세요. 약간의 소금, 후추, 올리브유를 뿌려 밑간해주세요. Step 3 달군 팬에 버터를 넣어 녹으면, 햄버거빵을 넣고 안쪽면을 노릇하게 구워 주세요. Step 4 소스재료를 믹서기에 넣고 갈아주세요. Step 5 달군 팬에 약간의 올리브유를 둘러 고기를 올린 후, 약간의 소금 후추를 뿌려주세요. 중불에서 고기를 뒤집게로 눌러가며 양쪽면을 노릇하게 익혀주세요. 체더슬라이스 치즈를 올리고 약한불에서 1분 정도 더 익혀주세요. Step 6 햄버거빵 위에 구운 쇠고기를 올리고, 토마토 슬라이스 2장잎상추소스를 바른 햄버거빵 순으로 올려주세요. 소스를 듬뿍 올려드시면 더욱 맛있어요. Step 7 알맞은 그릇에 담아 맛있게 즐겨주세요.","['고지방', '고염']",양식,일반
bJRrsdbLC1m7j6iiHf2WEo14,오이 볶음,오이 2개  홍고추 1개  소금 2큰술  식용유 약간  들기름 1큰술  통깨 약간,Step 1 오이는 0.5cm 두께로 썰어주세요. 볼에 오이를 담고 소금 2큰술을 넣어 섞은 후 10분간 절여주세요. Step 2 홍고추는 송송 썰어주세요. 절인 오이는 면보에 감싸 물기를 짜주세요. 절인 오이를 먹어봤을 때 짜다면 물에 가볍게 헹궈 사용해주세요 Step 3 달군 팬에 들기름을 두른 후 오이를 넣고 볶아주세요. Step 4 홍고추를 넣고 한번 더 볶은 후 불을 끄고 통깨를 뿌려 완성해 주세요.,"['저칼로리', '고지방', '고염']",채식,채식
x1MXmbfMjw66vXoMoPRMEZ5Z,닭가슴살 깻잎전,닭가슴살 1쪽 | 새우 5마리 | 대파 (흰부분) ¼대 | 다진 마늘 1큰술 | 영양부추 10g | 홍고추 1개 | 청고추 1개 | 깻잎 8장 | 간장 ⅓큰술 | 포도씨유 2큰술 | 밀가루 약간 | 달걀 1개 | 소금 약간,"Step 1 닭가슴살, 새우살은 한 입 크기로 썰고, 부추, 대파, 청홍고추는 작게 썰어 준비해 주세요. Step 2 닭가슴살과 새우살은 블렌더나 핸드믹서로 곱게 갈아주세요. Step 3 에 부추, 대파, 마늘, 청홍고 추, 간장을 넣고 골고루 섞어 반죽해 주세요. Step 4 깻잎의 양쪽 면에 밀가루를 가볍게 묻힌 뒤 털어주시고, 3의 반죽을 8개로 나누어서 깻잎 사이에 채워 넣어주세요. Step 5 달걀에 소금을 약간 넣고 잘 풀어준 뒤, 속을 채운 깻잎에 달걀물을 골고루 입혀주세요. Step 6 달군 팬에 포도씨유를 두르고 깻잎을 앞뒤로 뒤집어가며 고르게 익혀주세요. 속까지 잘 익혀야 하므로 중불로 부쳐주세요. Step 7 완성 완성된 깻잎전을 접시에 예쁘게 담아주세요. Tip. 새우는 다져서 넣기 전에 등쪽의 검은 실처럼 보이는 내장을 제거해주세요. 전은 기름을 넉넉히 두르고 부쳐야 풍미가 살아난답니다.","['고단백', '저칼로리', '고지방', '고염']",한식,일반
M7w5SqTufSAGyaJt3aHzj3rA,브로콜리두부샐러드,브로콜리작은크기 1송이  두부 12모  베이컨슬라이스 2줄  샐러드채소 한줌  피칸또는 아몬드슬라이스 약간  마요네즈 3큰술  갈은 흰깨 1큰술  식초 1큰술  설탕 12큰술  올리고당 1큰술  소금 한꼬집  후춧가루 약간,"Step 1 브로콜리는 줄기에서 한 송이 씩 떼어 큰 것은 반 가르고, 두부와 베이컨은 사방 1센치 크기로 잘라주세요. 샐러드 채소는 먹기 좋게 자르고 찬물에 담갔다가 씻어 물기를 빼주세요. Step 2 브로콜리는 소금을 약간 넣은 끓는 물에 살짝 데친 후 찬물에 헹궈 물기를 빼주세요 Step 3 달군 팬에 두부는 튀기듯이 노릇하게 굽고, 베이컨은 바삭하게 구워 기름기를 빼주세요. Step 4 접시에 샐러드채소와 브로콜리, 두부, 베이컨을 담고 마지막에 피칸또는 아몬드 슬라이스를 얹어주세요. Step 5 샐러드에 드레싱을 곁들여 즐겨주세요.","['고단백', '저칼로리', '고지방', '고염']",양식,일반
yPUXXu7eSf9ZN5bxrjGFAxGT,감자채볶음,감자 2개(300g) | 당근 1/3개 | 양파 1/4개 | 통깨 약간 | 식용유 적당량 | 다진 마늘 1/2작은술 | 소금 1/4작은술,"Step 1 감자는 껍질을 벗기고 채칼을 이용해 3mm 정도로 채 썰어주세요. 감자가 부서지지 않도록 찬물에 살살 헹궈 전분질을 빼고 물에 5분 정도 담갔다가 체에 밭쳐 물기를 빼주세요. tip. 채칼을 활용하면 일정한 두께로 썰어져 균일하게 익힐 수 있어요 tip. 채칼을 사용할 때는 안전에 유의해 주세요 tip. 찬물에 헹궈 충분히 전분질을 빼야 진득하지 않게 완성돼요 Step 2 당근은 감자와 같은 두께로 채썰고 양파는 얇게 썰어주세요. tip. 단단한 당근은 슬라이서를 이용해 균일한 두께로 썬 후 칼로 일정한 두께로 썰어주세요 Step 3 달군 팬에 기름을 넉넉히 두르고 다진 마늘을 넣고 볶아주세요. 양파, 당근, 감자를 넣어 중간불에서 볶아주세요. Step 4 감자가 투명해지면 소금을 넣어 간을 맞춰주세요. Step 5 마지막에 통깨를 뿌려 완성해 주세요.","['고지방', '고염']",한식,일반
hvBeehAnLx7XvsSyRAhB6hSV,생곤드레 나물무침,생 곤드레 두 줌200g  소금 약간  간장 1큰술  다진 마늘 1작은술  다진 파 1큰술  들기름 1큰술  통깨 약간,Step 1 끓는 물에 소금을 넣고 곤드레를 30초 정도 데친 후 찬물에 헹궈주세요. Step 2 곤드레를 먹기 좋은 크기로 잘라주세요. 볼에 양념 재료를 넣어 섞어주세요. Step 3 볼에 곤드레와 양념 재료를 넣어 조물조물 무쳐주세요. Step 4 그릇에 담아 맛있게 즐겨주세요.,['고염'],채식,채식
z8t81CMj4Y2Gn6NsVvDG7QZu,물오징어 빵꼬아게,물오징어 1마리  빵가루 조금  달걀달걀물용 조금  박력분 조금  식용유 5컵900ml  단무지 20g  오이 10g  와사비 1작은술  마요네즈 30g,"Step 1 물오징어는 내장을 제거하고 살과 다리만 손질해서 물기를 제거한 뒤 오징어 살에 바둑판 모양으로 칼집을 낸 다음 1cmx3cm로 잘라 주세요. 자른 오징어는 박력분, 달걀물, 빵가루 순으로 묻혀 주세요. 달걀물 재료  물 5컵900ml, 달걀 1개, 탄산수 1큰술15ml Step 2 단무지, 오이는 잘게 다져 와사비와 마요네즈를 넣고 잘 섞어주세요. Step 3 순서 1의 오징어를 160도에서 10초간 튀긴 다음 180도에서 다시 한 번 튀겨 주세요. Step 4 완성 튀김을 그릇에 담고 순서 2에서 준비한 와사비 마요소스를 곁들여 주세요. Tip. 빵가루를 묻힐 때 힘껏 눌러야 튀길 때 벗겨지지 않아요","['고단백', '저칼로리', '고지방']",일식,일반
yisasKUfMNZvFqbptcYdNMhJ,연어수프,연어 200g  감자 3개  양파 12 개  당근 1개  대파 흰부분 1대  생크림 100ml  물 1리터  버터 1큰술  딜 약간  월계수 잎 2장  소금 12 큰술  후추 약간,"Step 1 깨끗이 씻은 당근과 감자는 껍질을 필러로 벗기고 깍둑썰고, 대파 흰부분과 양파는 잘게 썰어주세요. Step 2 연어는 먹기 좋게 한입 크기로 썰어주세요. Step 3 냄비에 버터를 넣고 녹인 후 양파와 대파를 넣고 볶다가 손질한 감자, 당근을 넣어 5분간 볶아주세요. Step 4 월계수잎을 넣고 물을 붓고 끓여주세요. Step 5 감자가 으스러질 정도로 익으면 연어와 생크림을 넣고 소금으로 간을 해 5분간 끓여주세요. Step 6 불을 끄고 다진 딜과 후추를 뿌려 완성해주세요. Step 7 빵을 곁들여 맛있게 즐겨주세요.","['고단백', '고지방', '고염']",양식,일반
b1YYwZeADd84UAhLjdEqh5yy,채식만두,삶은 시래기나물 2줌(250g) | 표고버섯 3개 | 숙주 1줌(150g) | 배추김치 1컵 | 대파 ½대 | 두부 ½모(150g) | 만두피 20장 | 밀가루 약간 | 들깨가루 2큰술 | 간장 1큰술 | 다진 마늘 1큰술 | 참기름 1큰술 | 소금 약간 | 후춧가루 약간 | 간장 2큰술 | 식초 1큰술 | 맛술 1큰술 | 설탕 1작은술 | 고춧가루 1작은술 | 다진 청양고추 1큰술 | 다진 마늘 1작은술 | 깨 1작은술 | 참기름 1작은술,"Step 1 삶은 시래기나물은 물에 충분히 헹궈주세요. 줄기 부분에 겉껍질을 제거하고 먹기 좋은 길이로 썰어준 후 물기를 짜주세요. tip 말린 시래기나물은 물에 하루 정도 충분히 불리고 여러 번 물을 갈아 이물질을 제거한 후, 물에 넣고 40분 정도 부드럽게 삶아주세요. Step 2 두부는 면포에 감싸 물기를 짜서 준비해 주세요.숙주는 살짝 데친 후 잘게 다져 물기를 제거해 주세요. 배추김치는 양념을 털어 낸 후 잘게 다져 물기를 제거해 주세요. tip 숙주는 숨이 죽을 정도로만 살짝 데쳐주세요. Step 3 표고버섯과 대파는 잘게 썰어주세요. Step 4 볼에 손질한 야채와 양념 재료를 넣고 섞어 만두소를 만들어주세요.tip 배추김치의 염도에 따라 간장과 소금을 가감해 주세요. Step 5 만두피에 만두소를 적당히 넣고 만두피 둘레에 약간의 물을 발라가며 붙인 후 주름을 잡아 만두를 빚어주세요. Step 6 김 오른 찜통에 만두를 넣고 810분 정도 쪄주세요. tip 기호에 따라 팬에 기름을 자작하게 붓고 만두를 노릇하게 구워 즐겨주세요.","['고단백', '저칼로리', '고지방', '고염']",한식,일반
p66ArV2LkS7yeT3DphBEarKt,야채수프,양파 개  당근 1개  셀러리 2대  양배추 개  감자 1개  토마토 2개  방울토마토 생략 가능 67개  월계수 잎 23장  마늘 4쪽  불린 병아리콩 2컵 280g  소금 1큰술  후춧가루 약간  물 2L  파슬리 1줄기,"Step 1 깨끗이 씻은 채소는 깍뚝 썰어주세요. 마늘은 편 썰어주세요. tip. 양배추의 단단한 속 잎은 수프에 사용하기 좋아요 Step 2 냄비에 올리브유를 두르고 깍뚝 썬 채소를 넣고 소금, 후춧가루를 약간 넣어 볶아주세요. Step 3 볶은 채소에 월계수 잎, 불린 병아리콩을 넣고 물을 더 해가며 30분간 중불에서 끓여 주세요. tip. 병아리콩은 23시간 정도 불려 주세요. 100g 불리면 2컵 분량이 돼요 Step 4 채소와 콩이 뭉근히 익으면 칼집을 낸 방울토마토를 넣고 살짝 데치듯 익혀 껍질을 벗겨 주세요. Step 5 완성된 수프에 껍질을 벗긴 방울토마토를 넣고 한소끔 끓인 후 그릇에 담아 맛있게 즐겨주세요. Step 6 기호에 따라 파슬리를 올려 주세요.","['저칼로리', '고염']",채식,채식
qTiWYTG7sZEkKyuijSjrjBwJ,호박잎 나물,데친 호박잎 10장 | 된장 1/2큰술 | 고추장 1/2큰술 | 다진 마늘 1/2큰술 | 멸치액젓 1/2큰술 | 다진 대파 1큰술 | 송송 썬 홍고추 약간 | 참기름 1큰술 | 통깨 약간,Step 1 데친 호박잎을 먹기 좋은 크기로 자른 후 물기를 꽉 짜주세요. Step 2 볼에 양념 재료를 섞어주세요. 호박잎에 버무려 맛있게즐겨주세요.,['일반'],한식,일반
wmXvcBbYbHgGad43hsU2ia1W,시래기된장국,삶은 시래기나물 두 줌 (200g) | 대파 ½개 | 홍고추 1개 | 쌀뜨물 1.5L | 국멸치 10마리 | 다시마 (사방 6cm) 2장 | 된장 1+½큰술 | 들깨가루 (탈피) 1큰술 | 된장 1큰술 | 고춧가루 ½큰술 | 다진 마늘 1큰술,"Step 1 냄비에 쌀뜨물을 붓고 국멸치와 다시마를 넣어 물이 끓으면 불을 중불로 줄여 3분 정도 끓여주세요. 다시마를 건져내고 10분 끓인 후 마지막에 멸치를 건져내 육수를 준비해 주세요. Step 2 삶은 시래기나물은 물에 헹군 후 줄기 부분에 겉 껍질을 제거해 물기를 짜고 먹기좋은 길이로 썰어 양념재료에 10분정도 밑간을 해 주세요. 대파와 홍고추는 어슷하게 썰어주세요. tip 말린 시래기나물은 물에 하루정도 충분히 불리고 중간 중간에 물을 갈아 이물질을 제거한 후 물을 붓고 40분정도 부드럽게 삶아주세요. Step 3 냄비에 육수를 붓고 육수가 끓기 시작하면 밑간한 시래기를 넣어 중불에서 10분정도 끓여주세요. Step 4 시래기가 부드럽게 익으면 된장을 풀어 간을 맞추고 대파, 홍고추를 넣고 끓여주세요. tip 기호에 따라 된장을 가감해서 간을 조절해 주세요. Step 5 마지막에 불을 줄인 후 들깨가루를 뭉치지 않게 풀어 넣고 한소끔 더 끓여 완성해 주세요.",['고염'],한식,일반
oqVjJFAFeQ2CthDaySnBc1k4,그릴드 벨 페퍼 샌드위치,샌드위치용 빵 2덩이  슬라이스 치즈 4장  빨간 파프리카 3개  루꼴라 20g  바질 페스토 4큰술  선드라이드 토마토절임 2큰술  올리브오일 3큰술  발사믹 식초 2큰술,"Step 1 파프리카는 깨끗이 씻은 후 반으로 갈라 꼭지와 씨를 제거해주세요. Step 2 도 예열한 오븐에서 파프리카를 20분간 구워주세요. Step 3 구운 파프리카는 껍질을 벗겨 발사믹과 올리브오일을 뿌려 재워주세요. tip. 껍질을 벗긴 파프리카를 병에 켜켜이 담은 후 올리브오일과 허브,발사믹 식초를 부어 저장해 두고 드셔도 좋아요 Step 4 샌드위치용 빵은 반으로 가르고 예열한 팬에 올리브오일을 둘러 빵 안쪽을 노릇하게 구워주세요. 구운 빵은 눅눅해 지지 않도록 세워서 식혀주세요. Step 5 빵 안쪽에 바질페스토를 발라주세요. 파프리카치즈루꼴라선드라이드 토마토 절임 순으로 올려 샌드위치를 완성해주세요. tip. 선드라이드 토마토 절임은 시중에 파는 제품을 사용해도 좋아요. 없다면 생략하거나, 방울 토마토를 살짝 구워 넣어도 맛있답니다 Step 6 완성된 샌드위치를 반으로 갈라 맛있게 즐겨주세요.",['고지방'],양식,일반
ymfTdAB1buh8qkSxrAL5E3Cp,열무 비빔국수,중면 200g | 열무김치 1컵 | 통깨 약간 | 열무김치 국물 1컵 | 물 1컵 | 오이 ½개 | 삶은 달걀 1개 | 식초 3큰술 | 설탕 2큰술 | 고추장 1큰술 | 고춧가루 1큰술 | 다진 마늘 ½큰술 | 참기름 1큰술 | 통깨 1큰술,Step 1 열무김치 국물과 생수를 섞은 후 지퍼백에 담아 살얼음이 생기도록 3시간 정도 미리 얼려주세요. Step 2 볼에 양념 재료를 넣고 섞어주세요. 오이는 얇게 채를 썰어주세요. 김치의 숙성 정도에 따라 식초양을 가감해 주세요. Step 3 열무김치에 양념장 붓고 버무려 주세요. Step 4 끓는 물에 중면을 펼쳐 넣고 젓가락으로 저어 면끼리 달라붙지 않도록 저어주고 물이 끓어오르면 찬물 반 컵을 34회 반복해서 부어 국수를 삶아주세요. 흐르는 찬물에 중면을 여러 번 씻어 전분기를 없애주세요. Step 5 삶은 중면을 양념과 버무린 후 그릇에 담고 얼려둔 살얼음 육수를 자작하게 부어주세요. Step 6 채썬 오이와 달걀을 올린 후 통깨를 뿌려 맛있게 즐겨주세요.,"['고단백', '저칼로리']",한식,일반
bX2xsSKMrn5CBkbydGhy56hf,레몬 딜 버터,상온 버터 가염 200g  딜 10g  레몬 1개  레몬즙 2큰술  랩 약간  종이호일 약간,"Step 1 레몬을 깨끗이 닦은 후 강판에 껍질을 갈아주세요. Step 2 깨끗이 씻은 딜은 두꺼운 줄기 부분을 제외하고 물기를 제거한 후 잘게 다져주세요. Step 3 볼에 버터와 레몬 제스트, 레몬즙, 딜을 넣어 잘 섞어주세요. Step 4 랩에 적당량씩 150g 넣어 감싼 후 종이호일에 한 번 더 사탕처럼 돌돌 말아주세요. Step 5 냉장 보관하여 단단해지면 적당량씩 잘라 사용해주세요. tip. 냉동 보관 시 1개월까지 보관 가능하며 한 조각씩 잘라 밀봉하여 보관하면 더욱 꺼내 먹기 편하답니다 Step 6 빵에 발라먹거나 해산물 요리할 때, 스테이크 등의 요리에 활용하여 맛있게 만들어 드세요.",['고지방'],양식,일반
AKGhDXToLrBtr9JiennXrYNj,짜사이,짜사이 2컵  대파 대  양파 개  설탕 1큰술  참기름 1작은술  고운 고춧가루 1큰술  고추기름 2큰술  식초 1큰술  치킨파우더 1작은술,Step 1 짜사이는 흐르는 물에 씻어서 짠기를 빼주세요. Step 2 대파와 양파는 채 썰어 준비하고 짜사이는 수분을 제거해 주세요. Step 3 볼에 분량의 재료를 모두 섞어 소스를 만들고 순서 2를 모두 넣고 무쳐서 완성해 주세요. Tip. 짜사이는 완전히 소금기를 빼는 것보다 입에 넣었을때 간간한30 느낌이 들 정도로 남겨서 무치는 것이 좋아요. 양념할 때 간을 별도로 할 필요가 없어 짜사이 자체의 맛을 느낄 수 있기 때문이랍니다.,['고염'],중식,일반
FuknBSuomJhA1yb3HxxsiZUb,베트남식 무 당근 피클,당근 개 200g  무 개 300g  레몬 개  페퍼론치노 8개  고수생략가능 1줄기  식초 컵  설탕 컵  소금 1작은술,"Step 1 냄비에 유리병을 거꾸로 세워 넣고 찬물부터 끓여 열탕 소독한 후 건조시켜주세요. Step 2 당근과 무는 채를 썰고 레몬은 반달모양으로 썰어주세요. 페페론치노는 3등분해서 썰어주세요. Step 3 냄비에 피클주스 재료를 넣고 설탕과 소금이 녹을 때까지 끓여주세요. Step 4 소독한 유리병에 당근과 무, 레몬, 페페론치노, 고수를 넣은 후 피클주스를 부어주세요. Step 5 시간 정도 재운 후 완성된 피클의 뚜껑을 닫아 냉장 보관 후 맛있게 즐겨주세요. tip 냉장고에서 일주일 정도 보관이 가능해요.","['고염', '고당']",채식,채식
run4HyrjcTMhEHsj7b8wv3Th,완두콩 부라타 샐러드,완두콩 112컵  치킨스톡고형 12조각 5g  다진 파 1큰술  다진 마늘 12큰술  버터 2큰술  부라타치즈 1개  딜생략 가능 약간  레몬제스트생략가능 약간  후춧가루 약간  물 12컵,"Step 1 달군 팬에 버터를 넣어 녹인 후 다진 마늘, 다진 파를 넣고 볶아주세요. Step 2 완두콩을 넣어 볶아주세요. Step 3 치킨스톡과 물을 넣어 중불에서 완두콩이 충분히 무르게 익도록 볶아주세요. 소금, 후춧가루를 넣어 간을 해주세요. Step 4 완두콩을 접시에 담고 부라타 치즈를 올려주세요. 딜과 레몬제스트, 후춧가루를 뿌려 완성해주세요.","['고지방', '고염']",다이어트,다이어트
SAtsrnsn2dYZMRCmizNNH9Yy,산더미 물갈비,소갈비 8대 | 쇠고기 (샤부샤부용) 200g | 양파 ½개 | 대파 1대 | 팽이버섯 1봉 | 느타리버섯 1줌 | 새송이버섯 2개 | 미나리 ¼단 | 콩나물 두 줌 | 납작당면 (생략가능) 60g | 마늘 6쪽 | 통후추 10알 | 물 12컵 | 간장 1큰술 | 설탕 ½큰술 | 다진 파 1큰술 | 다진 마늘 ½큰술 | 후춧가루 약간 | 고춧가루 2큰술 | 고추장 1큰술 | 참치액 1큰술 | 국간장 ½큰술 | 다진 마늘 1큰술 | 구운 소금 1작은술,"Step 1 갈비는 찬물에 담가 핏물을 빼고 끓는 물에 데친 후 찬물에 헹궈 기름을 떼 내어 손질해주세요. 납작 당면은 찬물에 30분 이상 불려 준비해주세요. Step 2 냄비에 육수 재료를 넣고 물이 끓으면 손질한 갈비를 넣어 1시간 이상 갈비가 부드럽게 익을 때까지 끓여주세요. 삶은 갈비는 건져내고 갈비 양념에 재워주세요. 국물은 체에 걸러 육수를 준비해주세요. Step 3 대파는 길이로 반을 가른 후 6cm로 길이로 자르고 팽이버섯은 밑동을 잘라주세요. 새송이버섯은 먹기 좋게 자르고 양파는 굵게 채를 썰어주세요. 콩나물과 미나리는 깨끗이 씻고 미나리는 6cm 길이로 잘라주세요. 볼에 양념장 재료를 넣고 섞어 양념장을 만들어주세요. Step 4 전골냄비에 소갈비를 담고 양념장과 버섯과 대파, 콩나물과 미나리, 불린 납작 당면 순으로 담은 후 육수 5컵을 부어주세요. Step 5 채소 위에 쇠고기를 수북하게 담은 후 한소끔 끓여 쇠고기와 야채가 익으면 맛있게 즐겨주세요. tip 부족한 간은 소금을 가감해서 조절하고 기호에 따라 고추냉이 간장을 곁들여 드셔도 맛있답니다.","['저칼로리', '고지방', '고염']",한식,일반
HQcNU3yxHg1FZNmqXgupdxtS,낙곱새,낙지 1마리 | 곱창(또는 막창) 200g | 칵테일새우 10마리 | 양파 1개 | 양배추 4장 | 부추 한줌 | 청양고추 2개 | 깻잎 4장 | 당면 한줌 | 다시마육수(또는 물) 1+1/2컵 | 고추장 2큰술 | 고춧가루 1큰술 | 국간장 2큰술 | 된장 1/2큰술 | 다진마늘 1작은술 | 생강가루 1/2작은술 | 후춧가루 1/2작은술 | 맛술 1큰술,"Step 1 낙지는 소금과 밀가루를 묻혀 깨끗하게 닦은 후 먹기 좋은 크기로 잘라주세요.낙지 빨판의 불순물을 제거하기 위해 밀가루를 사용한답니다 곱창도 밀가루로 여러 번 씻고, 먹기 좋은 크기로 잘라주세요.손질 된 소곱창은 그냥 넣어 주시면 돼요 Step 2 양파는 굵게 채썰고, 양배추와 깻잎은 한 입 크기로 썰어주세요. 부추는 4cm길이로, 청양고추는 송송 썰어주세요 Step 3 당면은 약 30분간 불려두고, 볼에 낙곱새 양념장 재료를 모두 섞어 양념장을 만들어주세요. Step 4 전골 냄비에 썰어 둔 양배추를 깔고, 나머지 채소들과 낙지, 소곱창, 양념장 재료를 모두 넣은 후 다시마육수를 부어 중불에서 약 1015분간 끓여주세요. Step 5 김가루를 곁들에 밥과 낙곱새를 비벼먹어도 맛있답니다.","['저칼로리', '고염']",한식,일반
KAhVRtqktjHsobCmZBkF2Rqu,사과코울슬로,사과 1개  셀러리 1대  당근 14개  양배추 18통  구운 호두 14컵  마요네즈 4큰술  올리고당 1큰술  레몬즙 1큰술  디종머스타드 12큰술,"Step 1 사과는 씨 부분을 제거하고 셀러리는 잎을 떼어냅니다. 당근은 껍질을 벗기고 양배추는 심을 제거해주세요. 손질한 재료를 모두 얇게 채 썰어주세요. 셀러리는 줄기에 세로로 있는 섬유질을 필러나 칼로 제거해야 질기지 않아요. Step 2 볼에 드레싱 재료와 손질한 재료, 잘게 부순 호두를 넣고 함께 버무려주세요. Step 3 모닝빵과 함께 즐기시면 더욱 좋아요.",['일반'],양식,일반
je6V5PdnZrXanQzcaRXT6nxM,어향 소고기 말이,채끝살 100g  마 개  청피망 개  홍피망 개  목이버섯 2개  표고버섯 3개  샐러리 대  마늘 2개  비타민 1개  감자 전분 1컵  산초기름 1큰술  고추기름 1큰술  간장 1작은술  두반장 1큰술  설탕 1큰술  식초 1큰술  치킨파우더 1큰술  닭 육수 1컵  물전분 1큰술  식용유 5컵1L,"Step 1 소고기는 0.5cm 두께로 편 썰고, 마는 5cm 길이로 채 썰어주세요. 비타민은 윗둥을 제거하여 청피망, 홍피망, 샐러리, 표고 버섯과 함께 사방 0,5cm 크기로 썰고, 마늘은 다져주세요. Step 2 소고기를 넓게 펴서 마를 넣고 돌돌 말아 끝부분에 전분을 묻혀 고정시키고, 전체적으로 전분 가루를 꼼꼼히 묻혀 튀겨주세요. Step 3 분량의 재료를 골고루 섞어서 소스를 만들어 주세요. Step 4 팬에 순서 3의 소스와 순서 1의 채소, 버섯을 넣고 끌여주세요. Step 5 완성 순서 4에 물전분을 넣어 농도를 맞춘 후, 튀겨낸 고기말이를 그릇에 담고 소스를 얹으면 완성이예요. Tip. 소고기에 튀김옷을 입힐 때 손으로 꾹꾹 눌러서 모양을 잡아주세요","['고단백', '저칼로리', '고지방']",중식,일반
HUZjXRjGivhx6DYB1ePUPF9U,키토 김밥,김밥 김 2장  소 등심 250g  달걀 4개  케일 깻잎 또는 상추로 대체 가능 8장  빨간 파프리카 1개  오이 개  소금 약간  후춧가루 약간  식용유 약간  마요네즈 2큰술  고추냉이 1작은술  간장 1큰술,"Step 1 오이와 파프리카는 얇게 채를 썰고 등심은 길게 썰어 주세요. Step 2 달군 팬에 기름을 두른 후 등심을 노릇하게 구워주세요. 소금 후추로 간을 해주세요. Step 3 김에 케일을 깔고 오이, 파프리카, 등심을 넣은 후 말아주세요. Step 4 달걀에 소금을 약간 넣고 풀어준 후 채에 한 번 걸러주세요. Step 5 달군 팬에 달걀 물을 붓고 가장자리가 익으면 말아둔 김밥을 넣고 말아 달걀옷을 입혀주세요. Step 6 회 정도 반복해 달걀 물을 입힌 후 먹기 좋게 썰어주세요. Step 7 그릇에 담아 소스를 곁들여 맛있게 즐겨주세요. tip. 완전히 식은 후 썰어야 터지지 않아요 tip. 소 등심 외에도 닭가슴살, 크래미, 두부 등을 활용해 만들어도 좋아요","['고단백', '저칼로리', '고지방', '고염']",다이어트,다이어트
KqAM5FCRvpLTCa9uGT2QpSi3,김부각,김밥용 김 5장 | 참기름 약간 | 통깨 약간 | 식용유 적당량 | 찹쌀가루 1/4컵 | 물 1컵 | 소금 약간,Step 1 찹쌀풀 재료를 잘 풀어준 후 냄비에 넣어 중불에서 저어가며 끓여주세요. 기포가 올라오면서 되직해지면 불을 끈 후 약간의 참기름을 넣고 식혀주세요. tip. 찹쌀풀의 농도는 약간 되직한 정도로 만들어 주세요 Step 2 김의 거칠거칠한 부분 한쪽 면에 식힌 찹쌀풀을 얇게 펴 바르고 반으로 접은 후 4조각으로 길게 잘라주세요. 한 번 더 찹쌀풀을 발라준 후 통깨를 얹어주세요. tip 찹쌀풀을 김의 가운데에서 바깥쪽으로 펴 가며 발라주면 김의 수축 현상을 줄 일 수 있어요 Step 3 찹쌀풀을 바른 김을 법랑 접시에 펼쳐 올리고 1단에 넣고 광파오븐 자동 요리 식품 건조에서 감 건조 3개 분량을 선택한 후 조절기능으로 시간을 2시간으로 변경해주세요. Step 4 건조된 김의 표면에 식용유를 바른 후 구이 전용 팬에 올려 4단에 넣고 광파오븐 수동 요리 구이에서 7분간 조리해 주세요. Step 5 완성된 김부각을 한 김 식힌 후 맛있게 즐겨주세요.,['고지방'],한식,일반
Wcr4iqzKCmBfRk87j8tVBrFr,채식 쪽파김치,쪽파 1단 깐 쪽파 600g  국간장 컵  고춧가루 7큰술  매실청 1큰술  설탕 1큰술  다진 마늘 1큰술  찹쌀가루 1큰술  다시마 물 1컵,"Step 1 찹쌀풀 재료를 잘 풀어준 후 냄비에 넣어 중불에서 저어가며 풀고 기포가 올라오면서 농도가 나면 불을 끄고 식혀주세요. Step 2 쪽파는 다듬어 깨끗이 씻고 국간장을 뿌리 쪽에 부어 20분 정도 살짝 절여주세요. Step 3 절인 쪽파를 건지고 남은 간장 국물과 식힌 찹쌀풀, 양념 재료를 섞어 김치 양념을 만들어주세요. 간장 김치 Step 4 쪽파에 김치 양념을 뿌리 쪽부터 잎 쪽으로 고루 펴 발라주세요. Step 5 김치통에 담고 한나절 실온에 두었다가 냉장 보관 해주세요.",['고염'],채식,채식
f7AHsr1m8BcgZ8KnaEdDb2Bx,짬뽕,오징어 12마리  알새우 68마리  바지락 한 줌120g  돼지고기 60g  양파 12개  대파 1대  청경채 3개  배추 2장  목이버섯 2개  표고버섯 23개  홍고추 1개  당근 약간  호박 약간  다진 마늘 1작은술  다진 생강 12작은술  물 4컵800ml  고춧가루 2큰술  간장 2큰술  치킨파우더 1작은술  소금 12큰술  후춧가루 약간  생중화면 2인분,"Step 1 해감한 바지락은 흐르는 물에 비벼 깨끗이 씻어주세요. tip. 바지락은 약간의 소금을 넣은 물에 담근 후 검은 봉지나 호일로 감싸서 빛을 차단해 12시간 정도 해감해 주세요 Step 2 오징어는 사선으로 칼집을 넣은 후 한입 크기로 썰어주세요. 대파는 세로로 가른 후 5cm 길이로 썰어주세요. 양파, 당근, 호박은 채썰어 주세요. 배추와 청경채는 먹기 좋은 크기로 썰어주세요. 목이버섯은 30분 정도 물에 불려서 먹기 좋은 크기로 손질해 주세요. Step 3 팬에 식용유를 두르고 다진 마늘, 다진 생강, 대파를 볶아 향을 내주세요. 돼지고기를 넣어 볶아주세요. Step 4 청경채를 제외한 채소를 넣고 볶다가 간장과 고춧가루를 넣어 채소에 잘 흡수되도록 충분히 볶아주세요. tip. 팬의 가장자리에 간장을 넣어주면 불맛을 낼 수 있답니다 Step 5 팬에 준비된 물의 반을 넣고 소금, 치킨파우더, 후춧가루를 넣고 팔팔 끓여주세요. 채소가 육수에 우러나도록 끓인 후 나머지 물을 더 넣고 더 끓여주세요. 손질한 해물을 넣어 끓이다가 마지막으로 청경채를 넣어 완성해 주세요. tip. 물은 다른 냄비에 팔팔 끓여 뜨거운 상태로 넣어주면 더욱 좋아요 tip. 물 대신 시판용 사골육수를 넣어도 좋아요 Step 6 끓는 물에 중화면을 넣어 34분간 삶아주세요. 채반에 밭쳐 찬물로 헹군 후 뜨거운 물에 한번 담갔다가 물기를 빼서 그릇에 담아주세요. 완성된 육수를 부어 맛있게 즐겨주세요. tip. 삶은 면을 찬물로 헹군 후 뜨거운 물에 한번 더 담그면 더 탱글탱글한 식감이 된답니다","['고단백', '저칼로리', '고염']",중식,일반
SzZvSjHCPgq9R8ZBVhuqjvEJ,김치 로제파스타,스파게티 면 두 줌 160g  배추김치숙성 컵 70g  베이컨 4장  냉동 새우살 10마리  만가닥 버섯 반 줌  양파 개  마늘 3쪽  청양고추 1개  체다 슬라이스 치즈 2장  설탕 작은술  버터 1큰술  올리브유 약간  파슬리가루 약간  소금 약간  후춧가루 약간  토마토 소스 1컵  우유 1컵  면수 컵  파르메산 치즈가루 1큰술,"Step 1 양파는 채를 썰고 만가닥 버섯은 밑동을 제거해 주세요. 마늘은 편으로 썰고 청양고추는 송송 썰어주세요. 배추김치는 양념을 털어낸 후 베이컨과 함께 한입 크기로 썰고 새우살은 해동한 후 흐르는 물에 헹궈 체에 밭쳐 물기를 빼주세요. Step 2 스파게티 면은 끓는 물에 약간의 소금과 올리브유를 넣고 6분간 삶아주세요. tip 스파게티 면은 표기되어 있는 조리시간 보다 1분 정도 덜 삶아 채반에 건져주세요. 면 삶은 국물인 면수는 12컵 정도 따로 빼서 준비해주세요 Step 3 달군 팬에 올리브유를 두르고 마늘과 양파를 넣어 볶다가 베이컨과 배추김치를 넣은 후 설탕을 뿌려 3분 정도 볶아주세요. Step 4 배추김치가 반쯤 투명하게 볶아지면 새우살과 만가닥 버섯, 양념 재료를 넣고 1분 정도 끓이다가 체다 슬라이스치즈를 넣어 고루 섞어주세요. tip 기호에 따라 체다 슬라이스치즈 대신 생크림 1컵 정도 넣어 만드시면 크림 향이 진한 파스타를 만드실 수 있어요. Step 5 삶은 스파게티 면과 청양고추, 버터를 넣어 고루 섞고 약간의 소금, 후춧가루를 넣어 간을 해주세요. tip 우유를 가감해서 파스타의 농도를 조절해 주세요. Step 6 접시에 김치 로제 파스타를 담고 후춧가루와 파슬리 가루를 뿌려 맛있게 즐겨주세요.","['고단백', '저칼로리', '고지방', '고염', '고당']",양식,일반
MybyAseTNVdaXDZyPgt9tkZ1,사과계피차,사과 3개 | 계피 200g | 꿀 2 ½컵 | 식초 약간,"Step 1 사과는 식초를 약간 넣은 물에 담갔다가 깨끗하게 씻어주세요. Step 2 사과를 4등분으로 잘라 씨를 제거하고 얇게 썰어주세요. Step 3 큰 볼에 사과, 계피, 꿀을 넣고 버무려주세요. Step 4 소독한 유리병에 버무린 사과를 넣고 실온에서 하루 정도 숙성시킨 후 냉장고에서 3일 정도 숙성시켜주세요. Step 5 뜨거운 물에 타서 마시거나 끓여서 드시면 더 진한맛을 느낄 수 있습니다.",['고당'],한식,일반
JcbpU86SDaPVUCwuet9QsTCq,동태무조림,동태 1마리 | 무 1/3개 | 양파 1개 | 청양고추 2개 | 홍고추 1개 | 대파 1대 | 다시마멸치육수 1+1/2컵 | 진간장 4큰술 | 고춧가루 2큰술 | 설탕 1큰술 | 맛술 2큰술 | 다진마늘 1큰술 | 생강가루 1/4작은술 | 참기름 1/2큰술 | 후춧가루 약간,"Step 1 동태는 아가미와 지느러미, 꼬리를 자르고 소금물에 씻어 4센티 크기로 토막을 내주세요. Step 2 무는 반달모양으로 큼직하게 썰고, 양파는 굵게 채썰어주세요. 고추와 대파는 어슷하게 썰어주세요. Step 3 냄비에 무를 깔고, 다시마멸치육수와 조림양념을 넣어 10분 정도 끓여주세요. Step 4 무가 반쯤 익으면 동태와 양파를 넣고, 양념장을 수저로 끼얹어주면서 중불에서 국물이 자작할 때까지 졸여주세요. Step 5 동태에 간이 스며들면 마지막에 청양고추와 홍고추, 대파를 넣고 한소끔 끓이다가 불을 꺼주세요. Step 6 따뜻할 때 밥과 함께 즐겨주세요.",['고염'],한식,일반
Hkogrkfg9sRPAA6NfmXbVEgC,멸치육수 떡국,떡국용 떡 300g | 대파 1/2대 | 달걀 1개 | 국간장 1큰술 | 소금 2꼬집 | 후춧가루 약간 | 통깨 약간 | 물 5컵(1L) | 멸치 10마리 | 다시마 6cm*6cm,"Step 1 떡은 20분 정도 물에 불려 준비해 주세요. tip. 떡국용 떡은 떡집에서 구입하면 훨씬 쫄깃하고 맛있답니다 Step 2 다시마는 젖은 수건으로 살짝 닦아주고, 멸치는 내장을 제거하여 냄비에 볶아주세요. 냄비에 물, 다시마를 넣고 5분간 끓이다가 다시마를 건져내고 10분간 더 끓인 후 체에 걸러 주세요. Step 3 대파는 송송 썰어주세요. 볼에 달걀을 풀어 준비해 주세요. Step 4 냄비에 육수를 넣고 끓인 후 떡을 넣고 5분 정도 더 끓여주세요. 국간장으로 간을 하고 모자란 간은 소금을 약간 넣어주세요. tip. 떠오르는 거품을 제거하면 국물이 깔끔해져요 Step 5 그릇에 떡을 먼저 건져내 담은 후 센불로 육수를 끓여주세요. 풀어 놓은 달걀을 넣고 바로 불을 꺼주세요. tip. 달걀을 풀어준 후 섞지 않아야 국물이 깔끔해요 Step 6 담아둔 떡에 육수를 붓고 후춧가루와 대파, 통깨를 뿌려 완성해주세요.","['고단백', '고염']",한식,일반
Eokq3G7D26ueD9dgfmbaTDV2,콜리플라워스테이크,콜리플라워 1개  양송이 버섯 3개  그린올리브 8개  메이플 시럽 1큰술  파프리카 파우더 약간  바질 가루 1작은술  올리브유 4큰술  소금 약간  후춧가루 약간  바질페스토 적당량  감자 2개  소금 12작은술  설탕 12큰술  버터 2큰술  생크림 4큰술,"Step 1 감자 껍질을 벗긴 후 8등분으로 잘라 냄비에 물이 잠길 정도로 넣어 20분 정도 푹 삶아주세요. Step 2 체에 밭쳐 물기를 뺀 후 볼에 넣어 뜨거울 때 감자를 으깬 후 버터와 소금을 넣어 잘 섞어주세요. 생크림을 넣어 가볍게 섞어 감자 퓨레를 완성해주세요. Step 3 콜리플라워는 밑둥을 기준으로 34등분으로 잘라주세요. 양송이버섯과 마늘은 슬라이스해주세요. 볼에 밑간 재료를 모두 섞어주세요. Step 4 콜리플라워에 밑간을 골고루 뿌려 오븐용기에 양송이버섯, 마늘, 올리브와 함께 담아주세요. Step 5 도로 예열한 오븐에 넣어 2025분 정도 구워주세요. 콜리플라워 크기에 따라 굽는 시간을 조절해주세요. Step 6 접시에 감자퓨레를 깔고, 그 위에 콜리플라워와 가니쉬 야채를 얹어주세요. 메이플 시럽을 뿌린 후 바질페스토를 곁들여 맛있게 즐겨주세요.","['저칼로리', '고지방', '고염', '고당']",양식,일반
Tu138VDWTMTcqgzyD2NkxHiS,깍두기볶음밥,깍두기 1컵 (120g) | 대패삼겹살 180g | 달걀 2개 | 공기밥 2공기 | 김가루 약간 | 대파 1대 | 쪽파 1대 | 식용유 적당량 | 통깨 약간 | 진간장 1/2큰술 | 설탕 1/2큰술 | 올리고당 1/2큰술 | 고춧가루 1/2큰술 | 고추장 1큰술 | 참기름 1큰술 | 깍두기 국물 4큰술,"Step 1 깍두기는 먹기 좋은 크기로 자르고, 대파와 쪽파는 송송 썰어주세요. Step 2 달군 팬에 기름을 두르고 대파를 12분 정도 볶다가 대패삼겹살을 넣어 볶아주세요. 양념재료는 모두 섞어주세요. Step 3 대패삼겹살이 반쯤 익으면 깍두기와 양념재료를 넣어 34분 정도 볶아주세요. Step 4 공기밥을 넣고 주걱으로 밥을 가르듯이 고루 섞어가며 볶다가 마지막에 참기름을 뿌려 주세요. 다른 달군 팬에 기름을 두르고 달걀프라이를 만들어주세요. Step 5 그릇에 깍두기 볶음밥을 담고, 통깨와 실파, 김가루를 뿌려주세요. 달걀프라이를 곁들여 맛있게 즐겨주세요.","['고단백', '고지방']",한식,일반
YT8BxR6iVFDTXdbqSby77NLA,달걀국,달걀 3개 | 대파 ⅓대 | 물 4컵 | 새우젓 1작은술 | 국간장 ½ 작은술 | 맛술 1큰술 | 후춧가루 약간,"Step 1 볼에 달걀과 소금, 맛술을 넣고 잘 풀어주세요. Step 2 냄비에 물을 붓고 끓어오르면 송송 썬 대파를 넣어주세요. 풀어둔 달걀 물을 채반에 받쳐 넣어주세요. tip. 달걀을 바로 저으면 국물이 탁해지니 어느 정도 익었을 때 저어주세요 Step 3 달걀이 떠오르면 새우젓과 국간장으로 간을 해 한소끔 끓여 완성해 주세요. tip. 새우젓이 없다면 국간장과 액젓, 굵은 소금으로 간을 맞춰 주세요 Step 4 그릇에 담고 송송 썬 대파와 후춧가루를 뿌려 맛있게 즐겨 주세요.","['고단백', '고염']",한식,일반
dXN8tFemPCHyGqSkZoKLfoeQ,불고기토마토샐러드,쇠고기불고기용 350g  체리토마토 6개  어린잎채소 한 줌  양파 14개  설탕 1큰술  올리고당 1큰술  간장 2큰술  참기름 1큰술  다진 마늘 12큰술  후추.통깨 약간씩  올리브오일 3큰술  홀그레인머스터드 1큰술  식초 1큰술  올리고당 12큰술  소금.후추 약간씩,"Step 1 쇠고기는 5cm 길이로 자른 후 강판에 간 양파, 설탕, 올리고당에 10분간 재워 밑간을 해두세요. Step 2 쇠고기에 불고기 양념 재료를 골고루 버무린 후 달군 팬에 넣고 익을 때까지 볶아주세요. Step 3 체리토마토는 길게 4등분합니다. 어린잎채소는 찬물에 담갔다가 헹구고 물기를 제거해주세요. Step 4 드레싱 재료를 잘 섞어 체리토마토에 버무려주세요. Step 5 그릇에 쇠고기체리토마토어린잎채소 순으로 올려내주세요. 쇠고기를 약간 식힌 후에 올려야 채소의 아삭함이 잘 살아요.","['저칼로리', '고당']",양식,일반
mke5rs9CEfvmDdHsrxhYEtwn,완두콩밥,불린 쌀 2컵 | 물 2컵 | 완두콩 1/2컵,Step 1 솥에 불린 쌀과 씻은 완두콩을 넣어주세요. Step 2 물을 넣고 뚜껑을 닫아 센 불에서 끓여주세요. 밥물이 끓기 시작하면 불을 약한 불로 줄여 15분 정도 익혀주세요. Step 3 밥이 다 지어지면 510분 정도 뜸을 들인 후 주걱으로 위아래 가볍게 섞어 맛있게 즐겨주세요.,['일반'],한식,일반
BdDj1VHpwiEdjr6WCJAHi4ae,새우 오일 파스타,스파게티 170g  마늘 6쪽  흰다리새우 5마리  루꼴라 생략 가능 한 줌  페페론치노 또는 건고추 3개 또는 1개  이태리파슬리 생략 가능 약간  올리브오일 5큰술  치킨스톡 고형 14조각  소금 약간  후춧가루 약간,"Step 1 마늘은 편으로 썰고 페페론치노와 이태리파슬리는 굵게 다져주세요. 새우는 머리를 떼어내고 꼬리만 남겨 껍질을 제거해 주세요. Step 2 물 8컵에 소금 1큰술을 넣고 스파게티 면을 6분 정도 삶고 넓은 그릇에 펼친 후 올리브오일을 뿌려주세요. 면 삶은 물 컵은 남겨주세요 Step 3 팬에 올리브오일을 두르고 마늘 편과 페페론치노를 넣어 약간의 소금과 후추로 밑간하여 볶아주세요. 손질한 새우를 넣어 마늘이 노릇해질 때까지 볶아주세요. Step 4 삶은 스파게티 면을 넣고 약간의 소금과 후추로 간을 하고 면과 소스가 겉돌지 않게 면수, 치킨스톡을 넣어주면서 볶아주세요. 마지막에 약간의 올리브오일과 이태리파슬리를 뿌리고 불을 꺼주세요. Step 5 그릇에 담아 맛있게 즐겨주세요.","['고단백', '고지방', '고염']",양식,일반
Vknh411PRVQVuxm6aQBKYSP5,부라타샐러드,"부라타 치즈 1개  방울토마토 1015개 150g  바질페스토 1큰술  바질잎 6장 10g  올리브 오일 3큰술  소금, 후추 약간","Step 1 깨끗이 씻은 방울토마토를 반으로 자르고, 볼에 담아 올리브오일, 소금, 후추를 넣어 버무려 주세요. 올리브오일 Step 2 접시에 버무려 둔 방울토마토와 바질잎을 담고, 가운데 부라타 치즈를 올린 후 바질페스토를 곁들여 맛있게 즐겨 주세요.","['고지방', '고염']",양식,일반
BVdG7LQGDLQGpHK41KW4gRC2,청경채볶음,청경채 6개300g  페페론치노 또는 건고추 3개 1개  마늘 4톨  볶은 땅콩 8개  식용유 2큰술  참기름 약간  굴소스 1큰술  간장 1큰술  설탕 큰술  생강가루 약간  소금 약간  후춧가루 약간,"Step 1 깨끗이 씻은 청경채는 밑동을 제거 후 세로로 반으로 잘라주세요. 마늘은 편으로 썰고, 페페론치노는 반으로 자르고, 땅콩은 잘게 다져주세요. 소스재료는 볼에 넣어 섞어주세요. Step 2 달군 팬에 기름을 두르고 마늘을 노릇하게 볶다가 페페론치노를 넣어 볶아주세요. Step 3 청경채를 넣어 센 불에서 볶다가 소스 재료를 넣어 중불에서 2분 정도 볶아주세요. Step 4 불을 끈 후 다진 땅콩과 참기름을 뿌려 완성해주세요.",['고지방'],중식,일반
K8yS1AxX2tB6gr9YaMqKWiHt,땅콩호박 수프,땅콩호박 1개  양파 1개  버터 2큰술  물 3컵  우유 2컵  올리고당 3큰술  소금 12큰술  후춧가루 약간,"Step 1 땅콩호박은 모양대로 반 잘라 속의 씨를 제거해 주세요. 양파는 껍질을 벗긴 후 채를 썰어주세요. Tip. 땅콩호박은 전자레인지에 2분 정도 돌리고 껍질을 제거하면 좀 더 쉽게 껍질을 벗길 수 있답니다 Step 2 찜기에 넣어 10분 정도 찐 후 한쪽은 숟가락으로 속을 파내어 땅콩호박 그릇을 만들고, 나머지 남은 호박은 껍질을 벗겨 깍둑썰어주세요. Step 3 달군 냄비에 버터를 넣은 후 양파가 갈색빛이 날 때까지 볶다가 땅콩호박을 넣고 소금으로 간을 해 3분 정도 볶아주세요. Tip. 수프에 양파를 넣으면 단맛과 감칠맛이 생겨요 Step 4 물을 넣어 끓이다가 핸드블렌더로 곱게 갈아주세요. Step 5 우유를 넣고 약한 불에서 5분 정도 잘 저어가며 끓여주세요. 올리고당, 소금, 후춧가루를 넣고 23분간 더 끓이면서 농도와 간을 조절해주세요. Tip. 치킨스톡을 넣어 끓이면 감칠맛이 더해질 수 있어요 Step 6 속을 파낸 땅콩호박 그릇에 수프를 담아 완성해 주세요. Tip. 기호에 따라 견과류와 다진 파슬리, 생크림 등을 올려 만드셔도 돼요","['저칼로리', '고지방', '고염', '고당']",다이어트,다이어트
AmrE6kRKTx782jTTZsJb8mF4,고구마수프,고구마 중간크기 2개  우유 2컵  물 1컵  다진양파 2큰술  파마산치즈 2큰술  올리브유 약간  소금 약간,Step 1 고구마는 삶아서 껍질을 벗긴 후 우유와 함께 블렌더에 곱게 갈아주세요. Step 2 냄비에 올리브유를 조금 두르고 다진 양파를 넣고 볶다가 1번의 갈아 놓은 고구마와 물 1컵을 넣고 끓여주세요. 물은 농도를 맞춰가면서 넣어주세요 다진 Step 3 고구마스프가 어느 정도 끓으면 파마산 치즈 2큰술과 소금을 넣어 간을 맞춰주세요. Step 4 스프가 완성되면 그릇에 담고 취향에 따라 파마산 치즈를 뿌려 드세요. 고구마칩을 고명으로 얹어드셔도 좋아요.,"['고지방', '고염']",양식,일반
vuUK5yBoUyE8vpNzywNm93uf,마크로비오틱 유부초밥,유부 7장  세발나물 50g  당근 70g  연근 30g  비트 10g  매실효소 3티스푼  현미밥 300g  소금 약간  간장 약간  간장 1티스푼  물 13컵  조청 2티스푼,"Step 1 당근은 채를 썰고, 연근은 얇게 슬라이스하세요. Step 2 슬라이스 한 연근을 끓는 물에 살짝 데쳐주세요. 비트를 작게 썰어 매실효소와 소금에 섞고 데친 연근을 담가두어 물을 들여주세요. 비트가 없으면 그냥 매실효소와 소금으로만 맛을 내도 돼요. Step 3 끓는 물에 세발나물을 데친 후 간장에 버무려주세요. Step 4 당근은 기름 두른 팬에 볶으면서 소금으로 간을 해주세요. Step 5 생유부는 조림장을 넣어 바짝 조리고 물기를 짜주세요. Step 6 뜨거운 현미밥에 매실효소와 소금 섞은 것을 넣어 버무려주세요. 조린 유부에 현미 초밥을 채워 넣고 세 가지 채소 고명을 올려주세요. Step 7 완성된 요리를 나무도마에 플레이팅해 올려주세요.","['저칼로리', '고지방', '고염']",채식,채식
HUZjXRjGivhx6DYB1ePUPF9U,키토 김밥,김밥 김 2장 | 소 등심 250g | 달걀 4개 | 케일 (깻잎 또는 상추로 대체 가능) 8장 | 빨간 파프리카 1개 | 오이 ½개 | 소금 약간 | 후춧가루 약간 | 식용유 약간 | 마요네즈 2큰술 | 고추냉이 1작은술 | 간장 1큰술,"Step 1 오이와 파프리카는 얇게 채를 썰고 등심은 길게 썰어 주세요. Step 2 달군 팬에 기름을 두른 후 등심을 노릇하게 구워주세요. 소금 후추로 간을 해주세요. Step 3 김에 케일을 깔고 오이, 파프리카, 등심을 넣은 후 말아주세요. Step 4 달걀에 소금을 약간 넣고 풀어준 후 채에 한 번 걸러주세요. Step 5 달군 팬에 달걀 물을 붓고 가장자리가 익으면 말아둔 김밥을 넣고 말아 달걀옷을 입혀주세요. Step 6 회 정도 반복해 달걀 물을 입힌 후 먹기 좋게 썰어주세요. Step 7 그릇에 담아 소스를 곁들여 맛있게 즐겨주세요. tip. 완전히 식은 후 썰어야 터지지 않아요 tip. 소 등심 외에도 닭가슴살, 크래미, 두부 등을 활용해 만들어도 좋아요","['고단백', '저칼로리', '고지방', '고염']",한식,일반
xvFGugWzS7tCwaMMWqVYU4AP,로스트 홀 콜리플라워,콜리플라워 1개600g  다진 파슬리 약간  그라나 파다노 치즈 약간  올리브오일 12 컵  마늘가루 2큰술  타임가루 1작은술  소금 약간  후춧가루 약간,Step 1 콜리플라워는 식초를 1큰술 탄 물에 10분 정도 담근 후 흐르는 물에 씻어주세요. Step 2 볼에 소스 재료를 넣고 섞어주세요. 소스를 콜리플라워에 골고루 발라주세요. Step 3 도로 예열한 오븐에 넣고 5560분간 구워주세요. tip. 콜리플라워를 찜기에 살짝 찐 후 오븐에서 구우면 좀 더 빨리 조리할 수 있어요 Step 4 다진 파슬리와 파마산 치즈를 뿌려 맛있게 즐겨주세요.,"['저칼로리', '고지방']",채식,채식
AAsRpnmmuEnHjuo7sdc11bqG,달걀 파스타,파스타 면 180g  달걀 3개  슬라이스 치즈 2장  올리브오일 2큰술  다진 마늘 1작은술  대파 12대  후춧가루 약간  고형 치킨스톡 13조각  면수 1컵  소금 약간,"Step 1 물에 소금 1큰술을 넣어 끓여주세요. 끓는 물에 파스타면을 넣고 1012분 정도 삶아주세요. 면수는 1컵 따로 덜어주세요. tip. 소금은 물이 끓기 전 처음부터 넣어주세요. tip. 파스타면은 나중에 더 익히므로 80까지만 익혀주세요 Step 2 슬라이스 치즈는 잘게 썰어주세요. 볼에 달걀을 풀어 치즈를 넣고 섞어주세요. Step 3 대파는 송송 썰어주세요. Step 4 팬에 올리브오일을 두르고 다진마늘과 대파를 넣어 약불에서 볶아주세요. 삶아둔 파스타면과 면수, 치킨스톡을 넣고 중불에서 2분 정도 볶아주세요. 불을 약불로 낮춘 후 면수가 면에 잘 흡수 될 수 있도록 팬을 흔들어 주세요. tip. 처음에는 면수 12컵을 넣어 볶다가 양을 보면서 추가해주세요 Step 5 볶은 면에 달걀 치즈물을 붓고 중불에서 가볍게 익혀주세요. 소금 1작은술을 넣어 간을 해 주세요. tip. 까르보나라와 다르게 달걀이 덩어리질 수 있도록 중불에서 익혀 주세요 Step 6 달걀이 부드럽게 익으면 불을 끄고 후춧가루를 뿌려 완성해 주세요. Step 7 달걀파스타를 접시에 담아 맛있게 즐겨주세요.","['고단백', '고지방', '고염']",양식,일반
JB4F5sgFwaBQ4Ur3rGwPesF4,새우완자찜,새우살 250g  청경채 3대  만가닥버섯 한 줌  대파 1대  마늘 2톨  달걀 흰자 12개  녹말가루 4큰술  다진 마늘 12작은술  다진 파 12큰술  후춧가루 약간  간장 1큰술  식초 1큰술  설탕 1큰술  물 14컵,"Step 1 새우살은 물기를 제거하고 곱게 다진 후 완자 양념 재료를 넣어 잘 치대고 한입 크기로 동그랗게 빚어주세요. Step 2 법랑 접시에 종이호일을 깔고 완자를 올린 후 1단에 넣고 광파오븐 수동요리 스팀 찜에서 23분간 익혀주세요. 광파오븐 스팀 물통에 물을 채우고 시작해주세요. Step 3 청경채와 만다리 버섯은 밑동을 자르고 가볍게 씻어 준비해주세요. 대파는 채썰고 마늘은 편으로 썰어 준비해 주세요. Step 4 팬에 기름을 약간 두르고 편 썬 마늘을 볶다가 청경채, 버섯을 넣고 볶아주세요. 소스 재료를 붓고 끓어오르면 대파를 넣고 불을 꺼주세요. Step 5 접시에 소스를 붓고 새우 완자를 올려 맛있게 즐겨주세요.","['고단백', '저칼로리', '고지방']",중식,일반
a5tVRmd5RT13jJ936tnncqwd,채소 면 두부 파스타,주키니혹은 애호박 개  당근 개  넓은 포두부 면 100g  문어 다리 숙회 1개  마늘 가루 1.5큰술  페퍼론치노 3개  굴소스 1큰술  치킨스톡파우더 1큰술  올리브오일 약간  소금 약간  후추 약간,"Step 1 조리법 주키니와 당근을 깨끗하게 씻고 당근은 껍질을 벗겨주세요. 로지 스파이럴라이저를 사용해 주키 니와 당근을 채소 면으로 만들어주세요. 이때 채소 면이 끊어지지 않도록 주의해주세요. Step 2 문어 다리 숙회는 한입 크기로 둥글게 썰어 준비해주세요. 3. 달군 팬에 올리브오일을 넉넉히 두르고 페페론치노를 넣어 매콤한 기름을 만든 후 페페론치노는 건져주세요. Step 3 포두부 면을 넣고 마늘 가루를 뿌려 볶아주세요. 순서1의 채소면을 넣고 소금,후추로 간을 맞춘 후 조금 더 볶아주세요. 5. 채소면에서 수분이 나와 숨이 죽을 때 즈음 굴소스와 치킨스톡을 넣어 잘 섞어주세요. Step 4 완성 불을 끄고 순서2의 문어 다리 숙회를 넣어 잘 섞이도록 버무린 후 접시에 담아내주세요.","['고단백', '저칼로리', '고지방', '고염']",다이어트,다이어트
K9a135iyFtmccy1Tk7KCsuCe,밀푀유나베,한우 불고기용 300g  알배추 1포기  깻잎 100g  청경채 200g  만가닥버섯 100g  팽이버섯 50g  표고버섯 3개  물 6컵  멸치 10마리  다시마 3조각  무 50g  표고버섯밑둥 3개  국간장 12큰술  소금 두꼬집  간장 2큰술  식초 1큰술  올리고당 12큰술  설탕 1큰술  다진양파 1큰술,"Step 1 냄비에 육수재료를 모두 넣고 10분간 끓이다 다시마를 건져낸 후 10분가량 더 끓여서 육수를 만들어 주시고 간장을 조금 넣어 간을 맞춰 주세요. 배추, 깻잎, 고기, 배추 순으로 차곡차곡 쌓으신 후 전골 냄비 높이에 맞춰서 잘라주세요. 고기 Step 2 전골 냄비에 청경채를 깔아주신 후 잘라 놓은 배추와 고기를 겹겹이 담아주세요. Step 3 마지막으로 버섯를 넣고 육수를 냄비의 23정도가 올라오도록 넣은 후 배추와 고기가 익을 때까지 끓여주세요. Step 4 폰즈소스에 고기와 채소를 찍어서 드세요. 취향에 따라 시판용 스윗트 칠리소스와 함께 드셔도 좋아요. 남은 국물에는 국수를 넣어 삶아 드시거나 죽을 만들어서 드시면 좋아요.","['저칼로리', '고염']",일식,일반
hFYZX15WEQjVDLYkXwVt4HQc,필리치즈샌드위치,"쇠고기 불고기용 200g  양파 개  피망빨강, 초록 개씩  소금 약간  후춧가루 약간  핫도그 빵 2개  식용유 약간  콜비잭치즈 60g  올리브오일 1큰술  파프리카 파우더 약간","Step 1 쇠고기는 고기 밑간 재료를 넣어 5분 정도 밑간을 해주세요. 양파와 피망은 6cm 길이로 채썰어주세요. 콜비잭치즈는 얇게 슬라이스해주세요. Step 2 달군 팬에 버터를 바른 후 핫도그 빵을 앞뒤로 노릇하게 구워주세요. Step 3 달군 팬에 오일을 두른 후 양파와 피망에 소금, 후춧가루를 뿌리고 중불에서 5분 정도 볶아 그릇에 덜어주세요. Step 4 달군 팬에 밑간한 쇠고기를 3분 정도 볶아주세요. 볶아둔 야채를 넣어 같이 볶아주세요. Step 5 콜비잭치즈를 올린 후 치즈가 녹을 정도로 뚜껑을 닫고 3분 정도 익혀주세요. 빵 안쪽에 볶은 고기를 넣어 완성해주세요. 기호에 따라 모짜렐라 치즈 등을 추가로 넣어서 만들어드셔도 좋아요.","['저칼로리', '고지방', '고염']",양식,일반
hEabCd2u84CS3jr6goZibNuW,파프리카컵리조토,파프리카 6개  햄슬라이스 5장  양파 12개  당근 13개  애호박 13개  피자치즈 2컵  고슬고슬한 밥 2공기  버터 1큰술  소금 12작은술  후추 약간  파슬리가루 약간  생크림 23컵,"Step 1 파프리카는 꼭지부분에서 2센치되는 부분을 자르고, 속을 파내어주세요. 칼을 이용해 파프리카에 눈, 코, 입을 만들어주세요. Step 2 햄, 양파, 당근, 애호박은 잘게 다져주세요. Step 3 팬에 버터를 두르고 양파, 당근, 호박, 햄, 밥 순으로 넣고 약간의 소금, 후추를 뿌려 볶아주세요. 야채와 밥이 볶아지면, 생크림을 넣어 중불에서 2분정도 더 볶고 소금, 후추로 밑간 해주세요. Step 4 속을 파낸 파프리카를 약간의 소금, 후추로 밑간 한 후 피자치즈 1큰술을 깔고, 볶아놓은 밥을 넣어 속을 채워주세요. 그 위에 피자치즈와 파슬리가루를 올려주세요. Step 5 도로 예열한 오븐에 넣어 치즈가 녹을 때까지 810분정도 구워주세요. Step 6 데코용으로 치즈 빗자루도 만들어보세요. 슬라이스 치즈를 4등분으로 자른 후, 치즈 윗부분을 1센치 정도 남기고 칼집을 촘촘히 넣어주세요. 칼집이 들어가지 않은 치즈 윗부분으로 긴 막대과자를 돌돌 감싸고, 살짝 데친 영양부추로 묶어주세요. Step 7 리조토와 함께 파프리카컵도 맛있게 즐겨보세요.","['저칼로리', '고지방', '고염']",양식,일반
ai5E4bM6hrQMhSb27eCXas6M,쑥 주먹밥,데친 쑥 한 줌 (100g) | 잔 멸치 1컵 | 다진 견과류 ¼컵 | 통깨 약간 | 밥 2공기 | 올리고당 2큰술 | 간장 ½큰술 | 설탕 1작은술 | 참기름 1큰술 | 국간장 1작은술 | 소금 한 꼬집 | 깨소금 약간 | 소금 ¼작은술 | 깨소금 1큰술,"Step 1 데친 쑥은 잘게 잘라 볼에 쑥 양념 재료와 함께 무쳐주세요. tip. 생 쑥을 사용할 경우 물과 소금을 넣어 물이 끓으면 쑥을 넣어 1015초 정도 살짝 데친 후 찬물에 헹궈 물기를 꼭 짜서 사용해 주세요 Step 2 달군 팬에 올리브 오일을 두른 후 잔 멸치와 견과류를 넣어 볶아주세요. 멸치가 볶아지면 불을 끈 후 멸치 양념 재료를 넣어 고루 섞어주세요. Step 3 볼에 고슬고슬하게 지은 밥과 밥 양념 재료, 쑥, 볶은 멸치를 넣어 고루 섞어주세요. Step 4 한입 크기로 동그랗게 모양을 잡아 주먹밥을 만들고 통깨를 뿌려주세요. Step 5 접시에 담아 먹거나 도시락통에 담아 맛있게 즐겨주세요.","['고지방', '고염']",한식,일반
sMTozzcbspqCGirVQ2TvtNVW,어묵 콩나물찜,콩나물 (찜용) 1봉지 (350g) | 사각 어묵 4장 | 양파 ¼개 | 대파 ¼대 | 청양고추 1개 | 쪽파 5대 | 통깨 약간 | 참기름 1큰술 | 식용유 약간 | 다시마 멸치 육수 ¾컵 | 간장 1+½큰술 | 참치액젓 1큰술 | 고춧가루 2큰술 | 맛술 2큰술 | 설탕 1큰술 | 다진 마늘 ½큰술 | 후춧가루 약간 | 전분가루 1큰술 | 물 2큰술,"Step 1 콩나물은 다듬어 씻은 후 끓는 물에 약간의 소금을 넣고 2분 정도 데치고 찬물에 살짝 헹군 후 체에 밭쳐 물기를 빼주세요. 어묵은 길게 채를 썰어주세요. tip. 콩나물은 데쳐서 찬물에 살짝 헹궈 사용하면 아삭한 식감을 살릴 수 있어요 Step 2 대파는 잘게 썰고 양파는 채를 썰어주세요. 쪽파는 4cm 길이로 썰고 청양고추는 어슷하게 썰어주세요. 볼에 양념장 재료를 넣고 섞어 양념장을 만들고, 전분물 재료를 섞어 전분물을 만들어주세요. Step 3 달군 팬에 약간의 식용유를 두르고 잘게 썬 대파를 넣고 볶다가 불을 중약불로 줄이고 양파와 어묵을 넣어 볶아주세요. Step 4 양파가 반쯤 익으면 다시마 멸치 육수와 양념장을 넣고 바글바글 끓으면 콩나물을 넣어 섞어주세요. Step 5 전분물을 넣고 농도를 맞춘 후 마지막에 쪽파와 청양고추를 넣고 섞고 참기름과 통깨를 뿌려 맛있게 즐겨주세요.","['고지방', '고염']",한식,일반
LUYujd1V4Hn7vQDrv9kPGfLE,장어지라시초밥,밥 2공기  장어 2마리  달걀 2개  깻잎 5장  생강 1쪽  오이 1개  무순 약간  식용유 약간  청주 2큰술  소금. 후추 약간씩  대파 14대  마늘 2쪽  생강 약간  맛술 4큰술  간장 3큰술  물 12컵  올리고당 2큰술  설탕 1큰술  후추 약간  식초 2큰술  소금 1작은술,"Step 1 장어는 키친타월로 물기를 제거하고 밑간에 30분간 재워주세요. Step 2 달걀은 잘 풀어 식용유를 두른 팬에 붓고 약한 불에서 지단을 부친 후 얇게 썰어주세요. 깻잎, 생강은 얇게 채 썰어주세요. Step 3 오이는 돌려깎기한 뒤 채 썰어 소금을 뿌려두었다가 키친타월로 물기를 제거한 후 센불에서 1분간 볶아주세요. Step 4 냄비에 데리야키 소스 재료를 넣고 8분간 끓인 후 체에 걸러주세요. Step 5 밑간한 장어를 김 오른 찜통에서 710분간 쪄주세요. Step 6 달군 팬에 장어를 올리고 데리야키 소스를 발라가며 구워주세요. 윤기나게 조려지면 2cm 폭으로 먹기 좋게 썰어주세요. Step 7 단촛물 재료를 모두 볼에 넣고 전자레인지에 1분간 돌려 설탕을 완전히 녹인 후 따뜻한 밥과 섞어주세요. 그릇에 밥을 담고 깻잎을 고루 올려주세요. Step 8 지단, 생강, 오이, 장어, 무순을 골고루 올려 마무리해주세요.","['고단백', '저칼로리', '고염', '고당']",일식,일반
kwKofLvXM9Q6eUaTstGUoGuZ,매생이 낙지 솥밥,낙지 1마리(작은 낙지 2마리) | 매생이 60g | 쌀 2컵 | 부추 또는 쪽파 반줌 | 다시마 육수 2컵 | 간장 1/2큰술 | 맛술 1큰술 | 참기름 1큰술 | 밀가루 약간 | 소금 약간 | 간장 3큰술 | 올리고당 1큰술 | 들기름 1/2큰술 | 고춧가루 1작은술 | 다진 마늘 1작은술 | 통깨 약간,"Step 1 쌀을 씻어 30분 정도 불린 후 체에 받쳐 물기를 빼주세요. tip. 기호에 따라 쌀과 찹쌀을 섞어 만들어도 좋답니다. Step 2 매생이는 고운 체에 받쳐 물에 여러번 헹궈 깨끗이 씻고 물기를 뺀 후 먹기좋게 잘라주세요. Step 3 낙지는 먹물 주머니와 내장을 제거하고 소금과 밀가루로 바락바락 문질러 씻은 다음 끓는 물에 30초 정도 데쳐 먹기 좋은 크기로 썰어주세요. tip. 낙지의 크기에 따라 익히는 시간을 가감해 주세요 Step 4 부추는 송송 썰어 간장 양념 재료에 섞어주세요. Step 5 냄비에 참기름을 두르고 쌀과 간장, 맛술을 넣어 볶다가 매생이를 넣어 섞은 후 다시마 육수를 부어 끓여주세요. tip. 밥물은 11동량을 넣거나 매생이와 낙지의 수분을 감안해서 10.9로 잡으셔도 돼요. Step 6 밥물이 끓기 시작하면 약한불로 줄여 15분정도 익힌 후, 밥이 되면 불을 끄고 낙지를 얹어 510분정도 뜸을 들여주세요. tip. 솥밥에 간장 양념을 곁들여 맛있게 즐겨주세요.","['고지방', '고염']",한식,일반
Yh5C158BwY4qkp9r5hSVobUe,두부 동그랑땡,두부 1모300g  애호박 개  양파 개  당근 개  표고버섯 2개  부침가루 3큰술  식용유 적당량  부침가루 1큰술  간장 1큰술  참기름 1작은술  소금 작은술  후춧가루 약간  부침가루 6큰술  물 컵  강황가루 두꼬집,"Step 1 양파와 당근, 표고버섯, 애호박은 블렌더에 넣은 후 잘게 다지고, 두부는 칼등으로 으깬 후 면포에 감싸 물기를 짜주세요. tip. 야채는 잘게 다져야 뭉칠 때 쉽게 뭉칠 수 있어요 Step 2 볼에 다진 야채와 두부, 양념 재료를 넣고 고루 섞어주세요. Step 3 볼에 부침 재료를 넣고 섞어 강황물을 만들어주세요. Step 4 적당한 크기로 반죽을 떼어 동그랗게 빚은 후 1cm두께로 납작하게 만들어 부침가루를 묻히고 강황물을 고루 입혀주세요. Step 5 달군 팬에 기름을 넉넉히 두르고 두부 동그랑땡을 올린 후 중간불에서 앞 뒤로 노릇하게 부쳐주세요. tip.전의 밑면을 충분히 익히고 한번만 뒤집어 주어야 기름도 많이 흡수하지 않으면서, 전의 색감도 더 노랗고 예쁘게 나오게 돼요. Step 6 맛있게 즐겨주세요.","['고단백', '저칼로리', '고지방']",채식,채식
4CY6Z5wbsYz4rpvbuXuEwGzG,달걀지단김밥,달걀 9개 | 묵은지 ¼포기 | 판어묵 3장 | 김밥용 김 3장 | 밥 2공기 | 소금 약간 | 식용유 적당량 | 참기름 약간 | 설탕 ½큰술 | 소금 1작은술 | 맛술 1큰술 | 물 100ml | 소금 ½큰술 | 참기름 1큰술 | 통깨 약간 | 간장 ½큰술 | 맛술 ½큰술 | 올리고당 ½큰술 | 설탕 1작은술 | 후춧가루 약간,"Step 1 묵은지는 흐르는 물에 깨끗이 씻어 물기를 제거해주세요. 길이로 4등분해주세요. Step 2 판어묵은 가늘게 채썰어주세요. 달군 팬에 기름을 살짝 두른 후 어묵을 2분 정도 볶아주세요. 어묵 양념 재료를 넣어 2분 정도 볶아주세요. Step 3 볼에 달걀과 달걀 양념 재료를 넣어 섞어주세요. 달군 팬에 기름을 두른 후 달걀물을 부어 얇게 지단을 만들어주세요. 한 김 식힌 후 지단을 가늘게 채썰어주세요. Step 4 볼에 밥과 밥 양념 재료를 넣어 골고루 섞어주세요. Step 5 김발에 김을 올리고 밥을 고르게 펴주세요. 묵은지와 볶은 어묵, 채 썬 지단을 올려 김밥을 단단하게 말아주세요. Step 6 김밥을 먹기 좋은 크기로 잘라 맛있게 즐겨주세요.","['고단백', '고지방']",한식,일반
naWxZ7edMpdeg73YmjcGUmZr,뽈뽀 샐러드,자숙 문어 200g  감자 2개  그린 올리브 7개  양파 개  셀러리 줄기  파프리카 파우더 생략 가능 약간  파슬리 생략 가능 약간  올리브오일 4큰술  소금 약간  후춧가루 약간  레몬즙 큰술  화이트 발사믹 식초 1큰술,"Step 1 자숙 문어는 끓는 물에 12분간 데쳐 먹기 좋은 크기로 썰어주세요. Step 2 볼에 드레싱 재료를 넣어 섞어주세요. 썰어둔 문어에 드레싱 재료를 넣어 버무려 주세요. Step 3 깨끗이 씻은 감자는 껍질째 6등분으로 자른 후 끓는 물에 소금을 넣어 1012분간 삶아주세요. Step 4 양파와 셀러리는 잘게 썰고, 파슬리는 다져주세요. Step 5 버무려둔 문어에 삶은 감자, 올리브, 양파, 셀러리를 넣어 섞어주세요. 기호에 따라 파프리카 파우더를 뿌린 후 맛있게 즐겨주세요.",['고염'],양식,일반
uhMZkrCGwHwek4RtM5bcwKYb,우엉김밥,우엉 1줄(80g) | 당근 1/2개 | 오이 1개 | 단무지 4줄 | 달걀 3개 | 햄 4줄 | 판어묵 1장 | 맛살 2줄 | 밥 3공기 | 김밥용 김 6장 | 식용유 적당량 | 소금 약간 | 간장 3큰술 | 맛술 2큰술 | 설탕 2큰술 | 올리고당 2큰술 | 물 1/2컵 | 소금 1/2작은술 | 참기름 1큰술,"Step 1 깨끗이 씻은 우엉과 당근은 껍질을 얇게 벗겨낸 후 가늘게 채썰고, 오이와 어묵도 채썰어주세요. 맛살은 길게 반으로 잘라주세요. tip. 우엉을 식촛물에 12시간 담궈 두면 우엉의 아린맛을 제거할 수 있어요 Step 2 달군 팬에 기름을 약간 두른 후 우엉의 숨이 죽을 때까지 볶다가, 우엉조림 재료를 넣어 물기가 없을 때까지 졸여주세요. Step 3 달걀은 소금을 약간 넣고 달걀말이처럼 두툼하게 부쳐낸 후 1cm두께로 썰어주세요. Step 4 달군 팬에 기름을 두르고 당근, 어묵, 햄을 각각 볶아주세요. Step 5 볼에 밥과 밥양념 재료를 넣어 골고루 섞어주세요. Step 6 김발에 김을 올리고 밥을 고르게 편 후, 반으로 자른 김을 가운데에 깔고 준비한 재료와 우엉조림을 올려 김밥을 말아주세요. Step 7 남은 우엉조림을 반찬으로 곁들여도 좋아요.","['고단백', '저칼로리', '고지방', '고염']",한식,일반
R1bX3G9iX8C71tRoX67wzaKZ,함박스테이크,다진 쇠고기 150g  다진 돼지고기 150g  양파 1개  양송이버섯 3개  버터 1큰술  올리브유 약간  빵가루 12컵  달걀 1개  케첩 1큰술  머스터드소스 12큰술  다진마늘 1작은술  소금 12작은술  후추 약간  물 12컵  돈가스소스 3큰술  케첩 2큰술  소금 약간,"Step 1 양송이는 편으로 썰고, 양파의 반은 채를 썰고 반은 다져서 준비해주세요. Step 2 달군 팬에 약간의 올리브유를 두르고, 다진양파를 넣은 후 약간의 소금, 후추로 밑간하여 볶아 식혀주세요. Step 3 볶은 양파는 고기양념 재료와 섞어 충분히 치대고, 4등분하여 둥글게 빚고 가운데 부분을 살짝 납작하게 눌러주세요. Tip. 비닐 장갑에 기름을 묻힌 후 모양을 잡으면, 반죽이 달라 붙지 않아 모양을 매끈하게 만들 수 있어요. Step 4 달군 팬에 기름을 두른 후 중불에서 양쪽 겉면을 노릇하게 익히고, 약불에서 팬의 뚜껑을 닫고 은근히 속까지 익혀주세요. Step 5 달군 팬에 버터를 넣고, 양파채와 양송이를 넣은 후 2분간 볶다가 소스재료를 넣어 끓여주세요. Step 6 접시에 함박스테이크를 담고 소스를 올린 후 곁들임 채소를 담아주세요.기호에 따라 반숙 달걀후라이를 얹어 드셔도 맛있답니다.","['고단백', '저칼로리', '고지방', '고염']",양식,일반
2fJ3y1T1AfkkPRCzvaRbkgWE,갈비탕,갈비 800g | 무 1/8개 | 표고버섯 1개 | 대파 1대 | 마늘 5쪽 | 양파 1개 | 대파 1/2대 | 생강 1/2쪽 | 통후추 10알 | 물 1000ml | 국간장 1큰술 | 다진 마늘 1/2큰술 | 소금 약간 | 후춧가루 약간,"Step 1 갈비는 기름을 떼고 1시간 이상 찬물에 담가 핏물을 빼주세요. Tip. 갈비를 포크나 칼끝으로 찔러주고 칼집을 내주면 맛이 잘 우러나며 질긴 것을 방지할 수 있어요. Step 2 무는 나박하게 34cm 크기로 썰고 표고버섯은 1cm 두께로 슬라이스해주세요. 대파는 4cm 길이로 썰어주세요. 생강은 껍질을 벗겨주세요. Step 3 냄비에 갈비와 국물 재료를 넣고 물을 넉넉히 부어 1시간 이상 푹 끓여주세요. Step 4 국물 재료와 기름을 건져낸 후 썰은 무와 표고버섯, 대파를 넣어 5분 이상 끓여주세요. Tip. 체에 면보를 깔고 육수를 걸러내면 기름도 제거되고 깔끔한 국물을 맛보실 수 있어요. Step 5 무가 익으면 양념 재료를 넣어 5분 정도 끓여 완성해주세요. Step 6 맛있게 즐겨주세요.","['저칼로리', '고지방']",한식,일반
MDY14RbnL6aRdHVpAADPsKRP,마파두부 덮밥,현미밥 2공기  찌개용 두부 1모 300g  느타리버섯 한 줌 80g  양파 개  홍고추 1개  청고추 1개  대파 대  실파 1줄기  다진 마늘 1큰술  고춧가루 2큰술  식용유 컵  채수 1컵  참기름 큰술  맛술 2큰술  두반장 쌈장으로 대체 가능 1큰술  간장 1큰술  설탕 큰술  생강가루 작은술  소금 약간  후춧가루 약간  전분가루 1작은술  물 3큰술,"Step 1 두부는 가로 세로 2cm 크기로 잘라주세요. Step 2 버섯과 양파는 굵게 다지고, 대파, 고추, 실파는 송송 썰어주세요. Step 3 달군 팬에 식용유를 넉넉히 두르고 대파와 마늘을 넣어 볶다가 고춧가루를 넣고 중약불에서 볶아주세요. Step 4 양파, 버섯, 고추를 넣고 볶다가 양념 재료를 넣어주세요. Step 5 채수와 두부를 넣어 한소끔 끓인 후 녹말 물을 조금씩 넣어 농도를 맞춰 주세요. 불을 끄고 참기름을 둘러주세요. Step 6 접시에 현미밥과 마파두부를 담고 송송 썬 실파와 통깨를 얹어 맛있게 즐겨주세요.","['고단백', '저칼로리', '고지방']",채식,채식
9XptEkGuaxeKqU5zK1H9sh5b,김국,김 6장 | 대파 ¼대 | 다진마늘 ⅓큰술 | 진간장 1큰술 | 물 4컵 | 건새우 10개 | 소금 약간 | 참기름 약간,"Step 1 살짝 구운 김은 굵게 부수고, 대파는 송송 썰어서 준비해 주세요. Step 2 냄비에 물 4컵과 건새우를 넣고 물이 끓어오르면 김, 대파, 다진마늘, 진간장을 넣어 김이 풀어질 때까지 끓여주세요. Step 3 완성 소금으로 간을 맞춘 후 불을 끄고 참기름을 약간 넣어 완성해 주세요. Tip. 김을 구워서 끓여야 더 고소하고 비릿한 맛도 줄어든답니다. 취향에 따라 달걀을 넣어서 별미로 즐길 수도 있고, 김의 향을 더욱 살리고 싶다면 김을 요리 마지막에 넣고 끓여주시면 좋아요","['고단백', '고지방', '고염']",한식,일반
Ryiby9HfNTp1wN6Fi8JYfU47,쇠고기산적꼬치,쇠고기 등심 200g | 파 1대 | 새송이버섯 2개 | 나무꼬치 4개 | 잣가루(생략가능) 약간 | 식용유 적당량 | 간장 1큰술 | 배즙 3큰술 | 미림 1/2작은술 | 참기름 약간 | 후춧가루 약간,"Step 1 쇠고기는 키친타월로 핏물을 제거한 후 두께 2cm, 길이 7cm로 잘라주세요. 고기는 구우면서 크기가 줄어들기 때문에 다른 재료들보다 좀 더 길게 잘라주세요 Step 2 자른 쇠고기에 쇠고기 양념재료를 넣어 밑간을 해주세요. Step 3 파는 두꺼운 파만 길게 반으로 가른 후 6cm길이로 자르고, 새송이는 밑동을 잘라 이등분 한 후 파와 같은 두께로 잘라주세요. Step 4 달군 팬에 기름을 두른 후, 밑간한 쇠고기를 볶아주세요. 고기를 미리 익히지 않고 꼬치에 끼워 굽게되면 다른 재료들이 타버릴 수 있어서, 고기를 먼저 볶아주는 게 좋아요 Step 5 나무꼬치에 새송이쇠고기파새송이쇠고기파쇠고기 순으로 꽂아주세요. Step 6 달군팬에 기름을 두르고, 쇠고기 산적 꼬치를 중약불에서 앞뒤로 익혀주세요. Step 7 알맞은 그릇에 담고, 잣가루를 뿌려 완성해주세요.",['고지방'],한식,일반
p9DQF4cEGaUV9rxmXjkSgkVu,장어덮밥,장어 2마리  밥 2공기  생강마늘 1쪽 크기 1쪽  실파 2대  와사비 약간  청주 2큰술  소금 한꼬집  후춧가루 약간  간장 4큰술  맛술 4큰술  물엿 2큰술  설탕 1큰술  물 14컵  양파 14개  대파 12대  통마늘 3쪽  통후추 5알,"Step 1 손질한 장어는 껍질의 미끄러운 부분을 칼등으로 긁어낸 후 찬물에 씻고 키친타월로 물기를 닦은 후 장어밑간재료에 10분 정도 재워주세요. 밑간한 장어를 김 오른 찜통에서 35분 정도 쪄주세요. 장어의 두께에 따라 찌는 시간을 조절해주세요. Step 2 달군 팬에 야채를 태우듯 굽고, 냄비에 구운 야채와 간장소스 재료를 넣은 후 끓으면 불을 중약불로 줄여 15분 정도 끓여 체에 걸러주세요. Step 3 생강은 곱게 채를 썬 후 찬물에 5분 정도 담갔다가 물기를 빼주세요. 실파는 송송 썰어주세요. Step 4 팬에 장어를 넣고 간장소스를 발라가며 구운 후 한 입 크기로 썰어주세요. 팬에 장어의 껍질쪽을 먼저 올려 구워주세요. Step 5 그릇에 밥을 담고 간장소스 12큰술과 구운장어, 생강채를 올린 후 실파를 뿌려주세요. 와사비를 곁들여 드셔도 맛있어요.","['저칼로리', '고염']",일식,일반
Xek3ZgucJFRLhJox2cTNyMGe,만능 땡초장,청양고추 40개 | 홍고추 4개 | 양파 1개 | 다진 마늘 2큰술 | 식용유 1큰술 | 멸치 다시마 육수 3컵 | 참치 액젓 5큰술 | 국간장 5큰술 | 참기름 2큰술 | 통깨 2큰술,"Step 1 깨끗이 씻은 고추는 꼭지를 제거하고 잘게 다져주세요. 양파도 다져주세요. tip. 많은 양을 손질할 때는 장갑을 착용해 주세요 Step 2 팬에 기름을 약간 두른 후 다진 마늘과 양파를 넣어 볶아주세요. Step 3 마늘향이 올라오면 다진 고추를 넣어 볶다가 양념 재료를 넣고 자작하게 끓여주세요. Step 4 완성된 땡초장은 밥이나 국수 등에 곁들여 맛있게즐겨주세요. tip. 구운 김에 싸 먹거나 호박잎, 양배추 등 쌈 채소에 곁들여도 맛있답니다. tip. 한 김 식혀 밀폐 용기에 담아 보관해 주세요. 냉장고에서 한 달 정도 보관이 가능해요","['저칼로리', '고지방']",한식,일반
fvPMahtuLrZETZGoae3krpDk,프로틴 바,"프로틴 가루 초콜릿 맛 2컵  아몬드 가루 생략 가능 컵  구운 호두 컵  마카다미아 컵  오트밀 컵  꿀 또는 올리고당, 알룰로스로 대체 가능 2큰술  코코넛 오일 아보카도 오일, 카놀라유로 대체 가능 50g  물 3큰술  소금 약간","Step 1 구운 호두와 마카다미아를 굵게 다져주세요. 기호에 따라 햄프씨드, 카카오닙스, 오트밀, 그래놀라 등의 재료를 넣어 만드셔도 돼요 Step 2 볼에 프로틴 가루와 아몬드 가루, 견과류, 오트밀, 소금을 넣은 후 꿀과 오일을 조금씩 부어가며 섞어주세요. 물을 넣어 뭉쳐주세요. 손으로 뭉쳐보았을 때 잘 뭉쳐질 때까지의 농도로 맞춰주세요 코코넛 오일은 전자레인지에 돌려 녹여 사용해주세요 Step 3 종이호일을 깐 틀에 넣어 반죽을 적당한 두께로 펼쳐주세요. 냉동실에 넣어 1시간 정도 굳혀주세요. 틀에 넣지 않고 손으로 뭉쳐 바로 드셔도 좋답니다 Step 4 적당한 크기로 잘라 건강하게 즐겨주세요.","['고지방', '고염', '고당']",다이어트,다이어트
byrEgVZnVasfVkjRbQ9SGPTG,돼지안심 스테이크,"돼지고기 안심 1덩이300g  올리브오일 1큰술  버터 2큰술  타임 3줄기  마늘 3톨  소금 12큰술  후춧가루 약간  오렌지 1개  적양파 12개  파프리카 노랑, 빨강 각 12개  청양고추 1개  파슬리 약간  꿀 1큰술  소금 약간  라임즙 1개 분량","Step 1 돼지 안심은 근막을 제거하고 굵기가 다른 양 옆을 잘라내주세요. 소금, 후추로 밑간한 후 랩으로 단단하게 말아 실온에서 30분 정도 냉기를 빼주세요. tip. 남은 고기는 다양한 요리에 활용해 보세요 Step 2 가니쉬용 오렌지는 껍질을 벗겨 제스트를 내어 채를 썰고 속살만 도려내주세요. 양파, 파프리카, 고추, 파슬리는 다져주세요. 손질한 채소와 나머지 재료를 섞어 차갑게 준비해 주세요. Step 3 팬에 올리브오일을 두르고 9단에서 1분간 예열해 주세요. Step 4 손질해 둔 돼지고기 안심을 올려 3단에서 1분씩 총 4분간 돌려가며 구워주세요. Step 5 단에서 1분씩 총 4분간 돌려가며 한번 더 구워주세요. Step 6 으깬 마늘과 허브, 버터를 넣고 5단에서 4분간 버터를 끼얹어가며 구워주세요. Step 7 불을 끄고 팬에 포일을 덮어 10분간 레스팅 시켜주세요. Step 8 구운 고기는 1cm 두께로 썰어주세요. Step 9 접시에 먹기 좋게 썬 안심과 가니쉬를 올려 맛있게 즐겨주세요.","['고단백', '저칼로리', '고지방', '고염']",다이어트,다이어트
VVdwpiyCfAeJqyuhPKkU9x2z,연어 브루스케타,훈제연어 슬라이스 180g  바게트 개  메이플시럽 컵  딜 생략 가능 약간  크림치즈 3큰술  레몬즙 1큰술  메이플시럽 큰술  후추 약간,Step 1 훈제연어 슬라이스는 반으로 자르고 볼에 스프레드 재료를 넣고 섞어주세요. Step 2 바게트는 슬라이스하여 앞뒤로 바삭하게 토스트 해주세요. tip.바게트 위에 종이호일을 깔고 무거운 무쇠 팬을 올려주면 그릴 자국을 쉽게 낼 수 있어요 Step 3 바게트 위에 크림치즈 딥을 바르고 훈제연어를 올린 후 딜과 후춧가루를 뿌려주세요. 먹기 직전에 메이플시럽을 먹기 좋게 뿌려주세요. 기호에 따라 케이퍼 또는 양파 등을 추가해도 맛있답니다,"['고단백', '고지방', '고당']",양식,일반
